GPS Latitude,GPS Longitude,GPS Altitude,GPS Speed,GPS Accuracy,GPS Orientation,GPS Satellites In Range,Time Since Start,Date,Accelerometer X,Accelerometer Y,Accelerometer Z,Gravity X,Gravity Y,Gravity Z,Gyroscope (Yaw),Gyroscope (Pitch),Gyroscope (Roll),Magnetic Field X,Magnetic Field Y,Magnetic Field Z,Orientation (Yaw),Orientation (Roll),Orientation (Pitch)
52.40681,-1.519685,110.0,52.18871382102763,3.0,45.0,12,0,2026-09-25 10:30:00.000,0.02808028152279242,0.03914309652893011,9.88016026865279,0.0,0.0,9.81,0.005,0.0,0.0,20.0,-15.0,40.0,45.0,0.0,0.0
52.40682,-1.5196699999999999,110.0,52.04127595747078,3.0,45.0,12,100,2026-09-25 10:30:00.000,0.0779236837107392,0.30332900484435066,9.51710702133879,0.0,0.0,9.81,0.005,0.0,0.0,20.0,-15.0,40.0,45.0,0.0,0.0
52.40683000000001,-1.5196549999999998,110.0,51.76775156608619,3.0,45.0,12,200,2026-09-25 10:30:00.000,0.288354814854288,0.3211256235238195,10.081443457838107,0.0,0.0,9.81,0.005,0.0,0.0,20.0,-15.0,40.0,45.0,0.0,0.0
52.40684000000001,-1.5196399999999997,110.0,52.7880842126707,3.0,45.0,12,300,2026-09-25 10:30:00.000,-0.19171365484988956,-0.10479829788026881,9.857967101758007,0.0,0.0,9.81,0.005,0.0,0.0,20.0,-15.0,40.0,45.0,0.0,0.0
52.40685000000001,-1.5196249999999996,110.0,52.723275427448606,3.0,45.0,12,400,2026-09-25 10:30:00.000,0.08295760865390356,-0.13679792647632288,9.677602498678043,0.0,0.0,9.81,0.005,0.0,0.0,20.0,-15.0,40.0,45.0,0.0,0.0
52.406860000000016,-1.5196099999999995,110.0,51.28174753421256,3.0,45.0,12,500,2026-09-25 10:30:00.000,0.036127009867321945,0.24469329247601554,9.719979214340505,0.0,0.0,9.81,0.005,0.0,0.0,20.0,-15.0,40.0,45.0,0.0,0.0
52.40687000000002,-1.5195949999999994,110.0,52.282521579999916,3.0,45.0,12,600,2026-09-25 10:30:00.000,-0.18326508529282248,0.3392964984545333,9.530572942142703,0.0,0.0,9.81,0.005,0.0,0.0,20.0,-15.0,40.0,45.0,0.0,0.0
52.40688000000002,-1.5195799999999993,110.0,52.29184142412613,3.0,45.0,12,700,2026-09-25 10:30:00.000,-0.004589313166120373,0.5310210106257864,10.020162880186088,0.0,0.0,9.81,0.005,0.0,0.0,20.0,-15.0,40.0,45.0,0.0,0.0
52.406890000000026,-1.5195649999999992,110.0,52.26772478887335,3.0,45.0,12,800,2026-09-25 10:30:00.000,-0.42741851191773605,0.46049226028732393,9.638264025018152,0.0,0.0,9.81,0.005,0.0,0.0,20.0,-15.0,40.0,45.0,0.0,0.0
52.40690000000003,-1.519549999999999,110.0,53.80082396260401,3.0,45.0,12,900,2026-09-25 10:30:00.000,0.1051864245576132,-0.005453597028089535,9.449113475247492,0.0,0.0,9.81,0.005,0.0,0.0,20.0,-15.0,40.0,45.0,0.0,0.0
52.40691000000003,-1.519534999999999,110.0,51.605597277345844,3.0,45.0,12,1000,2026-09-25 10:30:00.000,-0.06273530792211501,0.8500383561886047,9.749054614886743,0.0,0.0,9.81,0.005,0.0,0.0,20.0,-15.0,40.0,45.0,0.0,0.0
52.406920000000035,-1.5195199999999989,110.0,52.290368204147086,3.0,45.0,12,1100,2026-09-25 10:30:00.000,0.3926903590431744,0.24404889322936973,9.852425370838288,0.0,0.0,9.81,0.005,0.0,0.0,20.0,-15.0,40.0,45.0,0.0,0.0
52.40693000000004,-1.5195049999999988,110.0,52.29403922328702,3.0,45.0,12,1200,2026-09-25 10:30:00.000,-0.07339301074027056,-0.02528145370947757,9.9185042946042,0.0,0.0,9.81,0.005,0.0,0.0,20.0,-15.0,40.0,45.0,0.0,0.0
52.40694000000004,-1.5194899999999987,110.0,52.166735261821934,3.0,45.0,12,1300,2026-09-25 10:30:00.000,0.3459787818517386,0.05483135169555609,9.930540139934125,0.0,0.0,9.81,0.005,0.0,0.0,20.0,-15.0,40.0,45.0,0.0,0.0
52.406950000000045,-1.5194749999999986,110.0,51.5379008693689,3.0,45.0,12,1400,2026-09-25 10:30:00.000,0.06088789025837058,0.22087330931805899,9.6769939521876,0.0,0.0,9.81,0.005,0.0,0.0,20.0,-15.0,40.0,45.0,0.0,0.0
52.40696000000005,-1.5194599999999985,110.0,53.41614651652333,3.0,45.0,12,1500,2026-09-25 10:30:00.000,0.02470326127962856,0.28480243048747467,9.841956059569952,0.0,0.0,9.81,0.005,0.0,0.0,20.0,-15.0,40.0,45.0,0.0,0.0
52.40697000000005,-1.5194449999999984,110.0,52.03375014951735,3.0,45.0,12,1600,2026-09-25 10:30:00.000,0.02040375107664942,0.16520221247049674,9.708768358670133,0.0,0.0,9.81,0.005,0.0,0.0,20.0,-15.0,40.0,45.0,0.0,0.0
52.406980000000054,-1.5194299999999983,110.0,52.3827217823219,3.0,45.0,12,1700,2026-09-25 10:30:00.000,0.11202940461192153,-0.26608517582364755,10.103981204775833,0.0,0.0,9.81,0.005,0.0,0.0,20.0,-15.0,40.0,45.0,0.0,0.0
52.40699000000006,-1.5194149999999982,110.0,52.18481717121082,3.0,45.0,12,1800,2026-09-25 10:30:00.000,0.24821421739707003,-0.029457672039516436,10.130472163144823,0.0,0.0,9.81,0.005,0.0,0.0,20.0,-15.0,40.0,45.0,0.0,0.0
52.40700000000006,-1.519399999999998,110.0,52.19329393496119,3.0,45.0,12,1900,2026-09-25 10:30:00.000,-0.036587250085355454,0.2524232620245178,9.669148281896398,0.0,0.0,9.81,0.005,0.0,0.0,20.0,-15.0,40.0,45.0,0.0,0.0
52.407010000000064,-1.519384999999998,110.0,53.20889608999271,3.0,45.0,12,2000,2026-09-25 10:30:00.000,0.21073035869626222,0.04424598842334196,9.929654180142348,0.0,0.0,9.81,0.005,0.0,0.0,20.0,-15.0,40.0,45.0,0.0,0.0
52.40702000000007,-1.5193699999999979,110.0,51.84284797419514,3.0,45.0,12,2100,2026-09-25 10:30:00.000,0.08053063934262016,-0.18266536689281201,9.66546386172751,0.0,0.0,9.81,0.005,0.0,0.0,20.0,-15.0,40.0,45.0,0.0,0.0
52.40703000000007,-1.5193549999999978,110.0,51.525440236626544,3.0,45.0,12,2200,2026-09-25 10:30:00.000,-0.1189119658338367,0.01743599184544803,9.899775863321683,0.0,0.0,9.81,0.005,0.0,0.0,20.0,-15.0,40.0,45.0,0.0,0.0
52.40704000000007,-1.5193399999999977,110.0,51.898936166500654,3.0,45.0,12,2300,2026-09-25 10:30:00.000,-0.06440504020545422,0.17162058146158432,9.714367064089052,0.0,0.0,9.81,0.005,0.0,0.0,20.0,-15.0,40.0,45.0,0.0,0.0
52.407050000000076,-1.5193249999999976,110.0,52.07038210347123,3.0,45.0,12,2400,2026-09-25 10:30:00.000,-0.0713204499790792,0.16797078468246912,9.760620135247542,0.0,0.0,9.81,0.005,0.0,0.0,20.0,-15.0,40.0,45.0,0.0,0.0
52.40706000000008,-1.5193099999999975,110.0,52.52040917231898,3.0,45.0,12,2500,2026-09-25 10:30:00.000,0.3614036927446378,0.1512546948163975,9.737262888948566,0.0,0.0,9.81,0.005,0.0,0.0,20.0,-15.0,40.0,45.0,0.0,0.0
52.40707000000008,-1.5192949999999974,110.0,52.29081755227737,3.0,45.0,12,2600,2026-09-25 10:30:00.000,0.36328360122385406,-0.14382978839067712,10.020182583201928,0.0,0.0,9.81,0.005,0.0,0.0,20.0,-15.0,40.0,45.0,0.0,0.0
52.407080000000086,-1.5192799999999973,110.0,52.385692545073475,3.0,45.0,12,2700,2026-09-25 10:30:00.000,0.07017159563878822,-0.1560095083452889,9.629582548383928,0.0,0.0,9.81,0.005,0.0,0.0,20.0,-15.0,40.0,45.0,0.0,0.0
52.40709000000009,-1.5192649999999972,110.0,53.03247480445749,3.0,45.0,12,2800,2026-09-25 10:30:00.000,0.05842348301893272,0.22546758582649026,10.14013765524858,0.0,0.0,9.81,0.005,0.0,0.0,20.0,-15.0,40.0,45.0,0.0,0.0
52.40710000000009,-1.519249999999997,110.0,52.39532825403777,3.0,45.0,12,2900,2026-09-25 10:30:00.000,-0.4755727520751676,-0.3429310549467325,9.780360928085923,0.0,0.0,9.81,0.005,0.0,0.0,20.0,-15.0,40.0,45.0,0.0,0.0
52.407110000000095,-1.519234999999997,110.0,51.98955990074406,3.0,45.0,12,3000,2026-09-25 10:30:00.000,0.00482027201827986,-0.038958409125160826,9.750941253480388,0.0,0.0,9.81,0.005,0.0,0.0,20.0,-15.0,40.0,45.0,0.0,0.0
52.4071200000001,-1.519219999999997,110.0,52.17063899306388,3.0,45.0,12,3100,2026-09-25 10:30:00.000,-0.01657380858228426,0.12358126168133705,9.926916356930837,0.0,0.0,9.81,0.005,0.0,0.0,20.0,-15.0,40.0,45.0,0.0,0.0
52.4071300000001,-1.5192049999999968,110.0,51.48621420832646,3.0,45.0,12,3200,2026-09-25 10:30:00.000,0.10915631669005524,0.1966350662980732,9.689914331332835,0.0,0.0,9.81,0.005,0.0,0.0,20.0,-15.0,40.0,45.0,0.0,0.0
52.407140000000105,-1.5191899999999967,110.0,52.13761431074341,3.0,45.0,12,3300,2026-09-25 10:30:00.000,-0.11162858825559488,-0.005379458424396466,9.45747033859239,0.0,0.0,9.81,0.005,0.0,0.0,20.0,-15.0,40.0,45.0,0.0,0.0
52.40715000000011,-1.5191749999999966,110.0,51.9374621013044,3.0,45.0,12,3400,2026-09-25 10:30:00.000,-0.3261712040942267,0.30514517052688633,9.70748647083804,0.0,0.0,9.81,0.005,0.0,0.0,20.0,-15.0,40.0,45.0,0.0,0.0
52.40716000000011,-1.5191599999999965,110.0,52.78145239616733,3.0,45.0,12,3500,2026-09-25 10:30:00.000,-0.37846351423281266,-0.20785441111880212,9.972848036592017,0.0,0.0,9.81,0.005,0.0,0.0,20.0,-15.0,40.0,45.0,0.0,0.0
52.407170000000114,-1.5191449999999964,110.0,52.17102908421635,3.0,45.0,12,3600,2026-09-25 10:30:00.000,-0.08333361489257887,0.3107189241687185,9.822360570427582,0.0,0.0,9.81,0.005,0.0,0.0,20.0,-15.0,40.0,45.0,0.0,0.0
52.40718000000012,-1.5191299999999963,110.0,52.11597967380132,3.0,45.0,12,3700,2026-09-25 10:30:00.000,-0.2064689747882914,-0.023592557673535353,9.937664395219297,0.0,0.0,9.81,0.005,0.0,0.0,20.0,-15.0,40.0,45.0,0.0,0.0
52.40719000000012,-1.5191149999999962,110.0,52.56709566142753,3.0,45.0,12,3800,2026-09-25 10:30:00.000,0.09148411578925031,-0.3939080744857899,9.74095628555716,0.0,0.0,9.81,0.005,0.0,0.0,20.0,-15.0,40.0,45.0,0.0,0.0
52.407200000000124,-1.5190999999999961,110.0,51.98449563457648,3.0,45.0,12,3900,2026-09-25 10:30:00.000,-0.044888723932640574,-0.4600675378653005,9.68670935242153,0.0,0.0,9.81,0.005,0.0,0.0,20.0,-15.0,40.0,45.0,0.0,0.0
52.40721000000013,-1.519084999999996,110.0,51.726514270897944,3.0,45.0,12,4000,2026-09-25 10:30:00.000,-0.46393700809524907,0.3264415351968001,9.490218660374943,0.0,0.0,9.81,0.005,0.0,0.0,20.0,-15.0,40.0,45.0,0.0,0.0
52.40722000000013,-1.519069999999996,110.0,51.66578560897411,3.0,45.0,12,4100,2026-09-25 10:30:00.000,0.20586432537312505,-0.620139935133617,9.747559782917106,0.0,0.0,9.81,0.005,0.0,0.0,20.0,-15.0,40.0,45.0,0.0,0.0
52.40723000000013,-1.5190549999999958,110.0,51.827859156013844,3.0,45.0,12,4200,2026-09-25 10:30:00.000,0.027966115103199074,0.4815712781144563,9.734369439701243,0.0,0.0,9.81,0.005,0.0,0.0,20.0,-15.0,40.0,45.0,0.0,0.0
52.40724000000014,-1.5190399999999957,110.0,51.917221732942984,3.0,45.0,12,4300,2026-09-25 10:30:00.000,0.2094424813312585,0.10839156848283102,9.779073730781834,0.0,0.0,9.81,0.005,0.0,0.0,20.0,-15.0,40.0,45.0,0.0,0.0
52.40725000000014,-1.5190249999999956,110.0,53.09082604976889,3.0,45.0,12,4400,2026-09-25 10:30:00.000,-0.16037300348499556,0.052188466861912954,10.08768317919081,0.0,0.0,9.81,0.005,0.0,0.0,20.0,-15.0,40.0,45.0,0.0,0.0
52.40726000000014,-1.5190099999999955,110.0,52.34786181325715,3.0,45.0,12,4500,2026-09-25 10:30:00.000,-0.09637058753596933,0.2662611876564711,9.970675726688269,0.0,0.0,9.81,0.005,0.0,0.0,20.0,-15.0,40.0,45.0,0.0,0.0
52.407270000000146,-1.5189949999999954,110.0,52.62675294082039,3.0,45.0,12,4600,2026-09-25 10:30:00.000,-0.0757516972591238,0.25606778796126994,9.937944428396706,0.0,0.0,9.81,0.005,0.0,0.0,20.0,-15.0,40.0,45.0,0.0,0.0
52.40728000000015,-1.5189799999999953,110.0,51.827796793853324,3.0,45.0,12,4700,2026-09-25 10:30:00.000,0.3465467893968337,0.1727433121805098,9.700385340221379,0.0,0.0,9.81,0.005,0.0,0.0,20.0,-15.0,40.0,45.0,0.0,0.0
52.40729000000015,-1.5189649999999952,110.0,52.51801486304604,3.0,45.0,12,4800,2026-09-25 10:30:00.000,-0.17536408048743174,-0.2708410501102767,9.83474806477103,0.0,0.0,9.81,0.005,0.0,0.0,20.0,-15.0,40.0,45.0,0.0,0.0
52.407300000000156,-1.5189499999999951,110.0,52.38835543393947,3.0,45.0,12,4900,2026-09-25 10:30:00.000,-0.2861172955402844,0.003023502891743135,9.990409005794293,0.0,0.0,9.81,0.005,0.0,0.0,20.0,-15.0,40.0,45.0,0.0,0.0
52.40731000000016,-1.518934999999995,110.0,51.59727231910445,3.0,45.0,12,5000,2026-09-25 10:30:00.000,0.26964105572361236,-0.30323700057847813,10.148429944470262,0.0,0.0,9.81,0.005,0.0,0.0,20.0,-15.0,40.0,45.0,0.0,0.0
52.40732000000016,-1.518919999999995,110.0,52.51499161021375,3.0,45.0,12,5100,2026-09-25 10:30:00.000,0.23276510507150358,-0.644689415161036,9.852251027226504,0.0,0.0,9.81,0.005,0.0,0.0,20.0,-15.0,40.0,45.0,0.0,0.0
52.407330000000165,-1.5189049999999948,110.0,53.03135696513211,3.0,45.0,12,5200,2026-09-25 10:30:00.000,0.28718401448694875,-0.16407738988392198,10.115199801874917,0.0,0.0,9.81,0.005,0.0,0.0,20.0,-15.0,40.0,45.0,0.0,0.0
52.40734000000017,-1.5188899999999947,110.0,51.941013010298406,3.0,45.0,12,5300,2026-09-25 10:30:00.000,0.24750444003605862,0.34620974998259113,9.748021330194632,0.0,0.0,9.81,0.005,0.0,0.0,20.0,-15.0,40.0,45.0,0.0,0.0
52.40735000000017,-1.5188749999999946,110.0,51.82318612389586,3.0,45.0,12,5400,2026-09-25 10:30:00.000,0.01883536102629027,-0.1906562293850151,10.014925735304809,0.0,0.0,9.81,0.005,0.0,0.0,20.0,-15.0,40.0,45.0,0.0,0.0
52.407360000000175,-1.5188599999999945,110.0,51.95602341348995,3.0,45.0,12,5500,2026-09-25 10:30:00.000,-0.2807396519770617,0.19598867881958756,9.680318906171424,0.0,0.0,9.81,0.005,0.0,0.0,20.0,-15.0,40.0,45.0,0.0,0.0
52.40737000000018,-1.5188449999999944,110.0,51.88536761764212,3.0,45.0,12,5600,2026-09-25 10:30:00.000,0.10344528601184654,0.4333698427488657,9.891021703961314,0.0,0.0,9.81,0.005,0.0,0.0,20.0,-15.0,40.0,45.0,0.0,0.0
52.40738000000018,-1.5188299999999944,110.0,52.36477888414712,3.0,45.0,12,5700,2026-09-25 10:30:00.000,0.14130427144087318,0.10436338140911863,9.696208390494814,0.0,0.0,9.81,0.005,0.0,0.0,20.0,-15.0,40.0,45.0,0.0,0.0
52.407390000000184,-1.5188149999999943,110.0,52.27720976909207,3.0,45.0,12,5800,2026-09-25 10:30:00.000,0.04435907731941479,0.3570880601730618,10.044237809768369,0.0,0.0,9.81,0.005,0.0,0.0,20.0,-15.0,40.0,45.0,0.0,0.0
52.40740000000019,-1.5187999999999942,110.0,51.7685189304441,3.0,45.0,12,5900,2026-09-25 10:30:00.000,0.08526381887734877,0.23153401764231102,9.897067177034135,0.0,0.0,9.81,0.005,0.0,0.0,20.0,-15.0,40.0,45.0,0.0,0.0
52.40741000000019,-1.518784999999994,110.0,52.10905830640116,3.0,45.0,12,6000,2026-09-25 10:30:00.000,0.06522513776607476,0.2030750596057035,9.973009836360008,0.0,0.0,9.81,0.005,0.0,0.0,20.0,-15.0,40.0,45.0,0.0,0.0
52.407420000000194,-1.518769999999994,110.0,52.06096912349646,3.0,45.0,12,6100,2026-09-25 10:30:00.000,0.3148336192958902,0.19189940501861924,9.995058027635173,0.0,0.0,9.81,0.005,0.0,0.0,20.0,-15.0,40.0,45.0,0.0,0.0
52.4074300000002,-1.5187549999999939,110.0,53.56311469260156,3.0,45.0,12,6200,2026-09-25 10:30:00.000,-0.16768822274411735,0.6139510915070088,9.430478772232387,0.0,0.0,9.81,0.005,0.0,0.0,20.0,-15.0,40.0,45.0,0.0,0.0
52.4074400000002,-1.5187399999999938,110.0,52.62026030184923,3.0,45.0,12,6300,2026-09-25 10:30:00.000,-0.0116733188358021,-0.24565969092913734,9.654027553723315,0.0,0.0,9.81,0.005,0.0,0.0,20.0,-15.0,40.0,45.0,0.0,0.0
52.4074500000002,-1.5187249999999937,110.0,51.96052418916489,3.0,45.0,12,6400,2026-09-25 10:30:00.000,-0.07421454284520272,0.26816116930685174,9.734707864278288,0.0,0.0,9.81,0.005,0.0,0.0,20.0,-15.0,40.0,45.0,0.0,0.0
52.407460000000206,-1.5187099999999936,110.0,52.44290417794665,3.0,45.0,12,6500,2026-09-25 10:30:00.000,0.008545214161803176,0.593366219189749,9.616299916320378,0.0,0.0,9.81,0.005,0.0,0.0,20.0,-15.0,40.0,45.0,0.0,0.0
52.40747000000021,-1.5186949999999935,110.0,52.13708614721944,3.0,45.0,12,6600,2026-09-25 10:30:00.000,-0.20240081762392503,-0.5816605624128119,9.90527147310992,0.0,0.0,9.81,0.005,0.0,0.0,20.0,-15.0,40.0,45.0,0.0,0.0
52.40748000000021,-1.5186799999999934,110.0,51.995694175205536,3.0,45.0,12,6700,2026-09-25 10:30:00.000,-0.2142294526721624,0.21557985167379534,9.279648066797623,0.0,0.0,9.81,0.005,0.0,0.0,20.0,-15.0,40.0,45.0,0.0,0.0
52.407490000000216,-1.5186649999999933,110.0,51.878208481042606,3.0,45.0,12,6800,2026-09-25 10:30:00.000,-0.052211312086855845,-0.08825716146232154,9.436748034576315,0.0,0.0,9.81,0.005,0.0,0.0,20.0,-15.0,40.0,45.0,0.0,0.0
52.40750000000022,-1.5186499999999932,110.0,51.99384019201323,3.0,45.0,12,6900,2026-09-25 10:30:00.000,0.22278589582953578,0.21949378750155094,10.178657388649585,0.0,0.0,9.81,0.005,0.0,0.0,20.0,-15.0,40.0,45.0,0.0,0.0
52.40751000000022,-1.518634999999993,110.0,52.43172901479328,3.0,45.0,12,7000,2026-09-25 10:30:00.000,-0.03730825349600119,-0.07717079397275364,10.050364399810997,0.0,0.0,9.81,0.005,0.0,0.0,20.0,-15.0,40.0,45.0,0.0,0.0
52.407520000000225,-1.518619999999993,110.0,52.44357360862499,3.0,45.0,12,7100,2026-09-25 10:30:00.000,-0.16103114659192264,-0.41708309182910974,9.80901420007468,0.0,0.0,9.81,0.005,0.0,0.0,20.0,-15.0,40.0,45.0,0.0,0.0
52.40753000000023,-1.5186049999999929,110.0,52.68549792768876,3.0,45.0,12,7200,2026-09-25 10:30:00.000,-0.3246129607853817,0.14476290304165867,10.028950870469828,0.0,0.0,9.81,0.005,0.0,0.0,20.0,-15.0,40.0,45.0,0.0,0.0
52.40754000000023,-1.5185899999999928,110.0,51.96058131416038,3.0,45.0,12,7300,2026-09-25 10:30:00.000,0.09068863821239768,0.36107514841238264,9.77015973040175,0.0,0.0,9.81,0.005,0.0,0.0,20.0,-15.0,40.0,45.0,0.0,0.0
52.407550000000235,-1.5185749999999927,110.0,52.16227591358732,3.0,45.0,12,7400,2026-09-25 10:30:00.000,-0.16947928572304602,-0.508017941664641,9.865586348204097,0.0,0.0,9.81,0.005,0.0,0.0,20.0,-15.0,40.0,45.0,0.0,0.0
52.40756000000024,-1.5185599999999926,110.0,52.17127361204544,3.0,45.0,12,7500,2026-09-25 10:30:00.000,0.33713371039814377,0.06937409874892957,9.902093728557015,0.0,0.0,9.81,0.005,0.0,0.0,20.0,-15.0,40.0,45.0,0.0,0.0
52.40757000000024,-1.5185449999999925,110.0,52.77225441973521,3.0,45.0,12,7600,2026-09-25 10:30:00.000,0.4303323698241931,-0.26430552222921244,9.98220216661123,0.0,0.0,9.81,0.005,0.0,0.0,20.0,-15.0,40.0,45.0,0.0,0.0
52.407580000000245,-1.5185299999999924,110.0,52.49769472515948,3.0,45.0,12,7700,2026-09-25 10:30:00.000,0.040982609384200334,0.018073578276582125,9.751680570895278,0.0,0.0,9.81,0.005,0.0,0.0,20.0,-15.0,40.0,45.0,0.0,0.0
52.40759000000025,-1.5185149999999923,110.0,51.5362343992238,3.0,45.0,12,7800,2026-09-25 10:30:00.000,0.2354101673328487,-0.04241639233300476,9.933149802400896,0.0,0.0,9.81,0.005,0.0,0.0,20.0,-15.0,40.0,45.0,0.0,0.0
52.40760000000025,-1.5184999999999922,110.0,52.33584001225732,3.0,45.0,12,7900,2026-09-25 10:30:00.000,-0.17043360911097985,0.33219097287788124,9.878103828207651,0.0,0.0,9.81,0.005,0.0,0.0,20.0,-15.0,40.0,45.0,0.0,0.0
52.407610000000254,-1.518484999999992,110.0,51.5878422357535,3.0,45.0,12,8000,2026-09-25 10:30:00.000,-0.5196229755026449,0.043370699798754145,9.872120337414005,0.0,0.0,9.81,0.005,0.0,0.0,20.0,-15.0,40.0,45.0,0.0,0.0
52.40762000000026,-1.518469999999992,110.0,52.327997225530034,3.0,45.0,12,8100,2026-09-25 10:30:00.000,-0.30850554810243314,0.2981269886064233,9.801742264155973,0.0,0.0,9.81,0.005,0.0,0.0,20.0,-15.0,40.0,45.0,0.0,0.0
52.40763000000026,-1.518454999999992,110.0,51.67368978216833,3.0,45.0,12,8200,2026-09-25 10:30:00.000,-0.24688173565536672,0.503510362950321,10.076969011524524,0.0,0.0,9.81,0.005,0.0,0.0,20.0,-15.0,40.0,45.0,0.0,0.0
52.407640000000264,-1.5184399999999918,110.0,52.188164214709246,3.0,45.0,12,8300,2026-09-25 10:30:00.000,-0.02974271676627051,0.010134256144467196,9.77292748023446,0.0,0.0,9.81,0.005,0.0,0.0,20.0,-15.0,40.0,45.0,0.0,0.0
52.40765000000027,-1.5184249999999917,110.0,52.091417765185206,3.0,45.0,12,8400,2026-09-25 10:30:00.000,0.09807453730717304,0.2431394695116017,9.612924023045359,0.0,0.0,9.81,0.005,0.0,0.0,20.0,-15.0,40.0,45.0,0.0,0.0
52.40766000000027,-1.5184099999999916,110.0,51.686566833351776,3.0,45.0,12,8500,2026-09-25 10:30:00.000,-0.14904330473515068,-0.018390206321459546,10.321862055135401,0.0,0.0,9.81,0.005,0.0,0.0,20.0,-15.0,40.0,45.0,0.0,0.0
52.40767000000027,-1.5183949999999915,110.0,52.39290244713609,3.0,45.0,12,8600,2026-09-25 10:30:00.000,-0.06847712515848738,0.06049177741600237,9.723230732603435,0.0,0.0,9.81,0.005,0.0,0.0,20.0,-15.0,40.0,45.0,0.0,0.0
52.407680000000276,-1.5183799999999914,110.0,50.9354354598538,3.0,45.0,12,8700,2026-09-25 10:30:00.000,-0.24824800083520546,0.23411832354219872,10.101699125101606,0.0,0.0,9.81,0.005,0.0,0.0,20.0,-15.0,40.0,45.0,0.0,0.0
52.40769000000028,-1.5183649999999913,110.0,52.979129235333225,3.0,45.0,12,8800,2026-09-25 10:30:00.000,0.07910998062649648,0.380793600208423,9.946897151435728,0.0,0.0,9.81,0.005,0.0,0.0,20.0,-15.0,40.0,45.0,0.0,0.0
52.40770000000028,-1.5183499999999912,110.0,51.97757988507177,3.0,45.0,12,8900,2026-09-25 10:30:00.000,0.16276869468425437,-0.35392139413429446,9.716683679202758,0.0,0.0,9.81,0.005,0.0,0.0,20.0,-15.0,40.0,45.0,0.0,0.0
52.407710000000286,-1.518334999999991,110.0,52.53227886030485,3.0,45.0,12,9000,2026-09-25 10:30:00.000,-0.41864386591988734,0.15110841365493738,9.901248738083492,0.0,0.0,9.81,0.005,0.0,0.0,20.0,-15.0,40.0,45.0,0.0,0.0
52.40772000000029,-1.518319999999991,110.0,52.547411580088784,3.0,45.0,12,9100,2026-09-25 10:30:00.000,-0.29223505388292276,0.2391885190339908,9.766500714920323,0.0,0.0,9.81,0.005,0.0,0.0,20.0,-15.0,40.0,45.0,0.0,0.0
52.40773000000029,-1.518304999999991,110.0,52.35440026754705,3.0,45.0,12,9200,2026-09-25 10:30:00.000,-0.2997138577804808,0.4823360036461495,10.101667756463161,0.0,0.0,9.81,0.005,0.0,0.0,20.0,-15.0,40.0,45.0,0.0,0.0
52.407740000000295,-1.5182899999999908,110.0,51.81051026319096,3.0,45.0,12,9300,2026-09-25 10:30:00.000,0.2412548969738103,0.7450876214200874,9.804406247568176,0.0,0.0,9.81,0.005,0.0,0.0,20.0,-15.0,40.0,45.0,0.0,0.0
52.4077500000003,-1.5182749999999907,110.0,51.90719443066839,3.0,45.0,12,9400,2026-09-25 10:30:00.000,0.2790533362488921,0.4302223870305776,9.406537172444903,0.0,0.0,9.81,0.005,0.0,0.0,20.0,-15.0,40.0,45.0,0.0,0.0
52.4077600000003,-1.5182599999999906,110.0,52.30501583373405,3.0,45.0,12,9500,2026-09-25 10:30:00.000,0.42780620819090737,-0.1787543762903627,9.646777451947257,0.0,0.0,9.81,0.005,0.0,0.0,20.0,-15.0,40.0,45.0,0.0,0.0
52.407770000000305,-1.5182449999999905,110.0,52.56687131745828,3.0,45.0,12,9600,2026-09-25 10:30:00.000,-0.3032445901982203,0.0643326682070904,9.98589676806706,0.0,0.0,9.81,0.005,0.0,0.0,20.0,-15.0,40.0,45.0,0.0,0.0
52.40778000000031,-1.5182299999999904,110.0,51.519326321435315,3.0,45.0,12,9700,2026-09-25 10:30:00.000,-0.330595828862842,-0.07888495259949208,9.791727900413933,0.0,0.0,9.81,0.005,0.0,0.0,20.0,-15.0,40.0,45.0,0.0,0.0
52.40779000000031,-1.5182149999999903,110.0,52.653242521277264,3.0,45.0,12,9800,2026-09-25 10:30:00.000,-0.3427438614240666,0.3426542556016625,9.938192267553756,0.0,0.0,9.81,0.005,0.0,0.0,20.0,-15.0,40.0,45.0,0.0,0.0
52.407800000000314,-1.5181999999999902,110.0,52.547496856010554,3.0,45.0,12,9900,2026-09-25 10:30:00.000,-0.38462358341125885,0.1732863061924047,9.665838958446173,0.0,0.0,9.81,0.005,0.0,0.0,20.0,-15.0,40.0,45.0,0.0,0.0
52.40781000000032,-1.5181849999999901,110.0,52.227071209558645,3.0,45.0,12,10000,2026-09-25 10:30:00.000,-0.1697199330602933,0.4699900488759249,9.842089793470516,0.0,0.0,9.81,0.005,0.0,0.0,20.0,-15.0,40.0,45.0,0.0,0.0
52.40782000000032,-1.51816999999999,110.0,51.96771505267318,3.0,45.0,12,10100,2026-09-25 10:30:00.000,0.08754367405471686,0.14698897329618604,9.98090836347098,0.0,0.0,9.81,0.005,0.0,0.0,20.0,-15.0,40.0,45.0,0.0,0.0
52.407830000000324,-1.51815499999999,110.0,52.15840035791959,3.0,45.0,12,10200,2026-09-25 10:30:00.000,0.2406902475299545,-0.797236033903275,9.898871210338756,0.0,0.0,9.81,0.005,0.0,0.0,20.0,-15.0,40.0,45.0,0.0,0.0
52.40784000000033,-1.5181399999999898,110.0,52.80211684116369,3.0,45.0,12,10300,2026-09-25 10:30:00.000,0.02223166222096777,0.6048856364753206,9.944559724372981,0.0,0.0,9.81,0.005,0.0,0.0,20.0,-15.0,40.0,45.0,0.0,0.0
52.40785000000033,-1.5181249999999897,110.0,52.383868901106545,3.0,45.0,12,10400,2026-09-25 10:30:00.000,0.2694188797642123,-0.06314487620525577,10.113889277308928,0.0,0.0,9.81,0.005,0.0,0.0,20.0,-15.0,40.0,45.0,0.0,0.0
52.40786000000033,-1.5181099999999896,110.0,52.3643145097739,3.0,45.0,12,10500,2026-09-25 10:30:00.000,-0.2426948305158974,-0.4459179843369334,9.63216961798945,0.0,0.0,9.81,0.005,0.0,0.0,20.0,-15.0,40.0,45.0,0.0,0.0
52.40787000000034,-1.5180949999999895,110.0,52.283151889058836,3.0,45.0,12,10600,2026-09-25 10:30:00.000,-0.16280886514568044,0.5739951138382197,9.770688536375879,0.0,0.0,9.81,0.005,0.0,0.0,20.0,-15.0,40.0,45.0,0.0,0.0
52.40788000000034,-1.5180799999999894,110.0,51.97774672513142,3.0,45.0,12,10700,2026-09-25 10:30:00.000,0.09581399734130706,0.21027597603490353,9.787447980987553,0.0,0.0,9.81,0.005,0.0,0.0,20.0,-15.0,40.0,45.0,0.0,0.0
52.40789000000034,-1.5180649999999893,110.0,52.510841182325954,3.0,45.0,12,10800,2026-09-25 10:30:00.000,0.16099815064787226,0.10093721390988654,9.735104261085592,0.0,0.0,9.81,0.005,0.0,0.0,20.0,-15.0,40.0,45.0,0.0,0.0
52.407900000000346,-1.5180499999999892,110.0,52.74793315882904,3.0,45.0,12,10900,2026-09-25 10:30:00.000,0.06586352722657572,-0.21016987239178112,9.818209179170266,0.0,0.0,9.81,0.005,0.0,0.0,20.0,-15.0,40.0,45.0,0.0,0.0
52.40791000000035,-1.5180349999999891,110.0,52.31694961368179,3.0,45.0,12,11000,2026-09-25 10:30:00.000,-0.3603580077130026,0.41048951359181163,9.673893652452586,0.0,0.0,9.81,0.005,0.0,0.0,20.0,-15.0,40.0,45.0,0.0,0.0
52.40792000000035,-1.518019999999989,110.0,51.201428046106564,3.0,45.0,12,11100,2026-09-25 10:30:00.000,-0.07438056918052248,0.3648685212601157,9.863610885108127,0.0,0.0,9.81,0.005,0.0,0.0,20.0,-15.0,40.0,45.0,0.0,0.0
52.407930000000356,-1.518004999999989,110.0,53.23735453045415,3.0,45.0,12,11200,2026-09-25 10:30:00.000,-0.08625359438713885,0.025728767262039265,9.614905416167991,0.0,0.0,9.81,0.005,0.0,0.0,20.0,-15.0,40.0,45.0,0.0,0.0
52.40794000000036,-1.5179899999999888,110.0,51.92932373705081,3.0,45.0,12,11300,2026-09-25 10:30:00.000,-0.10068272226631242,-0.17882269235983048,9.847562560551422,0.0,0.0,9.81,0.005,0.0,0.0,20.0,-15.0,40.0,45.0,0.0,0.0
52.40795000000036,-1.5179749999999887,110.0,52.614642507564575,3.0,45.0,12,11400,2026-09-25 10:30:00.000,0.04645618042815475,0.2339477707338011,9.916640622006385,0.0,0.0,9.81,0.005,0.0,0.0,20.0,-15.0,40.0,45.0,0.0,0.0
52.407960000000365,-1.5179599999999887,110.0,52.170700627420054,3.0,45.0,12,11500,2026-09-25 10:30:00.000,-0.04105851500241663,-0.2752186873652277,10.221292343018456,0.0,0.0,9.81,0.005,0.0,0.0,20.0,-15.0,40.0,45.0,0.0,0.0
52.40797000000037,-1.5179449999999886,110.0,52.22249968834921,3.0,45.0,12,11600,2026-09-25 10:30:00.000,-0.08605691290825367,0.41157890256386664,9.698928937496166,0.0,0.0,9.81,0.005,0.0,0.0,20.0,-15.0,40.0,45.0,0.0,0.0
52.40798000000037,-1.5179299999999885,110.0,51.78212839938041,3.0,45.0,12,11700,2026-09-25 10:30:00.000,0.19739484206486888,-0.3275595441998703,9.67199466067191,0.0,0.0,9.81,0.005,0.0,0.0,20.0,-15.0,40.0,45.0,0.0,0.0
52.407990000000375,-1.5179149999999884,110.0,51.8949061184652,3.0,45.0,12,11800,2026-09-25 10:30:00.000,-0.11568139243302099,-0.17525940835796586,10.02496042830543,0.0,0.0,9.81,0.005,0.0,0.0,20.0,-15.0,40.0,45.0,0.0,0.0
52.40800000000038,-1.5178999999999883,110.0,52.541276150817744,3.0,45.0,12,11900,2026-09-25 10:30:00.000,0.20741549403954465,-0.3546306540678963,10.275189713897834,0.0,0.0,9.81,0.005,0.0,0.0,20.0,-15.0,40.0,45.0,0.0,0.0
52.40801000000038,-1.5178849999999882,110.0,52.34750416081962,3.0,45.0,12,12000,2026-09-25 10:30:00.000,0.17748472512871127,0.13919983977860262,10.037738236687991,0.0,0.0,9.81,0.005,0.0,0.0,20.0,-15.0,40.0,45.0,0.0,0.0
52.408020000000384,-1.517869999999988,110.0,52.89077050163897,3.0,45.0,12,12100,2026-09-25 10:30:00.000,0.3290465483698264,0.5136628084021962,9.975327205255342,0.0,0.0,9.81,0.005,0.0,0.0,20.0,-15.0,40.0,45.0,0.0,0.0
52.40803000000039,-1.517854999999988,110.0,52.53716632155691,3.0,45.0,12,12200,2026-09-25 10:30:00.000,-0.11238182389433887,0.43600667682347516,9.85041104557643,0.0,0.0,9.81,0.005,0.0,0.0,20.0,-15.0,40.0,45.0,0.0,0.0
52.40804000000039,-1.5178399999999879,110.0,51.85615209975825,3.0,45.0,12,12300,2026-09-25 10:30:00.000,0.4215718771793749,-0.024580838913024178,10.028733270932095,0.0,0.0,9.81,0.005,0.0,0.0,20.0,-15.0,40.0,45.0,0.0,0.0
52.408050000000394,-1.5178249999999878,110.0,52.27441719289992,3.0,45.0,12,12400,2026-09-25 10:30:00.000,0.305782896180544,-0.3552868047009021,9.65481625088827,0.0,0.0,9.81,0.005,0.0,0.0,20.0,-15.0,40.0,45.0,0.0,0.0
52.4080600000004,-1.5178099999999877,110.0,51.75184286736692,3.0,45.0,12,12500,2026-09-25 10:30:00.000,0.361969996054088,0.37436891899181424,9.666794249562363,0.0,0.0,9.81,0.005,0.0,0.0,20.0,-15.0,40.0,45.0,0.0,0.0
52.4080700000004,-1.5177949999999876,110.0,52.5798495395863,3.0,45.0,12,12600,2026-09-25 10:30:00.000,0.007981366667258417,0.04464845076177638,9.423956745011685,0.0,0.0,9.81,0.005,0.0,0.0,20.0,-15.0,40.0,45.0,0.0,0.0
52.4080800000004,-1.5177799999999875,110.0,53.10727416268123,3.0,45.0,12,12700,2026-09-25 10:30:00.000,-0.09973727052650416,-0.15640337248408578,9.890287932545288,0.0,0.0,9.81,0.005,0.0,0.0,20.0,-15.0,40.0,45.0,0.0,0.0
52.408090000000406,-1.5177649999999874,110.0,52.14652790358404,3.0,45.0,12,12800,2026-09-25 10:30:00.000,-0.20438149110751033,0.25875536173124747,10.173828618424716,0.0,0.0,9.81,0.005,0.0,0.0,20.0,-15.0,40.0,45.0,0.0,0.0
52.40810000000041,-1.5177499999999873,110.0,52.11881016708859,3.0,45.0,12,12900,2026-09-25 10:30:00.000,-0.07440667010326546,-0.022280528801905397,9.780499965998766,0.0,0.0,9.81,0.005,0.0,0.0,20.0,-15.0,40.0,45.0,0.0,0.0
52.40811000000041,-1.5177349999999872,110.0,52.61200274557789,3.0,45.0,12,13000,2026-09-25 10:30:00.000,-0.5446141718982792,-0.2038903520863435,9.699722803217913,0.0,0.0,9.81,0.005,0.0,0.0,20.0,-15.0,40.0,45.0,0.0,0.0
52.408120000000416,-1.517719999999987,110.0,52.19531392858551,3.0,45.0,12,13100,2026-09-25 10:30:00.000,-0.10971192527072285,0.03502397024639993,10.043428400910388,0.0,0.0,9.81,0.005,0.0,0.0,20.0,-15.0,40.0,45.0,0.0,0.0
52.40813000000042,-1.517704999999987,110.0,51.659233966766706,3.0,45.0,12,13200,2026-09-25 10:30:00.000,0.06088779424532227,-0.31113360984410976,9.55125150576117,0.0,0.0,9.81,0.005,0.0,0.0,20.0,-15.0,40.0,45.0,0.0,0.0
52.40814000000042,-1.5176899999999869,110.0,52.134189522646786,3.0,45.0,12,13300,2026-09-25 10:30:00.000,0.40301365918325144,0.1062177715800025,9.703824606240248,0.0,0.0,9.81,0.005,0.0,0.0,20.0,-15.0,40.0,45.0,0.0,0.0
52.408150000000425,-1.5176749999999868,110.0,51.7356763396856,3.0,45.0,12,13400,2026-09-25 10:30:00.000,-0.07724687708837105,-0.01389968722602665,10.048458553852733,0.0,0.0,9.81,0.005,0.0,0.0,20.0,-15.0,40.0,45.0,0.0,0.0
52.40816000000043,-1.5176599999999867,110.0,52.39636186533873,3.0,45.0,12,13500,2026-09-25 10:30:00.000,-0.239235354907487,0.23183886989497343,9.955603879076298,0.0,0.0,9.81,0.005,0.0,0.0,20.0,-15.0,40.0,45.0,0.0,0.0
52.40817000000043,-1.5176449999999866,110.0,51.7408640248007,3.0,45.0,12,13600,2026-09-25 10:30:00.000,0.07501675349042533,0.3058630322094785,10.042274346420362,0.0,0.0,9.81,0.005,0.0,0.0,20.0,-15.0,40.0,45.0,0.0,0.0
52.408180000000435,-1.5176299999999865,110.0,52.434219057305775,3.0,45.0,12,13700,2026-09-25 10:30:00.000,-0.025495741660779586,-0.34586658925976055,9.97462920489339,0.0,0.0,9.81,0.005,0.0,0.0,20.0,-15.0,40.0,45.0,0.0,0.0
52.40819000000044,-1.5176149999999864,110.0,51.513536694419926,3.0,45.0,12,13800,2026-09-25 10:30:00.000,0.4485858877254841,0.02284460295466241,9.864797069717394,0.0,0.0,9.81,0.005,0.0,0.0,20.0,-15.0,40.0,45.0,0.0,0.0
52.40820000000044,-1.5175999999999863,110.0,52.30952232831302,3.0,45.0,12,13900,2026-09-25 10:30:00.000,0.03452426954052892,-0.09943529396677533,9.680883023335495,0.0,0.0,9.81,0.005,0.0,0.0,20.0,-15.0,40.0,45.0,0.0,0.0
52.408210000000444,-1.5175849999999862,110.0,51.591560587473495,3.0,45.0,12,14000,2026-09-25 10:30:00.000,-0.30780426908700237,0.08647619729389465,9.336638504427905,0.0,0.0,9.81,0.005,0.0,0.0,20.0,-15.0,40.0,45.0,0.0,0.0
52.40822000000045,-1.517569999999986,110.0,52.11731276089654,3.0,45.0,12,14100,2026-09-25 10:30:00.000,-0.589392585481236,-0.12039657741910623,9.655588299928375,0.0,0.0,9.81,0.005,0.0,0.0,20.0,-15.0,40.0,45.0,0.0,0.0
52.40823000000045,-1.517554999999986,110.0,52.06395716049728,3.0,45.0,12,14200,2026-09-25 10:30:00.000,0.22519280164874456,-0.23511490903699797,9.903228511893007,0.0,0.0,9.81,0.005,0.0,0.0,20.0,-15.0,40.0,45.0,0.0,0.0
52.408240000000454,-1.517539999999986,110.0,52.000284491201356,3.0,45.0,12,14300,2026-09-25 10:30:00.000,-0.00871251636167514,-0.46235841930792587,9.885874605749443,0.0,0.0,9.81,0.005,0.0,0.0,20.0,-15.0,40.0,45.0,0.0,0.0
52.40825000000046,-1.5175249999999858,110.0,52.19289758937003,3.0,45.0,12,14400,2026-09-25 10:30:00.000,0.08620926491026032,-0.2452823194126679,9.846490120105846,0.0,0.0,9.81,0.005,0.0,0.0,20.0,-15.0,40.0,45.0,0.0,0.0
52.40826000000046,-1.5175099999999857,110.0,52.41526526957228,3.0,45.0,12,14500,2026-09-25 10:30:00.000,-0.05066465938157692,-0.48092822750659436,9.625756036015892,0.0,0.0,9.81,0.005,0.0,0.0,20.0,-15.0,40.0,45.0,0.0,0.0
52.40827000000046,-1.5174949999999856,110.0,51.87898665410079,3.0,45.0,12,14600,2026-09-25 10:30:00.000,-0.14831550913690036,0.0397774543083611,9.85906980042214,0.0,0.0,9.81,0.005,0.0,0.0,20.0,-15.0,40.0,45.0,0.0,0.0
52.40828000000047,-1.5174799999999855,110.0,53.234941893448095,3.0,45.0,12,14700,2026-09-25 10:30:00.000,-0.07150679551200155,0.17505752443031655,10.041571350083169,0.0,0.0,9.81,0.005,0.0,0.0,20.0,-15.0,40.0,45.0,0.0,0.0
52.40829000000047,-1.5174649999999854,110.0,51.972218970669104,3.0,45.0,12,14800,2026-09-25 10:30:00.000,0.12464148783549736,0.30607478378069886,9.406665795284736,0.0,0.0,9.81,0.005,0.0,0.0,20.0,-15.0,40.0,45.0,0.0,0.0
52.40830000000047,-1.5174499999999853,110.0,52.904789395130116,3.0,45.0,12,14900,2026-09-25 10:30:00.000,0.23902131089804884,0.1830888222473666,10.00234486050712,0.0,0.0,9.81,0.005,0.0,0.0,20.0,-15.0,40.0,45.0,0.0,0.0
52.408310000000476,-1.5174349999999852,110.0,51.73391589351403,3.0,45.0,12,15000,2026-09-25 10:30:00.000,0.11358711242178599,0.3952884971307493,9.858418042747019,0.0,0.0,9.81,0.005,0.0,0.0,20.0,-15.0,40.0,45.0,0.0,0.0
52.40832000000048,-1.5174199999999851,110.0,51.42269124090679,3.0,45.0,12,15100,2026-09-25 10:30:00.000,-0.1218396939202428,0.5134204788551119,9.977720702195551,0.0,0.0,9.81,0.005,0.0,0.0,20.0,-15.0,40.0,45.0,0.0,0.0
52.40833000000048,-1.517404999999985,110.0,52.35445881923202,3.0,45.0,12,15200,2026-09-25 10:30:00.000,0.10704573863786207,0.085535094873076,9.955397606515236,0.0,0.0,9.81,0.005,0.0,0.0,20.0,-15.0,40.0,45.0,0.0,0.0
52.408340000000486,-1.517389999999985,110.0,52.16986464835145,3.0,45.0,12,15300,2026-09-25 10:30:00.000,-0.24663994615725723,-0.31317814422325274,9.722136931277017,0.0,0.0,9.81,0.005,0.0,0.0,20.0,-15.0,40.0,45.0,0.0,0.0
52.40835000000049,-1.5173749999999848,110.0,52.373350856554644,3.0,45.0,12,15400,2026-09-25 10:30:00.000,0.3465465081214561,0.028677279195045202,9.940003149908131,0.0,0.0,9.81,0.005,0.0,0.0,20.0,-15.0,40.0,45.0,0.0,0.0
52.40836000000049,-1.5173599999999847,110.0,51.62050886719511,3.0,45.0,12,15500,2026-09-25 10:30:00.000,0.1172549050918206,-0.31806167007076624,9.503393754202865,0.0,0.0,9.81,0.005,0.0,0.0,20.0,-15.0,40.0,45.0,0.0,0.0
52.408370000000495,-1.5173449999999846,110.0,52.37565557810268,3.0,45.0,12,15600,2026-09-25 10:30:00.000,-0.4748561175850166,0.21356937341403837,9.756759542683186,0.0,0.0,9.81,0.005,0.0,0.0,20.0,-15.0,40.0,45.0,0.0,0.0
52.4083800000005,-1.5173299999999845,110.0,53.56786997624874,3.0,45.0,12,15700,2026-09-25 10:30:00.000,0.1819536218200445,0.5825585891139743,9.972225946381812,0.0,0.0,9.81,0.005,0.0,0.0,20.0,-15.0,40.0,45.0,0.0,0.0
52.4083900000005,-1.5173149999999844,110.0,52.51406387102942,3.0,45.0,12,15800,2026-09-25 10:30:00.000,0.36666575247897937,0.11146287859646199,9.702404190808938,0.0,0.0,9.81,0.005,0.0,0.0,20.0,-15.0,40.0,45.0,0.0,0.0
52.408400000000505,-1.5172999999999843,110.0,51.670866899071875,3.0,45.0,12,15900,2026-09-25 10:30:00.000,0.08030945908060713,0.25840526459065943,9.436261019896662,0.0,0.0,9.81,0.005,0.0,0.0,20.0,-15.0,40.0,45.0,0.0,0.0
52.40841000000051,-1.5172849999999842,110.0,52.10674561755273,3.0,45.0,12,16000,2026-09-25 10:30:00.000,0.17201911503786022,-0.06041863444271184,9.764318715223665,0.0,0.0,9.81,0.005,0.0,0.0,20.0,-15.0,40.0,45.0,0.0,0.0
52.40842000000051,-1.5172699999999841,110.0,52.35026898480172,3.0,45.0,12,16100,2026-09-25 10:30:00.000,-0.05741205371394129,0.1142715670055683,9.76557613152023,0.0,0.0,9.81,0.005,0.0,0.0,20.0,-15.0,40.0,45.0,0.0,0.0
52.408430000000514,-1.517254999999984,110.0,52.429465037041545,3.0,45.0,12,16200,2026-09-25 10:30:00.000,0.601068309950703,0.006980335136275911,9.773947050882272,0.0,0.0,9.81,0.005,0.0,0.0,20.0,-15.0,40.0,45.0,0.0,0.0
52.40844000000052,-1.517239999999984,110.0,52.56569222977769,3.0,45.0,12,16300,2026-09-25 10:30:00.000,0.2826575195799025,0.33980444262116294,9.937510117935545,0.0,0.0,9.81,0.005,0.0,0.0,20.0,-15.0,40.0,45.0,0.0,0.0
52.40845000000052,-1.5172249999999838,110.0,51.86432366886634,3.0,45.0,12,16400,2026-09-25 10:30:00.000,-0.060922688902920775,-0.19556412464028775,9.798361754335982,0.0,0.0,9.81,0.005,0.0,0.0,20.0,-15.0,40.0,45.0,0.0,0.0
52.408460000000524,-1.5172099999999837,110.0,52.85591675249854,3.0,45.0,12,16500,2026-09-25 10:30:00.000,0.28531520400726457,-0.10897419847155701,9.934560975903354,0.0,0.0,9.81,0.005,0.0,0.0,20.0,-15.0,40.0,45.0,0.0,0.0
52.40847000000053,-1.5171949999999836,110.0,51.40315867059309,3.0,45.0,12,16600,2026-09-25 10:30:00.000,0.2498439204527652,-0.16180579533317854,9.970233262547156,0.0,0.0,9.81,0.005,0.0,0.0,20.0,-15.0,40.0,45.0,0.0,0.0
52.40848000000053,-1.5171799999999835,110.0,53.03907958444392,3.0,45.0,12,16700,2026-09-25 10:30:00.000,0.05320654297799861,0.19712662149773907,9.791693780000664,0.0,0.0,9.81,0.005,0.0,0.0,20.0,-15.0,40.0,45.0,0.0,0.0
52.40849000000053,-1.5171649999999834,110.0,52.71094480923476,3.0,45.0,12,16800,2026-09-25 10:30:00.000,0.12141792818368312,0.25542503639581193,9.98698886356197,0.0,0.0,9.81,0.005,0.0,0.0,20.0,-15.0,40.0,45.0,0.0,0.0
52.40850000000054,-1.5171499999999833,110.0,53.1881524142081,3.0,45.0,12,16900,2026-09-25 10:30:00.000,0.23457639751346662,0.04987673099463652,9.541379815763426,0.0,0.0,9.81,0.005,0.0,0.0,20.0,-15.0,40.0,45.0,0.0,0.0
52.40851000000054,-1.5171349999999832,110.0,52.082720721213235,3.0,45.0,12,17000,2026-09-25 10:30:00.000,0.014373081687875905,0.05458732585966469,9.741223847077382,0.0,0.0,9.81,0.005,0.0,0.0,20.0,-15.0,40.0,45.0,0.0,0.0
52.40852000000054,-1.5171199999999831,110.0,50.898883952971104,3.0,45.0,12,17100,2026-09-25 10:30:00.000,0.09378730167497268,-0.5884054216184892,9.75420363194053,0.0,0.0,9.81,0.005,0.0,0.0,20.0,-15.0,40.0,45.0,0.0,0.0
52.408530000000546,-1.517104999999983,110.0,51.75109501708863,3.0,45.0,12,17200,2026-09-25 10:30:00.000,0.18110840605872705,0.1302308748674481,9.464222659333322,0.0,0.0,9.81,0.005,0.0,0.0,20.0,-15.0,40.0,45.0,0.0,0.0
52.40854000000055,-1.517089999999983,110.0,51.923718929592866,3.0,45.0,12,17300,2026-09-25 10:30:00.000,0.3352312360423545,0.1318218649526503,9.822095307592367,0.0,0.0,9.81,0.005,0.0,0.0,20.0,-15.0,40.0,45.0,0.0,0.0
52.40855000000055,-1.5170749999999829,110.0,52.34723113320699,3.0,45.0,12,17400,2026-09-25 10:30:00.000,0.17416729239373446,0.2823692035459212,9.803647263736073,0.0,0.0,9.81,0.005,0.0,0.0,20.0,-15.0,40.0,45.0,0.0,0.0
52.408560000000556,-1.5170599999999828,110.0,52.01891774152672,3.0,45.0,12,17500,2026-09-25 10:30:00.000,-0.08137828065412651,0.30719239625952405,9.506652674778568,0.0,0.0,9.81,0.005,0.0,0.0,20.0,-15.0,40.0,45.0,0.0,0.0
52.40857000000056,-1.5170449999999827,110.0,51.21164466830335,3.0,45.0,12,17600,2026-09-25 10:30:00.000,0.29305674374776125,-0.06911836114495534,9.848563956600957,0.0,0.0,9.81,0.005,0.0,0.0,20.0,-15.0,40.0,45.0,0.0,0.0
52.40858000000056,-1.5170299999999826,110.0,51.240850607199256,3.0,45.0,12,17700,2026-09-25 10:30:00.000,-0.23630605619733852,0.38117516873649515,9.862530617838157,0.0,0.0,9.81,0.005,0.0,0.0,20.0,-15.0,40.0,45.0,0.0,0.0
52.408590000000565,-1.5170149999999825,110.0,52.31468235356527,3.0,45.0,12,17800,2026-09-25 10:30:00.000,-0.21290416922942346,0.33410747697231935,9.853440783056872,0.0,0.0,9.81,0.005,0.0,0.0,20.0,-15.0,40.0,45.0,0.0,0.0
52.40860000000057,-1.5169999999999824,110.0,53.117801244575055,3.0,45.0,12,17900,2026-09-25 10:30:00.000,-0.13707256727058598,0.3843774106651795,9.991517415794627,0.0,0.0,9.81,0.005,0.0,0.0,20.0,-15.0,40.0,45.0,0.0,0.0
52.40861000000057,-1.5169849999999823,110.0,52.83059548192204,3.0,45.0,12,18000,2026-09-25 10:30:00.000,0.19759160986396118,0.53213005780264,9.897960870800521,0.0,0.0,9.81,0.005,0.0,0.0,20.0,-15.0,40.0,45.0,0.0,0.0
52.408620000000575,-1.5169699999999822,110.0,52.45515230000502,3.0,45.0,12,18100,2026-09-25 10:30:00.000,-0.18116184575310068,0.11606698456473105,10.21937982027348,0.0,0.0,9.81,0.005,0.0,0.0,20.0,-15.0,40.0,45.0,0.0,0.0
52.40863000000058,-1.516954999999982,110.0,51.33689656688758,3.0,45.0,12,18200,2026-09-25 10:30:00.000,-0.3048804823313733,-0.08408747875836581,10.01774316437052,0.0,0.0,9.81,0.005,0.0,0.0,20.0,-15.0,40.0,45.0,0.0,0.0
52.40864000000058,-1.516939999999982,110.0,52.039348008610254,3.0,45.0,12,18300,2026-09-25 10:30:00.000,-0.009373057699678555,0.12802414953411217,9.845292136259276,0.0,0.0,9.81,0.005,0.0,0.0,20.0,-15.0,40.0,45.0,0.0,0.0
52.408650000000584,-1.5169249999999819,110.0,53.027880851210426,3.0,45.0,12,18400,2026-09-25 10:30:00.000,-0.15915017234909745,-0.10950288843630573,9.897582311700406,0.0,0.0,9.81,0.005,0.0,0.0,20.0,-15.0,40.0,45.0,0.0,0.0
52.40866000000059,-1.5169099999999818,110.0,52.421959556552906,3.0,45.0,12,18500,2026-09-25 10:30:00.000,0.42765448049095006,0.01847257760364987,9.1901839406447,0.0,0.0,9.81,0.005,0.0,0.0,20.0,-15.0,40.0,45.0,0.0,0.0
52.40867000000059,-1.5168949999999817,110.0,51.43750522864242,3.0,45.0,12,18600,2026-09-25 10:30:00.000,0.4066947956512045,0.628767202576761,9.650906650215633,0.0,0.0,9.81,0.005,0.0,0.0,20.0,-15.0,40.0,45.0,0.0,0.0
52.408680000000594,-1.5168799999999816,110.0,52.347502328761415,3.0,45.0,12,18700,2026-09-25 10:30:00.000,-0.19534503058395283,0.5792225519143447,10.069199179675387,0.0,0.0,9.81,0.005,0.0,0.0,20.0,-15.0,40.0,45.0,0.0,0.0
52.4086900000006,-1.5168649999999815,110.0,52.216822450198876,3.0,45.0,12,18800,2026-09-25 10:30:00.000,-0.09447129016567252,-0.2333931556906267,9.76492118884071,0.0,0.0,9.81,0.005,0.0,0.0,20.0,-15.0,40.0,45.0,0.0,0.0
52.4087000000006,-1.5168499999999814,110.0,52.48028145943874,3.0,45.0,12,18900,2026-09-25 10:30:00.000,0.11871363451912503,0.6261785206446265,9.920983528728957,0.0,0.0,9.81,0.005,0.0,0.0,20.0,-15.0,40.0,45.0,0.0,0.0
52.4087100000006,-1.5168349999999813,110.0,52.758780583932605,3.0,45.0,12,19000,2026-09-25 10:30:00.000,0.009604848119781267,-0.26476603430415735,9.924523927170828,0.0,0.0,9.81,0.005,0.0,0.0,20.0,-15.0,40.0,45.0,0.0,0.0
52.408720000000606,-1.5168199999999812,110.0,53.08732353153106,3.0,45.0,12,19100,2026-09-25 10:30:00.000,0.12429797417448499,0.36367146825060104,9.54574697905752,0.0,0.0,9.81,0.005,0.0,0.0,20.0,-15.0,40.0,45.0,0.0,0.0
52.40873000000061,-1.516804999999981,110.0,53.039646555378255,3.0,45.0,12,19200,2026-09-25 10:30:00.000,0.030380067718259643,0.5067987733156357,10.012959715738129,0.0,0.0,9.81,0.005,0.0,0.0,20.0,-15.0,40.0,45.0,0.0,0.0
52.40874000000061,-1.516789999999981,110.0,52.085229025471676,3.0,45.0,12,19300,2026-09-25 10:30:00.000,0.10217659138680182,0.5083832611138988,9.930674330211692,0.0,0.0,9.81,0.005,0.0,0.0,20.0,-15.0,40.0,45.0,0.0,0.0
52.408750000000616,-1.5167749999999809,110.0,51.186115782769434,3.0,45.0,12,19400,2026-09-25 10:30:00.000,0.011790916796869772,0.28184720687938325,9.985869499281394,0.0,0.0,9.81,0.005,0.0,0.0,20.0,-15.0,40.0,45.0,0.0,0.0
52.40876000000062,-1.5167599999999808,110.0,51.91777766568943,3.0,45.0,12,19500,2026-09-25 10:30:00.000,-0.23855823723825736,0.5423966020376055,9.410928623268326,0.0,0.0,9.81,0.005,0.0,0.0,20.0,-15.0,40.0,45.0,0.0,0.0
52.40877000000062,-1.5167449999999807,110.0,52.89673907496362,3.0,45.0,12,19600,2026-09-25 10:30:00.000,-0.020774245893651358,-0.2558706431277612,9.737666429877391,0.0,0.0,9.81,0.005,0.0,0.0,20.0,-15.0,40.0,45.0,0.0,0.0
52.408780000000625,-1.5167299999999806,110.0,52.27311399155334,3.0,45.0,12,19700,2026-09-25 10:30:00.000,0.029829883465293694,-0.8424691461365603,9.988369182186872,0.0,0.0,9.81,0.005,0.0,0.0,20.0,-15.0,40.0,45.0,0.0,0.0
52.40879000000063,-1.5167149999999805,110.0,53.25758043652436,3.0,45.0,12,19800,2026-09-25 10:30:00.000,-0.20631518839081064,0.4601968191403675,9.680401430956206,0.0,0.0,9.81,0.005,0.0,0.0,20.0,-15.0,40.0,45.0,0.0,0.0
52.40880000000063,-1.5166999999999804,110.0,51.95595187634677,3.0,45.0,12,19900,2026-09-25 10:30:00.000,-0.3732623732070566,-0.11360184150092853,9.895828953861136,0.0,0.0,9.81,0.005,0.0,0.0,20.0,-15.0,40.0,45.0,0.0,0.0
52.408810000000635,-1.5166849999999803,110.0,52.595842670281996,3.0,45.0,12,20000,2026-09-25 10:30:00.000,-0.3560536755494662,0.37781602686843274,9.914011017583444,0.0,0.0,9.81,0.005,0.0,0.0,20.0,-15.0,40.0,45.0,0.0,0.0
52.40882000000064,-1.5166699999999802,110.0,52.905308255713265,3.0,45.0,12,20100,2026-09-25 10:30:00.000,0.09716980477334619,0.8064808221118638,9.89842566815943,0.0,0.0,9.81,0.005,0.0,0.0,20.0,-15.0,40.0,45.0,0.0,0.0
52.40883000000064,-1.51665499999998,110.0,51.726807966875924,3.0,45.0,12,20200,2026-09-25 10:30:00.000,0.44609333488624814,0.06274917717724487,9.896002125104276,0.0,0.0,9.81,0.005,0.0,0.0,20.0,-15.0,40.0,45.0,0.0,0.0
52.408840000000644,-1.51663999999998,110.0,50.896272934767005,3.0,45.0,12,20300,2026-09-25 10:30:00.000,0.03334067315550503,0.28396525810161716,10.037358876237187,0.0,0.0,9.81,0.005,0.0,0.0,20.0,-15.0,40.0,45.0,0.0,0.0
52.40885000000065,-1.51662499999998,110.0,51.732146855506315,3.0,45.0,12,20400,2026-09-25 10:30:00.000,0.16586847383815417,-0.2073349735117984,10.384753111527193,0.0,0.0,9.81,0.005,0.0,0.0,20.0,-15.0,40.0,45.0,0.0,0.0
52.40886000000065,-1.5166099999999798,110.0,51.57503795351893,3.0,45.0,12,20500,2026-09-25 10:30:00.000,-0.13883947440812294,-0.2660206342228161,10.207600994068002,0.0,0.0,9.81,0.005,0.0,0.0,20.0,-15.0,40.0,45.0,0.0,0.0
52.408870000000654,-1.5165949999999797,110.0,52.02167204311438,3.0,45.0,12,20600,2026-09-25 10:30:00.000,0.07254893237368824,0.26672482452820606,9.609534351267932,0.0,0.0,9.81,0.005,0.0,0.0,20.0,-15.0,40.0,45.0,0.0,0.0
52.40888000000066,-1.5165799999999796,110.0,52.2922642037608,3.0,45.0,12,20700,2026-09-25 10:30:00.000,-0.16215342976471758,-0.1534129567983086,9.55043619684524,0.0,0.0,9.81,0.005,0.0,0.0,20.0,-15.0,40.0,45.0,0.0,0.0
52.40889000000066,-1.5165649999999795,110.0,52.353106294937795,3.0,45.0,12,20800,2026-09-25 10:30:00.000,-0.005440143599577708,-0.10769191325271352,10.055923116616905,0.0,0.0,9.81,0.005,0.0,0.0,20.0,-15.0,40.0,45.0,0.0,0.0
52.40890000000066,-1.5165499999999794,110.0,52.942780403999826,3.0,45.0,12,20900,2026-09-25 10:30:00.000,0.3513482995152624,0.3577642939401209,10.05118041363203,0.0,0.0,9.81,0.005,0.0,0.0,20.0,-15.0,40.0,45.0,0.0,0.0
52.40891000000067,-1.5165349999999793,110.0,51.40911708218609,3.0,45.0,12,21000,2026-09-25 10:30:00.000,-0.05377960256994535,0.42754019905711627,9.688891043637117,0.0,0.0,9.81,0.005,0.0,0.0,20.0,-15.0,40.0,45.0,0.0,0.0
52.40892000000067,-1.5165199999999792,110.0,52.26736779445283,3.0,45.0,12,21100,2026-09-25 10:30:00.000,-0.21436275271255606,0.4144003188144383,9.720726596686635,0.0,0.0,9.81,0.005,0.0,0.0,20.0,-15.0,40.0,45.0,0.0,0.0
52.40893000000067,-1.5165049999999791,110.0,51.89778845487384,3.0,45.0,12,21200,2026-09-25 10:30:00.000,0.043184830542599625,-0.06693723953192943,9.970907003143623,0.0,0.0,9.81,0.005,0.0,0.0,20.0,-15.0,40.0,45.0,0.0,0.0
52.408940000000676,-1.516489999999979,110.0,51.96057434616019,3.0,45.0,12,21300,2026-09-25 10:30:00.000,0.1450498900962779,-0.2695796460673121,9.942587353946829,0.0,0.0,9.81,0.005,0.0,0.0,20.0,-15.0,40.0,45.0,0.0,0.0
52.40895000000068,-1.516474999999979,110.0,52.69486929931543,3.0,45.0,12,21400,2026-09-25 10:30:00.000,0.008599069869165454,-0.3268340819416097,9.44809476803846,0.0,0.0,9.81,0.005,0.0,0.0,20.0,-15.0,40.0,45.0,0.0,0.0
52.40896000000068,-1.5164599999999788,110.0,52.14257757721121,3.0,45.0,12,21500,2026-09-25 10:30:00.000,-0.38015427273923025,0.33484862753860833,9.777101524873792,0.0,0.0,9.81,0.005,0.0,0.0,20.0,-15.0,40.0,45.0,0.0,0.0
52.408970000000686,-1.5164449999999787,110.0,51.56830211448341,3.0,45.0,12,21600,2026-09-25 10:30:00.000,0.015294111624100718,0.01156334966416632,9.815884585891329,0.0,0.0,9.81,0.005,0.0,0.0,20.0,-15.0,40.0,45.0,0.0,0.0
52.40898000000069,-1.5164299999999786,110.0,52.52937729105571,3.0,45.0,12,21700,2026-09-25 10:30:00.000,0.14200491155753056,-0.17535526734388449,9.681414224181768,0.0,0.0,9.81,0.005,0.0,0.0,20.0,-15.0,40.0,45.0,0.0,0.0
52.40899000000069,-1.5164149999999785,110.0,52.13754418401985,3.0,45.0,12,21800,2026-09-25 10:30:00.000,-0.29324258083344407,-0.2575491531453251,9.971381619503983,0.0,0.0,9.81,0.005,0.0,0.0,20.0,-15.0,40.0,45.0,0.0,0.0
52.409000000000695,-1.5163999999999784,110.0,50.905166367038404,3.0,45.0,12,21900,2026-09-25 10:30:00.000,0.10757590532979439,-0.42311604474910613,9.969067115268139,0.0,0.0,9.81,0.005,0.0,0.0,20.0,-15.0,40.0,45.0,0.0,0.0
52.4090100000007,-1.5163849999999783,110.0,50.974508350718686,3.0,45.0,12,22000,2026-09-25 10:30:00.000,0.09363079927162449,0.4311354737686133,9.751727751062113,0.0,0.0,9.81,0.005,0.0,0.0,20.0,-15.0,40.0,45.0,0.0,0.0
52.4090200000007,-1.5163699999999782,110.0,51.8259917090661,3.0,45.0,12,22100,2026-09-25 10:30:00.000,0.16811473741677618,0.04460714866417267,9.847708291780288,0.0,0.0,9.81,0.005,0.0,0.0,20.0,-15.0,40.0,45.0,0.0,0.0
52.409030000000705,-1.5163549999999781,110.0,52.050840494777944,3.0,45.0,12,22200,2026-09-25 10:30:00.000,-0.42958866723638983,0.3302153030474326,9.868731644189786,0.0,0.0,9.81,0.005,0.0,0.0,20.0,-15.0,40.0,45.0,0.0,0.0
52.40904000000071,-1.516339999999978,110.0,51.25252502726937,3.0,45.0,12,22300,2026-09-25 10:30:00.000,-0.3187138876500678,0.6932017212862064,9.735761747218712,0.0,0.0,9.81,0.005,0.0,0.0,20.0,-15.0,40.0,45.0,0.0,0.0
52.40905000000071,-1.516324999999978,110.0,51.6918464396044,3.0,45.0,12,22400,2026-09-25 10:30:00.000,-0.027456458008231356,-0.08097305749772249,9.78129549190244,0.0,0.0,9.81,0.005,0.0,0.0,20.0,-15.0,40.0,45.0,0.0,0.0
52.409060000000714,-1.5163099999999778,110.0,52.43032706551636,3.0,45.0,12,22500,2026-09-25 10:30:00.000,0.09281829094865679,-0.6627771409388665,9.57784530510382,0.0,0.0,9.81,0.005,0.0,0.0,20.0,-15.0,40.0,45.0,0.0,0.0
52.40907000000072,-1.5162949999999777,110.0,51.707465897923264,3.0,45.0,12,22600,2026-09-25 10:30:00.000,0.3079787880029951,0.34032631399879953,9.90958518953476,0.0,0.0,9.81,0.005,0.0,0.0,20.0,-15.0,40.0,45.0,0.0,0.0
52.40908000000072,-1.5162799999999776,110.0,51.45326605988045,3.0,45.0,12,22700,2026-09-25 10:30:00.000,-0.19029660058094966,-0.0471237839892312,9.497491141141762,0.0,0.0,9.81,0.005,0.0,0.0,20.0,-15.0,40.0,45.0,0.0,0.0
52.409090000000724,-1.5162649999999775,110.0,52.63798282220624,3.0,45.0,12,22800,2026-09-25 10:30:00.000,0.23512033879264954,-0.07611900416503428,9.905419904638025,0.0,0.0,9.81,0.005,0.0,0.0,20.0,-15.0,40.0,45.0,0.0,0.0
52.40910000000073,-1.5162499999999774,110.0,52.60552175999017,3.0,45.0,12,22900,2026-09-25 10:30:00.000,-0.1293736894658784,-0.44976333411323066,10.139787413952039,0.0,0.0,9.81,0.005,0.0,0.0,20.0,-15.0,40.0,45.0,0.0,0.0
52.40911000000073,-1.5162349999999774,110.0,50.812797352937785,3.0,45.0,12,23000,2026-09-25 10:30:00.000,-0.2801615547804288,-0.5272849573148313,9.676741413726088,0.0,0.0,9.81,0.005,0.0,0.0,20.0,-15.0,40.0,45.0,0.0,0.0
52.40912000000073,-1.5162199999999773,110.0,51.97285434221914,3.0,45.0,12,23100,2026-09-25 10:30:00.000,-0.2517987653657108,0.19395348786634864,9.424308496019522,0.0,0.0,9.81,0.005,0.0,0.0,20.0,-15.0,40.0,45.0,0.0,0.0
52.40913000000074,-1.5162049999999772,110.0,51.43147120037168,3.0,45.0,12,23200,2026-09-25 10:30:00.000,-0.32902904872076344,0.27994868474502044,9.90670169239104,0.0,0.0,9.81,0.005,0.0,0.0,20.0,-15.0,40.0,45.0,0.0,0.0
52.40914000000074,-1.516189999999977,110.0,52.29461755987096,3.0,45.0,12,23300,2026-09-25 10:30:00.000,-0.1500930845502992,-0.33904712637918,9.770039371460626,0.0,0.0,9.81,0.005,0.0,0.0,20.0,-15.0,40.0,45.0,0.0,0.0
52.40915000000074,-1.516174999999977,110.0,53.063933651255994,3.0,45.0,12,23400,2026-09-25 10:30:00.000,0.2481896066366181,-0.48740086079545597,9.404739898880129,0.0,0.0,9.81,0.005,0.0,0.0,20.0,-15.0,40.0,45.0,0.0,0.0
52.409160000000746,-1.5161599999999769,110.0,52.515305676372954,3.0,45.0,12,23500,2026-09-25 10:30:00.000,-0.1269205074286329,0.3307191707089696,9.680359810353671,0.0,0.0,9.81,0.005,0.0,0.0,20.0,-15.0,40.0,45.0,0.0,0.0
52.40917000000075,-1.5161449999999768,110.0,51.93767119111371,3.0,45.0,12,23600,2026-09-25 10:30:00.000,-0.3475271311690777,-0.13745660919578032,9.6325739678516,0.0,0.0,9.81,0.005,0.0,0.0,20.0,-15.0,40.0,45.0,0.0,0.0
52.40918000000075,-1.5161299999999767,110.0,52.997752000709866,3.0,45.0,12,23700,2026-09-25 10:30:00.000,-0.15983625962212614,-0.6180132743912526,10.102310156651372,0.0,0.0,9.81,0.005,0.0,0.0,20.0,-15.0,40.0,45.0,0.0,0.0
52.409190000000756,-1.5161149999999766,110.0,52.791967428559424,3.0,45.0,12,23800,2026-09-25 10:30:00.000,0.17680338324802838,-0.0670997052221301,9.802808826760653,0.0,0.0,9.81,0.005,0.0,0.0,20.0,-15.0,40.0,45.0,0.0,0.0
52.40920000000076,-1.5160999999999765,110.0,51.65350610904844,3.0,45.0,12,23900,2026-09-25 10:30:00.000,-0.08549713731850925,-0.5547366611167315,10.108138499446447,0.0,0.0,9.81,0.005,0.0,0.0,20.0,-15.0,40.0,45.0,0.0,0.0
52.40921000000076,-1.5160849999999764,110.0,52.71723467625114,3.0,45.0,12,24000,2026-09-25 10:30:00.000,0.05219992758982078,0.05198827637421619,9.935432709205754,0.0,0.0,9.81,0.005,0.0,0.0,20.0,-15.0,40.0,45.0,0.0,0.0
52.409220000000765,-1.5160699999999763,110.0,51.10670840667913,3.0,45.0,12,24100,2026-09-25 10:30:00.000,0.07216206797633005,-0.1481197165131314,9.762735077298093,0.0,0.0,9.81,0.005,0.0,0.0,20.0,-15.0,40.0,45.0,0.0,0.0
52.40923000000077,-1.5160549999999762,110.0,52.10486127577453,3.0,45.0,12,24200,2026-09-25 10:30:00.000,-0.1529374908569805,0.28730071734529855,9.81864224765519,0.0,0.0,9.81,0.005,0.0,0.0,20.0,-15.0,40.0,45.0,0.0,0.0
52.40924000000077,-1.516039999999976,110.0,52.12018362281421,3.0,45.0,12,24300,2026-09-25 10:30:00.000,0.3037822825251553,-0.21176362043598354,9.987165909813971,0.0,0.0,9.81,0.005,0.0,0.0,20.0,-15.0,40.0,45.0,0.0,0.0
52.409250000000775,-1.516024999999976,110.0,52.25586525309363,3.0,45.0,12,24400,2026-09-25 10:30:00.000,-0.08698896578504461,0.3171212891716178,9.635261717673405,0.0,0.0,9.81,0.005,0.0,0.0,20.0,-15.0,40.0,45.0,0.0,0.0
52.40926000000078,-1.5160099999999759,110.0,52.23847808556446,3.0,45.0,12,24500,2026-09-25 10:30:00.000,0.290603317032523,-0.15261678869212034,10.079982382508131,0.0,0.0,9.81,0.005,0.0,0.0,20.0,-15.0,40.0,45.0,0.0,0.0
52.40927000000078,-1.5159949999999758,110.0,52.48700290259389,3.0,45.0,12,24600,2026-09-25 10:30:00.000,0.28522925920451025,0.23616330145620365,9.785357715850768,0.0,0.0,9.81,0.005,0.0,0.0,20.0,-15.0,40.0,45.0,0.0,0.0
52.409280000000784,-1.5159799999999757,110.0,52.67879734469365,3.0,45.0,12,24700,2026-09-25 10:30:00.000,0.11249790296845648,0.02383369032232234,9.997647465543372,0.0,0.0,9.81,0.005,0.0,0.0,20.0,-15.0,40.0,45.0,0.0,0.0
52.40929000000079,-1.5159649999999756,110.0,52.75049644811982,3.0,45.0,12,24800,2026-09-25 10:30:00.000,-0.4203064074669507,0.42307409816150676,9.803423858536053,0.0,0.0,9.81,0.005,0.0,0.0,20.0,-15.0,40.0,45.0,0.0,0.0
52.40930000000079,-1.5159499999999755,110.0,52.48720445388317,3.0,45.0,12,24900,2026-09-25 10:30:00.000,0.09125103378433184,0.44323489702961716,9.874499863830511,0.0,0.0,9.81,0.005,0.0,0.0,20.0,-15.0,40.0,45.0,0.0,0.0
52.409310000000794,-1.5159349999999754,110.0,51.47809969350131,3.0,45.0,12,25000,2026-09-25 10:30:00.000,0.0237795936579681,-0.4852747389665859,9.975082218054457,0.0,0.0,9.81,0.005,0.0,0.0,20.0,-15.0,40.0,45.0,0.0,0.0
52.4093200000008,-1.5159199999999753,110.0,51.997746540936504,3.0,45.0,12,25100,2026-09-25 10:30:00.000,-0.15453260663405022,0.211837093431203,9.778334548290815,0.0,0.0,9.81,0.005,0.0,0.0,20.0,-15.0,40.0,45.0,0.0,0.0
52.4093300000008,-1.5159049999999752,110.0,52.10498632776878,3.0,45.0,12,25200,2026-09-25 10:30:00.000,0.19516656699618662,-0.27881739777711556,9.83672410901952,0.0,0.0,9.81,0.005,0.0,0.0,20.0,-15.0,40.0,45.0,0.0,0.0
52.4093400000008,-1.515889999999975,110.0,51.491317433731844,3.0,45.0,12,25300,2026-09-25 10:30:00.000,-0.34893463519245804,0.08098658233525775,9.790294898547467,0.0,0.0,9.81,0.005,0.0,0.0,20.0,-15.0,40.0,45.0,0.0,0.0
52.409350000000806,-1.515874999999975,110.0,51.49351018221397,3.0,45.0,12,25400,2026-09-25 10:30:00.000,-0.00030028919017972746,0.2719634219027348,10.095805273472513,0.0,0.0,9.81,0.005,0.0,0.0,20.0,-15.0,40.0,45.0,0.0,0.0
52.40936000000081,-1.515859999999975,110.0,52.06671759403557,3.0,45.0,12,25500,2026-09-25 10:30:00.000,-0.3465944902736649,-0.5270736031735771,9.95857519104698,0.0,0.0,9.81,0.005,0.0,0.0,20.0,-15.0,40.0,45.0,0.0,0.0
52.40937000000081,-1.5158449999999748,110.0,52.2158497098855,3.0,45.0,12,25600,2026-09-25 10:30:00.000,0.3367338908653792,-0.460137190243589,9.631039063239646,0.0,0.0,9.81,0.005,0.0,0.0,20.0,-15.0,40.0,45.0,0.0,0.0
52.409380000000816,-1.5158299999999747,110.0,52.03794742899719,3.0,45.0,12,25700,2026-09-25 10:30:00.000,-0.028055539299120098,0.0520816534981391,9.598265469476319,0.0,0.0,9.81,0.005,0.0,0.0,20.0,-15.0,40.0,45.0,0.0,0.0
52.40939000000082,-1.5158149999999746,110.0,52.9163716289326,3.0,45.0,12,25800,2026-09-25 10:30:00.000,0.0374507890485483,-0.03317712762868161,9.974305738095719,0.0,0.0,9.81,0.005,0.0,0.0,20.0,-15.0,40.0,45.0,0.0,0.0
52.40940000000082,-1.5157999999999745,110.0,52.17462279447019,3.0,45.0,12,25900,2026-09-25 10:30:00.000,0.22558981575494452,-0.43080014289392954,10.104583693130134,0.0,0.0,9.81,0.005,0.0,0.0,20.0,-15.0,40.0,45.0,0.0,0.0
52.409410000000825,-1.5157849999999744,110.0,51.80058946336219,3.0,45.0,12,26000,2026-09-25 10:30:00.000,-0.19064134235045208,-0.10065346304407641,9.968597397198335,0.0,0.0,9.81,0.005,0.0,0.0,20.0,-15.0,40.0,45.0,0.0,0.0
52.40942000000083,-1.5157699999999743,110.0,52.00244528661608,3.0,45.0,12,26100,2026-09-25 10:30:00.000,-0.024000904700033267,-0.3815666305501836,9.544737546779515,0.0,0.0,9.81,0.005,0.0,0.0,20.0,-15.0,40.0,45.0,0.0,0.0
52.40943000000083,-1.5157549999999742,110.0,53.234697551990784,3.0,45.0,12,26200,2026-09-25 10:30:00.000,-0.005079801705231975,-0.0007817825651654092,9.628631475910435,0.0,0.0,9.81,0.005,0.0,0.0,20.0,-15.0,40.0,45.0,0.0,0.0
52.409440000000835,-1.515739999999974,110.0,52.55738443875421,3.0,45.0,12,26300,2026-09-25 10:30:00.000,0.1795811422861509,0.3493906343385982,10.259720220774042,0.0,0.0,9.81,0.005,0.0,0.0,20.0,-15.0,40.0,45.0,0.0,0.0
52.40945000000084,-1.515724999999974,110.0,51.94688848677146,3.0,45.0,12,26400,2026-09-25 10:30:00.000,-0.010770838715492198,0.06942038738807606,9.574211739633096,0.0,0.0,9.81,0.005,0.0,0.0,20.0,-15.0,40.0,45.0,0.0,0.0
52.40946000000084,-1.515709999999974,110.0,51.114411929233405,3.0,45.0,12,26500,2026-09-25 10:30:00.000,0.17611017273800883,0.28776328575589405,9.831968713008754,0.0,0.0,9.81,0.005,0.0,0.0,20.0,-15.0,40.0,45.0,0.0,0.0
52.409470000000844,-1.5156949999999738,110.0,52.027802733037106,3.0,45.0,12,26600,2026-09-25 10:30:00.000,-0.13016653995399102,-0.05857356697839716,10.113289706349306,0.0,0.0,9.81,0.005,0.0,0.0,20.0,-15.0,40.0,45.0,0.0,0.0
52.40948000000085,-1.5156799999999737,110.0,51.70654716729653,3.0,45.0,12,26700,2026-09-25 10:30:00.000,0.14134708910864896,0.5824386411515008,9.807148720213275,0.0,0.0,9.81,0.005,0.0,0.0,20.0,-15.0,40.0,45.0,0.0,0.0
52.40949000000085,-1.5156649999999736,110.0,51.91388426209029,3.0,45.0,12,26800,2026-09-25 10:30:00.000,-0.027930427179899398,-0.006017652930635428,9.959839123340073,0.0,0.0,9.81,0.005,0.0,0.0,20.0,-15.0,40.0,45.0,0.0,0.0
52.409500000000854,-1.5156499999999735,110.0,52.78641801173723,3.0,45.0,12,26900,2026-09-25 10:30:00.000,0.06254515011484467,-0.07719937798492499,9.648139217717153,0.0,0.0,9.81,0.005,0.0,0.0,20.0,-15.0,40.0,45.0,0.0,0.0
52.40951000000086,-1.5156349999999734,110.0,51.048067944318944,3.0,45.0,12,27000,2026-09-25 10:30:00.000,0.17287917545659615,-0.10309708723131672,9.728590839099166,0.0,0.0,9.81,0.005,0.0,0.0,20.0,-15.0,40.0,45.0,0.0,0.0
52.40952000000086,-1.5156199999999733,110.0,52.007850168841685,3.0,45.0,12,27100,2026-09-25 10:30:00.000,-0.15127974370889025,0.4380722906560385,9.767747811374914,0.0,0.0,9.81,0.005,0.0,0.0,20.0,-15.0,40.0,45.0,0.0,0.0
52.40953000000086,-1.5156049999999732,110.0,52.560005748255946,3.0,45.0,12,27200,2026-09-25 10:30:00.000,-0.14149753201656698,0.10535444515558266,9.950169849502348,0.0,0.0,9.81,0.005,0.0,0.0,20.0,-15.0,40.0,45.0,0.0,0.0
52.40954000000087,-1.5155899999999731,110.0,51.217709655231275,3.0,45.0,12,27300,2026-09-25 10:30:00.000,0.12338802761750803,-0.04627296968137423,9.726341103506186,0.0,0.0,9.81,0.005,0.0,0.0,20.0,-15.0,40.0,45.0,0.0,0.0
52.40955000000087,-1.515574999999973,110.0,52.80814570121396,3.0,45.0,12,27400,2026-09-25 10:30:00.000,0.07644129345422418,-0.2998010281579897,10.033560201606893,0.0,0.0,9.81,0.005,0.0,0.0,20.0,-15.0,40.0,45.0,0.0,0.0
52.40956000000087,-1.515559999999973,110.0,51.890139347960435,3.0,45.0,12,27500,2026-09-25 10:30:00.000,0.03101080031699896,0.3388353027803931,9.766285824090948,0.0,0.0,9.81,0.005,0.0,0.0,20.0,-15.0,40.0,45.0,0.0,0.0
52.409570000000876,-1.5155449999999728,110.0,52.012415039722335,3.0,45.0,12,27600,2026-09-25 10:30:00.000,-0.005763886242425795,0.4337102690141924,9.912672722187494,0.0,0.0,9.81,0.005,0.0,0.0,20.0,-15.0,40.0,45.0,0.0,0.0
52.40958000000088,-1.5155299999999727,110.0,51.808398906594675,3.0,45.0,12,27700,2026-09-25 10:30:00.000,0.21381805404211007,-0.04887406489423016,9.981822787821482,0.0,0.0,9.81,0.005,0.0,0.0,20.0,-15.0,40.0,45.0,0.0,0.0
52.40959000000088,-1.5155149999999726,110.0,52.23608198896022,3.0,45.0,12,27800,2026-09-25 10:30:00.000,0.19888489618724342,0.023023725112647025,9.809279888411965,0.0,0.0,9.81,0.005,0.0,0.0,20.0,-15.0,40.0,45.0,0.0,0.0
52.409600000000886,-1.5154999999999725,110.0,52.18613997045537,3.0,45.0,12,27900,2026-09-25 10:30:00.000,0.010264598648386605,0.11127305763157323,9.601427334395245,0.0,0.0,9.81,0.005,0.0,0.0,20.0,-15.0,40.0,45.0,0.0,0.0
52.40961000000089,-1.5154849999999724,110.0,51.529081071205106,3.0,45.0,12,28000,2026-09-25 10:30:00.000,0.06231781290785592,0.6370572816163774,9.76908046367167,0.0,0.0,9.81,0.005,0.0,0.0,20.0,-15.0,40.0,45.0,0.0,0.0
52.40962000000089,-1.5154699999999723,110.0,51.864550595451206,3.0,45.0,12,28100,2026-09-25 10:30:00.000,-0.1095578365477644,-0.4415191295045324,9.812158811690836,0.0,0.0,9.81,0.005,0.0,0.0,20.0,-15.0,40.0,45.0,0.0,0.0
52.409630000000895,-1.5154549999999722,110.0,52.06532328793097,3.0,45.0,12,28200,2026-09-25 10:30:00.000,-0.3644645754544406,0.7229314266521936,9.57780661124843,0.0,0.0,9.81,0.005,0.0,0.0,20.0,-15.0,40.0,45.0,0.0,0.0
52.4096400000009,-1.5154399999999721,110.0,52.56630468306116,3.0,45.0,12,28300,2026-09-25 10:30:00.000,0.13913461327900908,0.6165894305430633,10.023845680864191,0.0,0.0,9.81,0.005,0.0,0.0,20.0,-15.0,40.0,45.0,0.0,0.0
52.4096500000009,-1.515424999999972,110.0,51.75632525425088,3.0,45.0,12,28400,2026-09-25 10:30:00.000,-0.13240318882273172,0.2214881003707167,9.704228525656646,0.0,0.0,9.81,0.005,0.0,0.0,20.0,-15.0,40.0,45.0,0.0,0.0
52.409660000000905,-1.515409999999972,110.0,51.657081189137436,3.0,45.0,12,28500,2026-09-25 10:30:00.000,0.14185227495026131,0.2536289504043201,10.271530476261958,0.0,0.0,9.81,0.005,0.0,0.0,20.0,-15.0,40.0,45.0,0.0,0.0
52.40967000000091,-1.5153949999999718,110.0,52.111130436454324,3.0,45.0,12,28600,2026-09-25 10:30:00.000,0.025875204442680738,-0.49828409715062194,9.972516338968855,0.0,0.0,9.81,0.005,0.0,0.0,20.0,-15.0,40.0,45.0,0.0,0.0
52.40968000000091,-1.5153799999999717,110.0,53.03446117022833,3.0,45.0,12,28700,2026-09-25 10:30:00.000,-0.07975007822218814,0.23777135184978496,9.690111449297145,0.0,0.0,9.81,0.005,0.0,0.0,20.0,-15.0,40.0,45.0,0.0,0.0
52.409690000000914,-1.5153649999999717,110.0,52.16104355510271,3.0,45.0,12,28800,2026-09-25 10:30:00.000,0.19206608686392032,-0.07581754737535093,9.52971446005907,0.0,0.0,9.81,0.005,0.0,0.0,20.0,-15.0,40.0,45.0,0.0,0.0
52.40970000000092,-1.5153499999999716,110.0,52.79575213003693,3.0,45.0,12,28900,2026-09-25 10:30:00.000,0.010526475931050168,0.32836217451271965,9.875259027828873,0.0,0.0,9.81,0.005,0.0,0.0,20.0,-15.0,40.0,45.0,0.0,0.0
52.40971000000092,-1.5153349999999715,110.0,52.10529103146066,3.0,45.0,12,29000,2026-09-25 10:30:00.000,-0.04765508188614521,0.40621671307506935,10.25425561638427,0.0,0.0,9.81,0.005,0.0,0.0,20.0,-15.0,40.0,45.0,0.0,0.0
52.409720000000924,-1.5153199999999714,110.0,51.77141925605867,3.0,45.0,12,29100,2026-09-25 10:30:00.000,0.15487665409879614,0.13229462064229364,9.812512202074002,0.0,0.0,9.81,0.005,0.0,0.0,20.0,-15.0,40.0,45.0,0.0,0.0
52.40973000000093,-1.5153049999999713,110.0,51.84369029909289,3.0,45.0,12,29200,2026-09-25 10:30:00.000,0.3005789827384533,-0.357429005672252,9.703115404911475,0.0,0.0,9.81,0.005,0.0,0.0,20.0,-15.0,40.0,45.0,0.0,0.0
52.40974000000093,-1.5152899999999712,110.0,52.740220239371304,3.0,45.0,12,29300,2026-09-25 10:30:00.000,0.057066344512791134,-0.8685746585350015,10.100801631872443,0.0,0.0,9.81,0.005,0.0,0.0,20.0,-15.0,40.0,45.0,0.0,0.0
52.40975000000093,-1.515274999999971,110.0,52.09682926026472,3.0,45.0,12,29400,2026-09-25 10:30:00.000,0.03206004399195466,-0.5874219500118776,9.9660431342384,0.0,0.0,9.81,0.005,0.0,0.0,20.0,-15.0,40.0,45.0,0.0,0.0
52.40976000000094,-1.515259999999971,110.0,52.77092000372849,3.0,45.0,12,29500,2026-09-25 10:30:00.000,-0.05500824959413299,0.3169828688020757,9.495741613168766,0.0,0.0,9.81,0.005,0.0,0.0,20.0,-15.0,40.0,45.0,0.0,0.0
52.40977000000094,-1.5152449999999709,110.0,52.3980883669688,3.0,45.0,12,29600,2026-09-25 10:30:00.000,-0.13225353399627704,0.021147374755311227,9.693998519922516,0.0,0.0,9.81,0.005,0.0,0.0,20.0,-15.0,40.0,45.0,0.0,0.0
52.40978000000094,-1.5152299999999708,110.0,51.9536812754979,3.0,45.0,12,29700,2026-09-25 10:30:00.000,0.27994189655409757,0.5182094725490812,9.54692675458427,0.0,0.0,9.81,0.005,0.0,0.0,20.0,-15.0,40.0,45.0,0.0,0.0
52.409790000000946,-1.5152149999999707,110.0,51.422785345609135,3.0,45.0,12,29800,2026-09-25 10:30:00.000,-0.05601099558726205,0.2939967126121796,9.915668245092657,0.0,0.0,9.81,0.005,0.0,0.0,20.0,-15.0,40.0,45.0,0.0,0.0
52.40980000000095,-1.5151999999999706,110.0,52.730104166823736,3.0,45.0,12,29900,2026-09-25 10:30:00.000,0.0018223462834587975,0.25061130567459794,9.793804495180131,0.0,0.0,9.81,0.005,0.0,0.0,20.0,-15.0,40.0,45.0,0.0,0.0
52.40981000000095,-1.5151849999999705,110.0,52.423817834022444,3.0,45.0,12,30000,2026-09-25 10:30:00.000,0.1597481699489943,0.2648731812095625,9.851635014008751,0.0,0.0,9.81,0.005,0.0,0.0,20.0,-15.0,40.0,45.0,0.0,0.0
52.409820000000956,-1.5151699999999704,110.0,52.347422476614526,3.0,45.0,12,30100,2026-09-25 10:30:00.000,-0.23317530137989972,-0.4470023689436583,9.898316141608445,0.0,0.0,9.81,0.005,0.0,0.0,20.0,-15.0,40.0,45.0,0.0,0.0
52.40983000000096,-1.5151549999999703,110.0,52.36631477811207,3.0,45.0,12,30200,2026-09-25 10:30:00.000,0.025355024975410596,0.2698588713591062,9.574268115491934,0.0,0.0,9.81,0.005,0.0,0.0,20.0,-15.0,40.0,45.0,0.0,0.0
52.40984000000096,-1.5151399999999702,110.0,51.643951776885054,3.0,45.0,12,30300,2026-09-25 10:30:00.000,0.05693629083147167,-0.15669534317964165,9.68459672568933,0.0,0.0,9.81,0.005,0.0,0.0,20.0,-15.0,40.0,45.0,0.0,0.0
52.409850000000965,-1.51512499999997,110.0,52.18445653540348,3.0,45.0,12,30400,2026-09-25 10:30:00.000,0.033123106534477406,0.21929078205131808,9.852368363789802,0.0,0.0,9.81,0.005,0.0,0.0,20.0,-15.0,40.0,45.0,0.0,0.0
52.40986000000097,-1.51510999999997,110.0,51.74838811059752,3.0,45.0,12,30500,2026-09-25 10:30:00.000,0.1791492423711457,-0.4442636536198481,9.710187373294293,0.0,0.0,9.81,0.005,0.0,0.0,20.0,-15.0,40.0,45.0,0.0,0.0
52.40987000000097,-1.5150949999999699,110.0,51.669738176245424,3.0,45.0,12,30600,2026-09-25 10:30:00.000,0.4560344070528526,0.6527284522746832,9.955537793917662,0.0,0.0,9.81,0.005,0.0,0.0,20.0,-15.0,40.0,45.0,0.0,0.0
52.409880000000975,-1.5150799999999698,110.0,52.00683860792118,3.0,45.0,12,30700,2026-09-25 10:30:00.000,0.02259210683626837,0.3469233746059881,9.742388167665226,0.0,0.0,9.81,0.005,0.0,0.0,20.0,-15.0,40.0,45.0,0.0,0.0
52.40989000000098,-1.5150649999999697,110.0,51.97246149184658,3.0,45.0,12,30800,2026-09-25 10:30:00.000,0.1452901864630817,0.22214812967194947,9.737320225301012,0.0,0.0,9.81,0.005,0.0,0.0,20.0,-15.0,40.0,45.0,0.0,0.0
52.40990000000098,-1.5150499999999696,110.0,52.764241253281256,3.0,45.0,12,30900,2026-09-25 10:30:00.000,0.29441823043306253,-0.25658042538154735,9.667220863916077,0.0,0.0,9.81,0.005,0.0,0.0,20.0,-15.0,40.0,45.0,0.0,0.0
52.409910000000984,-1.5150349999999695,110.0,52.23497209819034,3.0,45.0,12,31000,2026-09-25 10:30:00.000,-0.036627250139136744,0.06198154922101517,9.99644401394827,0.0,0.0,9.81,0.005,0.0,0.0,20.0,-15.0,40.0,45.0,0.0,0.0
52.40992000000099,-1.5150199999999694,110.0,52.11648001254537,3.0,45.0,12,31100,2026-09-25 10:30:00.000,0.11501973357326095,0.2532743357608328,10.109053666770473,0.0,0.0,9.81,0.005,0.0,0.0,20.0,-15.0,40.0,45.0,0.0,0.0
52.40993000000099,-1.5150049999999693,110.0,52.25591472081623,3.0,45.0,12,31200,2026-09-25 10:30:00.000,-0.29149238494899427,-0.2274533925226074,9.866427198725372,0.0,0.0,9.81,0.005,0.0,0.0,20.0,-15.0,40.0,45.0,0.0,0.0
52.409940000000994,-1.5149899999999692,110.0,52.033115990243985,3.0,45.0,12,31300,2026-09-25 10:30:00.000,0.2567993700421747,0.0817219460249444,9.732146374816631,0.0,0.0,9.81,0.005,0.0,0.0,20.0,-15.0,40.0,45.0,0.0,0.0
52.409950000001,-1.514974999999969,110.0,51.666018515124065,3.0,45.0,12,31400,2026-09-25 10:30:00.000,0.1988489030938722,0.19596935105413493,9.97098193423674,0.0,0.0,9.81,0.005,0.0,0.0,20.0,-15.0,40.0,45.0,0.0,0.0
52.409960000001,-1.514959999999969,110.0,52.04408193972111,3.0,45.0,12,31500,2026-09-25 10:30:00.000,0.014839193661678558,0.4847269589009897,9.718483002947936,0.0,0.0,9.81,0.005,0.0,0.0,20.0,-15.0,40.0,45.0,0.0,0.0
52.409970000001,-1.514944999999969,110.0,52.177414540566126,3.0,45.0,12,31600,2026-09-25 10:30:00.000,-0.32888168025314346,0.34506941531530977,9.675466719821264,0.0,0.0,9.81,0.005,0.0,0.0,20.0,-15.0,40.0,45.0,0.0,0.0
52.409980000001006,-1.5149299999999688,110.0,52.50662053818847,3.0,45.0,12,31700,2026-09-25 10:30:00.000,0.01458038066896665,0.26777741138029815,10.111136009465323,0.0,0.0,9.81,0.005,0.0,0.0,20.0,-15.0,40.0,45.0,0.0,0.0
52.40999000000101,-1.5149149999999687,110.0,51.61032565376551,3.0,45.0,12,31800,2026-09-25 10:30:00.000,-0.08968375270563542,0.5148665147028105,9.754752482324529,0.0,0.0,9.81,0.005,0.0,0.0,20.0,-15.0,40.0,45.0,0.0,0.0
52.41000000000101,-1.5148999999999686,110.0,51.98075870758613,3.0,45.0,12,31900,2026-09-25 10:30:00.000,-0.23078841424326263,0.07151513176813,9.496756515651546,0.0,0.0,9.81,0.005,0.0,0.0,20.0,-15.0,40.0,45.0,0.0,0.0
52.410010000001016,-1.5148849999999685,110.0,51.18710411191543,3.0,45.0,12,32000,2026-09-25 10:30:00.000,0.023217476868666053,0.05547666028955355,9.73701792672936,0.0,0.0,9.81,0.005,0.0,0.0,20.0,-15.0,40.0,45.0,0.0,0.0
52.41002000000102,-1.5148699999999684,110.0,51.895019775759145,3.0,45.0,12,32100,2026-09-25 10:30:00.000,-0.40520389387203803,0.279910452695764,9.135491720055803,0.0,0.0,9.81,0.005,0.0,0.0,20.0,-15.0,40.0,45.0,0.0,0.0
52.41003000000102,-1.5148549999999683,110.0,51.55838772254669,3.0,45.0,12,32200,2026-09-25 10:30:00.000,0.04914165395721539,0.3717934963130234,10.17490496464092,0.0,0.0,9.81,0.005,0.0,0.0,20.0,-15.0,40.0,45.0,0.0,0.0
52.410040000001025,-1.5148399999999682,110.0,52.184433188340485,3.0,45.0,12,32300,2026-09-25 10:30:00.000,-0.01493523516092995,-0.2026753308978322,10.100922066385392,0.0,0.0,9.81,0.005,0.0,0.0,20.0,-15.0,40.0,45.0,0.0,0.0
52.41005000000103,-1.5148249999999681,110.0,51.738668676297934,3.0,45.0,12,32400,2026-09-25 10:30:00.000,-0.006447782011594736,-0.8007252986890345,9.71070650219528,0.0,0.0,9.81,0.005,0.0,0.0,20.0,-15.0,40.0,45.0,0.0,0.0
52.41006000000103,-1.514809999999968,110.0,51.92376731583068,3.0,45.0,12,32500,2026-09-25 10:30:00.000,0.015356267293951377,0.1754624652727399,9.978965527505055,0.0,0.0,9.81,0.005,0.0,0.0,20.0,-15.0,40.0,45.0,0.0,0.0
52.410070000001035,-1.514794999999968,110.0,52.65714772857883,3.0,45.0,12,32600,2026-09-25 10:30:00.000,-0.15449772376759852,0.0853806851813933,9.864062933388091,0.0,0.0,9.81,0.005,0.0,0.0,20.0,-15.0,40.0,45.0,0.0,0.0
52.41008000000104,-1.5147799999999678,110.0,52.12171732888108,3.0,45.0,12,32700,2026-09-25 10:30:00.000,0.06985392984618591,-0.27839938043427914,10.07163450039702,0.0,0.0,9.81,0.005,0.0,0.0,20.0,-15.0,40.0,45.0,0.0,0.0
52.41009000000104,-1.5147649999999677,110.0,52.17229289498379,3.0,45.0,12,32800,2026-09-25 10:30:00.000,-0.029949565271608615,0.2475629648461852,9.56407608411629,0.0,0.0,9.81,0.005,0.0,0.0,20.0,-15.0,40.0,45.0,0.0,0.0
52.410100000001044,-1.5147499999999676,110.0,53.36308684108859,3.0,45.0,12,32900,2026-09-25 10:30:00.000,0.24845752792234554,0.613177097701929,10.22876011081589,0.0,0.0,9.81,0.005,0.0,0.0,20.0,-15.0,40.0,45.0,0.0,0.0
52.41011000000105,-1.5147349999999675,110.0,52.70489157566404,3.0,45.0,12,33000,2026-09-25 10:30:00.000,0.1604189289516894,0.151532853003842,9.698825288155405,0.0,0.0,9.81,0.005,0.0,0.0,20.0,-15.0,40.0,45.0,0.0,0.0
52.41012000000105,-1.5147199999999674,110.0,52.098284683863945,3.0,45.0,12,33100,2026-09-25 10:30:00.000,-0.06051311478280692,0.5967978661160294,9.901920178327433,0.0,0.0,9.81,0.005,0.0,0.0,20.0,-15.0,40.0,45.0,0.0,0.0
52.410130000001054,-1.5147049999999673,110.0,51.96386904478341,3.0,45.0,12,33200,2026-09-25 10:30:00.000,-0.052921618532298376,0.2964048314816244,9.901553040569743,0.0,0.0,9.81,0.005,0.0,0.0,20.0,-15.0,40.0,45.0,0.0,0.0
52.41014000000106,-1.5146899999999672,110.0,52.22817017969688,3.0,45.0,12,33300,2026-09-25 10:30:00.000,0.22027855957898496,-0.37115240273536354,9.738601593611401,0.0,0.0,9.81,0.005,0.0,0.0,20.0,-15.0,40.0,45.0,0.0,0.0
52.41015000000106,-1.5146749999999671,110.0,51.68887692655549,3.0,45.0,12,33400,2026-09-25 10:30:00.000,0.08987370749693921,0.3545830904445916,10.03386347916834,0.0,0.0,9.81,0.005,0.0,0.0,20.0,-15.0,40.0,45.0,0.0,0.0
52.41016000000106,-1.514659999999967,110.0,52.0026061162315,3.0,45.0,12,33500,2026-09-25 10:30:00.000,-0.10305449159296139,0.00888602981573934,9.71650013386677,0.0,0.0,9.81,0.005,0.0,0.0,20.0,-15.0,40.0,45.0,0.0,0.0
52.41017000000107,-1.514644999999967,110.0,52.16145469021644,3.0,45.0,12,33600,2026-09-25 10:30:00.000,-0.2207154003293905,0.49322717082173695,9.67069828018274,0.0,0.0,9.81,0.005,0.0,0.0,20.0,-15.0,40.0,45.0,0.0,0.0
52.41018000000107,-1.5146299999999668,110.0,52.179730802711816,3.0,45.0,12,33700,2026-09-25 10:30:00.000,0.0777562932843214,0.41877627529727246,10.091998022045855,0.0,0.0,9.81,0.005,0.0,0.0,20.0,-15.0,40.0,45.0,0.0,0.0
52.41019000000107,-1.5146149999999667,110.0,53.33054113883662,3.0,45.0,12,33800,2026-09-25 10:30:00.000,0.06913945700627327,0.11422891874300782,9.924160599913023,0.0,0.0,9.81,0.005,0.0,0.0,20.0,-15.0,40.0,45.0,0.0,0.0
52.410200000001076,-1.5145999999999666,110.0,52.70978288342072,3.0,45.0,12,33900,2026-09-25 10:30:00.000,-0.202471773266522,0.12283449578530581,9.89969912836772,0.0,0.0,9.81,0.005,0.0,0.0,20.0,-15.0,40.0,45.0,0.0,0.0
52.41021000000108,-1.5145849999999665,110.0,52.43178686531516,3.0,45.0,12,34000,2026-09-25 10:30:00.000,0.14320922169918135,0.20528454321354367,9.685527744343503,0.0,0.0,9.81,0.005,0.0,0.0,20.0,-15.0,40.0,45.0,0.0,0.0
52.41022000000108,-1.5145699999999664,110.0,52.56472272385784,3.0,45.0,12,34100,2026-09-25 10:30:00.000,0.42205365064269124,-0.25865003934527,10.064446904512337,0.0,0.0,9.81,0.005,0.0,0.0,20.0,-15.0,40.0,45.0,0.0,0.0
52.410230000001086,-1.5145549999999663,110.0,52.16468512603872,3.0,45.0,12,34200,2026-09-25 10:30:00.000,-0.31325956063335647,-0.42288601825783256,9.347274825982325,0.0,0.0,9.81,0.005,0.0,0.0,20.0,-15.0,40.0,45.0,0.0,0.0
52.41024000000109,-1.5145399999999662,110.0,51.18778962194851,3.0,45.0,12,34300,2026-09-25 10:30:00.000,0.029098455620816963,0.6649753862967164,9.580021140622348,0.0,0.0,9.81,0.005,0.0,0.0,20.0,-15.0,40.0,45.0,0.0,0.0
52.41025000000109,-1.5145249999999661,110.0,52.894381247805384,3.0,45.0,12,34400,2026-09-25 10:30:00.000,-0.19303875772912996,-0.4149675373881456,9.656983341915979,0.0,0.0,9.81,0.005,0.0,0.0,20.0,-15.0,40.0,45.0,0.0,0.0
52.410260000001095,-1.514509999999966,110.0,53.0620867482198,3.0,45.0,12,34500,2026-09-25 10:30:00.000,0.09263282439773533,0.05525703218283367,9.786748476991889,0.0,0.0,9.81,0.005,0.0,0.0,20.0,-15.0,40.0,45.0,0.0,0.0
52.4102700000011,-1.514494999999966,110.0,52.75712759700973,3.0,45.0,12,34600,2026-09-25 10:30:00.000,0.0800341939321636,0.5810313979834211,9.841997030257984,0.0,0.0,9.81,0.005,0.0,0.0,20.0,-15.0,40.0,45.0,0.0,0.0
52.4102800000011,-1.5144799999999659,110.0,53.44718102739892,3.0,45.0,12,34700,2026-09-25 10:30:00.000,-0.1036721850639464,-0.08881985436673462,9.413879486334253,0.0,0.0,9.81,0.005,0.0,0.0,20.0,-15.0,40.0,45.0,0.0,0.0
52.410290000001105,-1.5144649999999658,110.0,52.26004638213128,3.0,45.0,12,34800,2026-09-25 10:30:00.000,0.17722321222110987,0.19273199020605286,9.788463872174155,0.0,0.0,9.81,0.005,0.0,0.0,20.0,-15.0,40.0,45.0,0.0,0.0
52.41030000000111,-1.5144499999999657,110.0,53.18867098469206,3.0,45.0,12,34900,2026-09-25 10:30:00.000,0.22064206179736054,0.14478300804335292,9.58065295068018,0.0,0.0,9.81,0.005,0.0,0.0,20.0,-15.0,40.0,45.0,0.0,0.0
52.41031000000111,-1.5144349999999656,110.0,52.04943668696707,3.0,45.0,12,35000,2026-09-25 10:30:00.000,0.24761874736410905,0.6878115847024182,9.593507601013771,0.0,0.0,9.81,0.005,0.0,0.0,20.0,-15.0,40.0,45.0,0.0,0.0
52.410320000001114,-1.5144199999999655,110.0,52.580257840671,3.0,45.0,12,35100,2026-09-25 10:30:00.000,0.3409949181093183,0.023705547972874483,9.482459109769081,0.0,0.0,9.81,0.005,0.0,0.0,20.0,-15.0,40.0,45.0,0.0,0.0
52.41033000000112,-1.5144049999999654,110.0,53.182688169048234,3.0,45.0,12,35200,2026-09-25 10:30:00.000,-0.16742499164294739,-0.11190604720257302,9.701779121436495,0.0,0.0,9.81,0.005,0.0,0.0,20.0,-15.0,40.0,45.0,0.0,0.0
52.41034000000112,-1.5143899999999653,110.0,52.07508122608044,3.0,45.0,12,35300,2026-09-25 10:30:00.000,0.2506927668462929,0.650232986350571,10.095497728444547,0.0,0.0,9.81,0.005,0.0,0.0,20.0,-15.0,40.0,45.0,0.0,0.0
52.410350000001124,-1.5143749999999652,110.0,51.883205323892476,3.0,45.0,12,35400,2026-09-25 10:30:00.000,-0.11251011061807153,-0.061755473288656326,9.627453373997296,0.0,0.0,9.81,0.005,0.0,0.0,20.0,-15.0,40.0,45.0,0.0,0.0
52.41036000000113,-1.514359999999965,110.0,51.59353251529413,3.0,45.0,12,35500,2026-09-25 10:30:00.000,0.10405667246891265,-0.53362572613084,9.860201955305387,0.0,0.0,9.81,0.005,0.0,0.0,20.0,-15.0,40.0,45.0,0.0,0.0
52.41037000000113,-1.514344999999965,110.0,51.425869185735955,3.0,45.0,12,35600,2026-09-25 10:30:00.000,-0.19731582411336063,-0.4256323589609746,9.629277925760983,0.0,0.0,9.81,0.005,0.0,0.0,20.0,-15.0,40.0,45.0,0.0,0.0
52.41038000000113,-1.5143299999999649,110.0,52.26401502252064,3.0,45.0,12,35700,2026-09-25 10:30:00.000,0.012321470903826707,0.16057178825208757,9.762218325628993,0.0,0.0,9.81,0.005,0.0,0.0,20.0,-15.0,40.0,45.0,0.0,0.0
52.41039000000114,-1.5143149999999648,110.0,52.70343013501992,3.0,45.0,12,35800,2026-09-25 10:30:00.000,0.06988119343811323,-0.21778401120632443,9.899329868577794,0.0,0.0,9.81,0.005,0.0,0.0,20.0,-15.0,40.0,45.0,0.0,0.0
52.41040000000114,-1.5142999999999647,110.0,53.16218269427735,3.0,45.0,12,35900,2026-09-25 10:30:00.000,0.18566421480095863,0.14703522374912695,9.996895621605141,0.0,0.0,9.81,0.005,0.0,0.0,20.0,-15.0,40.0,45.0,0.0,0.0
52.41041000000114,-1.5142849999999646,110.0,51.85034333086446,3.0,45.0,12,36000,2026-09-25 10:30:00.000,0.10435406060353539,0.5482481412619588,10.081945913434044,0.0,0.0,9.81,0.005,0.0,0.0,20.0,-15.0,40.0,45.0,0.0,0.0
52.410420000001146,-1.5142699999999645,110.0,51.91179168753577,3.0,45.0,12,36100,2026-09-25 10:30:00.000,-0.08824347517675235,0.18933621563196115,9.898851710989291,0.0,0.0,9.81,0.005,0.0,0.0,20.0,-15.0,40.0,45.0,0.0,0.0
52.41043000000115,-1.5142549999999644,110.0,52.54617816878242,3.0,45.0,12,36200,2026-09-25 10:30:00.000,-0.09116145775620378,0.31544042331234146,9.720561069759658,0.0,0.0,9.81,0.005,0.0,0.0,20.0,-15.0,40.0,45.0,0.0,0.0
52.41044000000115,-1.5142399999999643,110.0,51.930798080601,3.0,45.0,12,36300,2026-09-25 10:30:00.000,0.10224839131303409,0.6471342832646367,9.78502752695374,0.0,0.0,9.81,0.005,0.0,0.0,20.0,-15.0,40.0,45.0,0.0,0.0
52.410450000001156,-1.5142249999999642,110.0,52.22640342650742,3.0,45.0,12,36400,2026-09-25 10:30:00.000,0.04210425736802643,0.05369716736151878,9.859791687579989,0.0,0.0,9.81,0.005,0.0,0.0,20.0,-15.0,40.0,45.0,0.0,0.0
52.41046000000116,-1.514209999999964,110.0,52.05262041393423,3.0,45.0,12,36500,2026-09-25 10:30:00.000,0.10406172038622721,-0.12630376315276545,9.309942999670898,0.0,0.0,9.81,0.005,0.0,0.0,20.0,-15.0,40.0,45.0,0.0,0.0
52.41047000000116,-1.514194999999964,110.0,51.97607355217416,3.0,45.0,12,36600,2026-09-25 10:30:00.000,-0.01806385800189819,0.0916487119678454,9.843679076541815,0.0,0.0,9.81,0.005,0.0,0.0,20.0,-15.0,40.0,45.0,0.0,0.0
52.410480000001165,-1.5141799999999639,110.0,52.197911707140676,3.0,45.0,12,36700,2026-09-25 10:30:00.000,-0.30763480781238817,0.004425490247878014,9.79005245243108,0.0,0.0,9.81,0.005,0.0,0.0,20.0,-15.0,40.0,45.0,0.0,0.0
52.41049000000117,-1.5141649999999638,110.0,51.9869369461896,3.0,45.0,12,36800,2026-09-25 10:30:00.000,-0.2920739395694684,-0.25886741187632956,9.911348162153208,0.0,0.0,9.81,0.005,0.0,0.0,20.0,-15.0,40.0,45.0,0.0,0.0
52.41050000000117,-1.5141499999999637,110.0,52.28604845126574,3.0,45.0,12,36900,2026-09-25 10:30:00.000,0.5097357825849224,0.15795341400595053,9.752134606656178,0.0,0.0,9.81,0.005,0.0,0.0,20.0,-15.0,40.0,45.0,0.0,0.0
52.410510000001175,-1.5141349999999636,110.0,52.077309716789756,3.0,45.0,12,37000,2026-09-25 10:30:00.000,-0.19598134930585526,-0.1911275825250027,10.284633544357304,0.0,0.0,9.81,0.005,0.0,0.0,20.0,-15.0,40.0,45.0,0.0,0.0
52.41052000000118,-1.5141199999999635,110.0,52.39993919136275,3.0,45.0,12,37100,2026-09-25 10:30:00.000,0.22446069411788852,-0.28558472250173195,9.962783006552378,0.0,0.0,9.81,0.005,0.0,0.0,20.0,-15.0,40.0,45.0,0.0,0.0
52.41053000000118,-1.5141049999999634,110.0,52.23908742722468,3.0,45.0,12,37200,2026-09-25 10:30:00.000,0.09971894949598656,0.6384876120607259,9.990531464439686,0.0,0.0,9.81,0.005,0.0,0.0,20.0,-15.0,40.0,45.0,0.0,0.0
52.410540000001184,-1.5140899999999633,110.0,51.86699747719237,3.0,45.0,12,37300,2026-09-25 10:30:00.000,0.09903768548177593,0.37349235380927537,9.652848233277222,0.0,0.0,9.81,0.005,0.0,0.0,20.0,-15.0,40.0,45.0,0.0,0.0
52.41055000000119,-1.5140749999999632,110.0,51.9369914147446,3.0,45.0,12,37400,2026-09-25 10:30:00.000,-0.15644772870932203,0.08620915758943602,9.990313873474369,0.0,0.0,9.81,0.005,0.0,0.0,20.0,-15.0,40.0,45.0,0.0,0.0
52.41056000000119,-1.514059999999963,110.0,52.1731994990086,3.0,45.0,12,37500,2026-09-25 10:30:00.000,-0.19699323927166995,-0.04323185995191445,9.757761876349452,0.0,0.0,9.81,0.005,0.0,0.0,20.0,-15.0,40.0,45.0,0.0,0.0
52.410570000001194,-1.514044999999963,110.0,51.814889259747886,3.0,45.0,12,37600,2026-09-25 10:30:00.000,0.188044408123458,-0.2237092508552688,9.61935881338683,0.0,0.0,9.81,0.005,0.0,0.0,20.0,-15.0,40.0,45.0,0.0,0.0
52.4105800000012,-1.514029999999963,110.0,51.77759089210433,3.0,45.0,12,37700,2026-09-25 10:30:00.000,0.1671693324961413,0.17477353068167759,9.588893285922106,0.0,0.0,9.81,0.005,0.0,0.0,20.0,-15.0,40.0,45.0,0.0,0.0
52.4105900000012,-1.5140149999999628,110.0,52.37240206632098,3.0,45.0,12,37800,2026-09-25 10:30:00.000,-0.03372418640827223,-0.2688627152131595,9.661499952860394,0.0,0.0,9.81,0.005,0.0,0.0,20.0,-15.0,40.0,45.0,0.0,0.0
52.4106000000012,-1.5139999999999627,110.0,52.24424499699436,3.0,45.0,12,37900,2026-09-25 10:30:00.000,-0.2830576748878242,0.14215910275822252,9.92959596253018,0.0,0.0,9.81,0.005,0.0,0.0,20.0,-15.0,40.0,45.0,0.0,0.0
52.410610000001206,-1.5139849999999626,110.0,51.25837195332172,3.0,45.0,12,38000,2026-09-25 10:30:00.000,-0.10104474852025949,0.034906046574899166,10.092356939473163,0.0,0.0,9.81,0.005,0.0,0.0,20.0,-15.0,40.0,45.0,0.0,0.0
52.41062000000121,-1.5139699999999625,110.0,52.137223741051415,3.0,45.0,12,38100,2026-09-25 10:30:00.000,0.3075098868242367,0.31572664181090415,10.00526086965418,0.0,0.0,9.81,0.005,0.0,0.0,20.0,-15.0,40.0,45.0,0.0,0.0
52.41063000000121,-1.5139549999999624,110.0,51.942624843295995,3.0,45.0,12,38200,2026-09-25 10:30:00.000,-0.012235495662988559,-0.2118244038999276,9.65936146493877,0.0,0.0,9.81,0.005,0.0,0.0,20.0,-15.0,40.0,45.0,0.0,0.0
52.410640000001216,-1.5139399999999623,110.0,52.67675447326422,3.0,45.0,12,38300,2026-09-25 10:30:00.000,0.15876999432486608,0.006296375126536843,9.949630557117615,0.0,0.0,9.81,0.005,0.0,0.0,20.0,-15.0,40.0,45.0,0.0,0.0
52.41065000000122,-1.5139249999999622,110.0,53.021882748287666,3.0,45.0,12,38400,2026-09-25 10:30:00.000,-0.05932733283339708,0.03441684689778941,9.960683797504258,0.0,0.0,9.81,0.005,0.0,0.0,20.0,-15.0,40.0,45.0,0.0,0.0
52.41066000000122,-1.5139099999999621,110.0,52.21248030346904,3.0,45.0,12,38500,2026-09-25 10:30:00.000,-0.1897326072964306,0.23429627845910747,10.081502696794477,0.0,0.0,9.81,0.005,0.0,0.0,20.0,-15.0,40.0,45.0,0.0,0.0
52.410670000001225,-1.513894999999962,110.0,52.08901757147864,3.0,45.0,12,38600,2026-09-25 10:30:00.000,-0.14849155016148052,0.22725207947488943,9.810953866806619,0.0,0.0,9.81,0.005,0.0,0.0,20.0,-15.0,40.0,45.0,0.0,0.0
52.41068000000123,-1.513879999999962,110.0,52.91597811964789,3.0,45.0,12,38700,2026-09-25 10:30:00.000,0.347637462482067,0.22009665730066846,9.90751526509914,0.0,0.0,9.81,0.005,0.0,0.0,20.0,-15.0,40.0,45.0,0.0,0.0
52.41069000000123,-1.5138649999999618,110.0,52.53367832587792,3.0,45.0,12,38800,2026-09-25 10:30:00.000,-0.03700456260750198,0.29120064106202026,9.92193906399551,0.0,0.0,9.81,0.005,0.0,0.0,20.0,-15.0,40.0,45.0,0.0,0.0
52.410700000001235,-1.5138499999999617,110.0,52.25017870773894,3.0,45.0,12,38900,2026-09-25 10:30:00.000,0.12377590541272102,0.1887926208729066,10.335859202227498,0.0,0.0,9.81,0.005,0.0,0.0,20.0,-15.0,40.0,45.0,0.0,0.0
52.41071000000124,-1.5138349999999616,110.0,52.455942390838636,3.0,45.0,12,39000,2026-09-25 10:30:00.000,-0.26997981324040654,0.10891264176973822,9.807916345684166,0.0,0.0,9.81,0.005,0.0,0.0,20.0,-15.0,40.0,45.0,0.0,0.0
52.41072000000124,-1.5138199999999615,110.0,51.99993537455586,3.0,45.0,12,39100,2026-09-25 10:30:00.000,-0.18369349580657254,-0.06761758288165981,9.71350048547004,0.0,0.0,9.81,0.005,0.0,0.0,20.0,-15.0,40.0,45.0,0.0,0.0
52.410730000001244,-1.5138049999999614,110.0,53.028439891026004,3.0,45.0,12,39200,2026-09-25 10:30:00.000,0.21255983804400028,0.2801743184180288,9.821129514060734,0.0,0.0,9.81,0.005,0.0,0.0,20.0,-15.0,40.0,45.0,0.0,0.0
52.41074000000125,-1.5137899999999613,110.0,52.14925912472762,3.0,45.0,12,39300,2026-09-25 10:30:00.000,-0.09603387364057167,0.2999390659979947,9.761732408296188,0.0,0.0,9.81,0.005,0.0,0.0,20.0,-15.0,40.0,45.0,0.0,0.0
52.41075000000125,-1.5137749999999612,110.0,52.03921800217672,3.0,45.0,12,39400,2026-09-25 10:30:00.000,-0.254030137543587,0.15955516994409746,9.813295250435035,0.0,0.0,9.81,0.005,0.0,0.0,20.0,-15.0,40.0,45.0,0.0,0.0
52.410760000001254,-1.5137599999999611,110.0,52.330787756985686,3.0,45.0,12,39500,2026-09-25 10:30:00.000,0.025100276915473507,-0.1768188813865382,9.915944637055983,0.0,0.0,9.81,0.005,0.0,0.0,20.0,-15.0,40.0,45.0,0.0,0.0
52.41077000000126,-1.513744999999961,110.0,52.51126063486025,3.0,45.0,12,39600,2026-09-25 10:30:00.000,-0.04842088828789276,0.07067167705935465,10.116686701921891,0.0,0.0,9.81,0.005,0.0,0.0,20.0,-15.0,40.0,45.0,0.0,0.0
52.41078000000126,-1.513729999999961,110.0,51.86880610403153,3.0,45.0,12,39700,2026-09-25 10:30:00.000,0.10533160879344826,0.28861433037369677,10.019058951105855,0.0,0.0,9.81,0.005,0.0,0.0,20.0,-15.0,40.0,45.0,0.0,0.0
52.41079000000126,-1.5137149999999608,110.0,52.73833459809163,3.0,45.0,12,39800,2026-09-25 10:30:00.000,-0.1121219780703696,0.10303514536945392,9.915111043012049,0.0,0.0,9.81,0.005,0.0,0.0,20.0,-15.0,40.0,45.0,0.0,0.0
52.41080000000127,-1.5136999999999607,110.0,52.29448937106084,3.0,45.0,12,39900,2026-09-25 10:30:00.000,0.05450501845597436,-0.46468279996879813,9.934111916218969,0.0,0.0,9.81,0.005,0.0,0.0,20.0,-15.0,40.0,45.0,0.0,0.0
52.41081000000127,-1.5136849999999606,110.0,0.0,3.0,45.0,12,40000,2026-09-25 10:30:00.000,0.03584960823734281,0.06158676478212999,9.824159321093465,0.0,0.0,9.81,0.005,0.0,0.0,20.0,-15.0,40.0,45.0,0.0,0.0
52.41082000000127,-1.5136699999999605,110.0,0.0,3.0,45.0,12,40100,2026-09-25 10:30:00.000,-0.023173208453895686,0.08656465916340876,9.911055187346516,0.0,0.0,9.81,0.005,0.0,0.0,20.0,-15.0,40.0,45.0,0.0,0.0
52.410830000001276,-1.5136549999999604,110.0,0.0,3.0,45.0,12,40200,2026-09-25 10:30:00.000,0.01242271773209283,-0.021366423919166308,9.993079678052718,0.0,0.0,9.81,0.005,0.0,0.0,20.0,-15.0,40.0,45.0,0.0,0.0
52.41084000000128,-1.5136399999999604,110.0,0.0,3.0,45.0,12,40300,2026-09-25 10:30:00.000,-0.023429180384368548,0.03699803530888326,10.066278794325317,0.0,0.0,9.81,0.005,0.0,0.0,20.0,-15.0,40.0,45.0,0.0,0.0
52.41085000000128,-1.5136249999999603,110.0,0.0,3.0,45.0,12,40400,2026-09-25 10:30:00.000,0.04963596450734757,0.03050621632998787,10.12712396534648,0.0,0.0,9.81,0.005,0.0,0.0,20.0,-15.0,40.0,45.0,0.0,0.0
52.410860000001286,-1.5136099999999602,110.0,0.0,3.0,45.0,12,40500,2026-09-25 10:30:00.000,-0.00891463998070948,-0.011981633004876483,10.172682143481158,0.0,0.0,9.81,0.005,0.0,0.0,20.0,-15.0,40.0,45.0,0.0,0.0
52.41087000000129,-1.51359499999996,110.0,0.0,3.0,45.0,12,40600,2026-09-25 10:30:00.000,-0.04334822438346719,0.04997644525482279,10.20075719213556,0.0,0.0,9.81,0.005,0.0,0.0,20.0,-15.0,40.0,45.0,0.0,0.0
52.41088000000129,-1.51357999999996,110.0,0.0,3.0,45.0,12,40700,2026-09-25 10:30:00.000,0.02283586875442135,-0.07300043216051519,10.209995750744204,0.0,0.0,9.81,0.005,0.0,0.0,20.0,-15.0,40.0,45.0,0.0,0.0
52.410890000001295,-1.5135649999999599,110.0,0.0,3.0,45.0,12,40800,2026-09-25 10:30:00.000,0.04145979541095535,0.0062471458118728744,10.199952473653138,0.0,0.0,9.81,0.005,0.0,0.0,20.0,-15.0,40.0,45.0,0.0,0.0
52.4109000000013,-1.5135499999999598,110.0,0.0,3.0,45.0,12,40900,2026-09-25 10:30:00.000,0.001156680428058814,0.03159506437957925,10.171111498052312,0.0,0.0,9.81,0.005,0.0,0.0,20.0,-15.0,40.0,45.0,0.0,0.0
52.4109100000013,-1.5135349999999597,110.0,0.0,3.0,45.0,12,41000,2026-09-25 10:30:00.000,-0.01798011159532923,-0.03368617738214507,10.124863106093272,0.0,0.0,9.81,0.005,0.0,0.0,20.0,-15.0,40.0,45.0,0.0,0.0
52.410920000001305,-1.5135199999999596,110.0,0.0,3.0,45.0,12,41100,2026-09-25 10:30:00.000,0.014814581668050287,-0.01201471524454703,10.06343670619716,0.0,0.0,9.81,0.005,0.0,0.0,20.0,-15.0,40.0,45.0,0.0,0.0
52.41093000000131,-1.5135049999999595,110.0,0.0,3.0,45.0,12,41200,2026-09-25 10:30:00.000,0.073866312051101,-0.0637071396586828,9.989793364195847,0.0,0.0,9.81,0.005,0.0,0.0,20.0,-15.0,40.0,45.0,0.0,0.0
52.41094000000131,-1.5134899999999594,110.0,0.0,3.0,45.0,12,41300,2026-09-25 10:30:00.000,-0.1006007119941279,0.03360816836136441,9.90748306485343,0.0,0.0,9.81,0.005,0.0,0.0,20.0,-15.0,40.0,45.0,0.0,0.0
52.410950000001314,-1.5134749999999593,110.0,0.0,3.0,45.0,12,41400,2026-09-25 10:30:00.000,-0.019899799595730048,-0.0201530036904983,9.820473584490937,0.0,0.0,9.81,0.005,0.0,0.0,20.0,-15.0,40.0,45.0,0.0,0.0
52.41096000000132,-1.5134599999999592,110.0,0.0,3.0,45.0,12,41500,2026-09-25 10:30:00.000,0.036911615042993395,-0.03499099640639322,9.73295922392668,0.0,0.0,9.81,0.005,0.0,0.0,20.0,-15.0,40.0,45.0,0.0,0.0
52.41097000000132,-1.513444999999959,110.0,0.0,3.0,45.0,12,41600,2026-09-25 10:30:00.000,0.049723782123202276,-0.02667812112454931,9.649158621780256,0.0,0.0,9.81,0.005,0.0,0.0,20.0,-15.0,40.0,45.0,0.0,0.0
52.410980000001324,-1.513429999999959,110.0,0.0,3.0,45.0,12,41700,2026-09-25 10:30:00.000,-0.03140121833112626,0.07277363961608117,9.573111394570384,0.0,0.0,9.81,0.005,0.0,0.0,20.0,-15.0,40.0,45.0,0.0,0.0
52.41099000000133,-1.5134149999999589,110.0,0.0,3.0,45.0,12,41800,2026-09-25 10:30:00.000,-0.07096101145501015,0.010848634922262311,9.508483406591251,0.0,0.0,9.81,0.005,0.0,0.0,20.0,-15.0,40.0,45.0,0.0,0.0
52.41100000000133,-1.5133999999999588,110.0,0.0,3.0,45.0,12,41900,2026-09-25 10:30:00.000,0.05229797842418778,0.09770859297146649,9.45839005655271,0.0,0.0,9.81,0.005,0.0,0.0,20.0,-15.0,40.0,45.0,0.0,0.0
52.41101000000133,-1.5133849999999587,110.0,0.0,3.0,45.0,12,42000,2026-09-25 10:30:00.000,-0.010613445343502939,0.01872216681483688,9.425246099469778,0.0,0.0,9.81,0.005,0.0,0.0,20.0,-15.0,40.0,45.0,0.0,0.0
52.411020000001336,-1.5133699999999586,110.0,0.0,3.0,45.0,12,42100,2026-09-25 10:30:00.000,-0.040488270857159336,-0.005693297775336704,9.410649243152397,0.0,0.0,9.81,0.005,0.0,0.0,20.0,-15.0,40.0,45.0,0.0,0.0
52.41103000000134,-1.5133549999999585,110.0,0.0,3.0,45.0,12,42200,2026-09-25 10:30:00.000,-0.004411768721746799,0.09936680798277275,9.415303130538577,0.0,0.0,9.81,0.005,0.0,0.0,20.0,-15.0,40.0,45.0,0.0,0.0
52.41104000000134,-1.5133399999999584,110.0,0.0,3.0,45.0,12,42300,2026-09-25 10:30:00.000,0.011402669751009205,0.016667371127798668,9.438983420515248,0.0,0.0,9.81,0.005,0.0,0.0,20.0,-15.0,40.0,45.0,0.0,0.0
52.411050000001346,-1.5133249999999583,110.0,0.0,3.0,45.0,12,42400,2026-09-25 10:30:00.000,0.01020367731900751,-0.015552279992195751,9.480548602304351,0.0,0.0,9.81,0.005,0.0,0.0,20.0,-15.0,40.0,45.0,0.0,0.0
52.41106000000135,-1.5133099999999582,110.0,0.0,3.0,45.0,12,42500,2026-09-25 10:30:00.000,0.018740614623483483,-0.012371299655177293,9.53799502210558,0.0,0.0,9.81,0.005,0.0,0.0,20.0,-15.0,40.0,45.0,0.0,0.0
52.41107000000135,-1.513294999999958,110.0,0.0,3.0,45.0,12,42600,2026-09-25 10:30:00.000,0.09168870956705756,0.031271336848428005,9.608553469430863,0.0,0.0,9.81,0.005,0.0,0.0,20.0,-15.0,40.0,45.0,0.0,0.0
52.411080000001355,-1.513279999999958,110.0,0.0,3.0,45.0,12,42700,2026-09-25 10:30:00.000,-0.04507622335526177,0.01685179491782633,9.688822667176579,0.0,0.0,9.81,0.005,0.0,0.0,20.0,-15.0,40.0,45.0,0.0,0.0
52.41109000000136,-1.513264999999958,110.0,0.0,3.0,45.0,12,42800,2026-09-25 10:30:00.000,-0.009163726551081362,-0.032396601488978126,9.774933230531012,0.0,0.0,9.81,0.005,0.0,0.0,20.0,-15.0,40.0,45.0,0.0,0.0
52.41110000000136,-1.5132499999999578,110.0,0.0,3.0,45.0,12,42900,2026-09-25 10:30:00.000,-0.05607082872800683,-0.016672789820997787,9.862734191061323,0.0,0.0,9.81,0.005,0.0,0.0,20.0,-15.0,40.0,45.0,0.0,0.0
52.411110000001365,-1.5132349999999577,110.0,0.0,3.0,45.0,12,43000,2026-09-25 10:30:00.000,-0.09579336919877957,-0.022790459890355726,9.947993094567503,0.0,0.0,9.81,0.005,0.0,0.0,20.0,-15.0,40.0,45.0,0.0,0.0
52.41112000000137,-1.5132199999999576,110.0,0.0,3.0,45.0,12,43100,2026-09-25 10:30:00.000,0.08163744483347851,-0.006011658421771373,10.026600026966008,0.0,0.0,9.81,0.005,0.0,0.0,20.0,-15.0,40.0,45.0,0.0,0.0
52.41113000000137,-1.5132049999999575,110.0,0.0,3.0,45.0,12,43200,2026-09-25 10:30:00.000,-0.03574632676535873,-0.0034682651341132703,10.094765733114627,0.0,0.0,9.81,0.005,0.0,0.0,20.0,-15.0,40.0,45.0,0.0,0.0
52.411140000001375,-1.5131899999999574,110.0,0.0,3.0,45.0,12,43300,2026-09-25 10:30:00.000,0.017872737509786164,-0.14022157347320524,10.14920427824064,0.0,0.0,9.81,0.005,0.0,0.0,20.0,-15.0,40.0,45.0,0.0,0.0
52.41115000000138,-1.5131749999999573,110.0,0.0,3.0,45.0,12,43400,2026-09-25 10:30:00.000,-0.06359425210659095,-0.00888551984445311,10.187291446759515,0.0,0.0,9.81,0.005,0.0,0.0,20.0,-15.0,40.0,45.0,0.0,0.0
52.41116000000138,-1.5131599999999572,110.0,0.0,3.0,45.0,12,43500,2026-09-25 10:30:00.000,-0.02028511418435243,-0.001752579086225183,10.207191242853087,0.0,0.0,9.81,0.005,0.0,0.0,20.0,-15.0,40.0,45.0,0.0,0.0
52.411170000001384,-1.513144999999957,110.0,0.0,3.0,45.0,12,43600,2026-09-25 10:30:00.000,-0.04268556208661775,0.0677322101811396,10.207944394834048,0.0,0.0,9.81,0.005,0.0,0.0,20.0,-15.0,40.0,45.0,0.0,0.0
52.41118000000139,-1.513129999999957,110.0,0.0,3.0,45.0,12,43700,2026-09-25 10:30:00.000,0.03812333113103983,0.042264784823037804,10.18951459693483,0.0,0.0,9.81,0.005,0.0,0.0,20.0,-15.0,40.0,45.0,0.0,0.0
52.41119000000139,-1.513114999999957,110.0,0.0,3.0,45.0,12,43800,2026-09-25 10:30:00.000,0.008602069506966065,-0.0011615808451440584,10.15279025943082,0.0,0.0,9.81,0.005,0.0,0.0,20.0,-15.0,40.0,45.0,0.0,0.0
52.411200000001394,-1.5130999999999568,110.0,0.0,3.0,45.0,12,43900,2026-09-25 10:30:00.000,-0.017999584944402694,-0.018215863234624867,10.099541682732998,0.0,0.0,9.81,0.005,0.0,0.0,20.0,-15.0,40.0,45.0,0.0,0.0
52.4112100000014,-1.5130849999999567,110.0,0.0,3.0,45.0,12,44000,2026-09-25 10:30:00.000,0.0957630448330426,0.04699942296599339,10.032335719877226,0.0,0.0,9.81,0.005,0.0,0.0,20.0,-15.0,40.0,45.0,0.0,0.0
52.4112200000014,-1.5130699999999566,110.0,0.0,3.0,45.0,12,44100,2026-09-25 10:30:00.000,-0.0037544121911283015,0.001608481928375801,9.954412041113542,0.0,0.0,9.81,0.005,0.0,0.0,20.0,-15.0,40.0,45.0,0.0,0.0
52.4112300000014,-1.5130549999999565,110.0,0.0,3.0,45.0,12,44200,2026-09-25 10:30:00.000,0.010178900828155021,0.03036486579109714,9.869526965273439,0.0,0.0,9.81,0.005,0.0,0.0,20.0,-15.0,40.0,45.0,0.0,0.0
52.411240000001406,-1.5130399999999564,110.0,0.0,3.0,45.0,12,44300,2026-09-25 10:30:00.000,0.040090516401105725,-0.04524018240355876,9.781772386039938,0.0,0.0,9.81,0.005,0.0,0.0,20.0,-15.0,40.0,45.0,0.0,0.0
52.41125000000141,-1.5130249999999563,110.0,0.0,3.0,45.0,12,44400,2026-09-25 10:30:00.000,-0.09739819031459508,0.0187488391527392,9.69537852179793,0.0,0.0,9.81,0.005,0.0,0.0,20.0,-15.0,40.0,45.0,0.0,0.0
52.41126000000141,-1.5130099999999562,110.0,0.0,3.0,45.0,12,44500,2026-09-25 10:30:00.000,-0.041898042474017266,0.04091101122535067,9.614509997528257,0.0,0.0,9.81,0.005,0.0,0.0,20.0,-15.0,40.0,45.0,0.0,0.0
52.411270000001416,-1.5129949999999561,110.0,0.0,3.0,45.0,12,44600,2026-09-25 10:30:00.000,-0.02446276603502271,0.009610364553728188,9.543065088638457,0.0,0.0,9.81,0.005,0.0,0.0,20.0,-15.0,40.0,45.0,0.0,0.0
52.41128000000142,-1.512979999999956,110.0,0.0,3.0,45.0,12,44700,2026-09-25 10:30:00.000,0.006170761925596065,-0.010045249068662217,9.4844878042017,0.0,0.0,9.81,0.005,0.0,0.0,20.0,-15.0,40.0,45.0,0.0,0.0
52.41129000000142,-1.512964999999956,110.0,0.0,3.0,45.0,12,44800,2026-09-25 10:30:00.000,0.09369011640494816,-0.010966763522927803,9.441601868150412,0.0,0.0,9.81,0.005,0.0,0.0,20.0,-15.0,40.0,45.0,0.0,0.0
52.411300000001425,-1.5129499999999558,110.0,0.0,3.0,45.0,12,44900,2026-09-25 10:30:00.000,0.0014072244548300162,0.03817083076861323,9.416474601377955,0.0,0.0,9.81,0.005,0.0,0.0,20.0,-15.0,40.0,45.0,0.0,0.0
52.41131000000143,-1.5129349999999557,110.0,0.0,3.0,45.0,12,45000,2026-09-25 10:30:00.000,-0.09222374869901406,0.016905906291315363,9.410317266325459,0.0,0.0,9.81,0.005,0.0,0.0,20.0,-15.0,40.0,45.0,0.0,0.0
52.41132000000143,-1.5129199999999556,110.0,0.0,3.0,45.0,12,45100,2026-09-25 10:30:00.000,0.08338159701530057,0.025192945135149705,9.42342667795311,0.0,0.0,9.81,0.005,0.0,0.0,20.0,-15.0,40.0,45.0,0.0,0.0
52.411330000001435,-1.5129049999999555,110.0,0.0,3.0,45.0,12,45200,2026-09-25 10:30:00.000,0.096874687451648,-0.025083764559461548,9.455170895744901,0.0,0.0,9.81,0.005,0.0,0.0,20.0,-15.0,40.0,45.0,0.0,0.0
52.41134000000144,-1.5128899999999554,110.0,0.0,3.0,45.0,12,45300,2026-09-25 10:30:00.000,0.12951537337375005,0.06365788716634338,9.504019686465263,0.0,0.0,9.81,0.005,0.0,0.0,20.0,-15.0,40.0,45.0,0.0,0.0
52.41135000000144,-1.5128749999999553,110.0,0.0,3.0,45.0,12,45400,2026-09-25 10:30:00.000,0.014866730365401227,0.00925626117289171,9.567618289207239,0.0,0.0,9.81,0.005,0.0,0.0,20.0,-15.0,40.0,45.0,0.0,0.0
52.411360000001444,-1.5128599999999552,110.0,0.0,3.0,45.0,12,45500,2026-09-25 10:30:00.000,0.03471488273986583,0.028741606829776722,9.642900926880651,0.0,0.0,9.81,0.005,0.0,0.0,20.0,-15.0,40.0,45.0,0.0,0.0
52.41137000000145,-1.5128449999999551,110.0,0.0,3.0,45.0,12,45600,2026-09-25 10:30:00.000,0.018203232380045675,-0.04720424772674192,9.726238592307404,0.0,0.0,9.81,0.005,0.0,0.0,20.0,-15.0,40.0,45.0,0.0,0.0
52.41138000000145,-1.512829999999955,110.0,0.0,3.0,45.0,12,45700,2026-09-25 10:30:00.000,-0.04798250094531781,0.03574403796969957,9.813613984880252,0.0,0.0,9.81,0.005,0.0,0.0,20.0,-15.0,40.0,45.0,0.0,0.0
52.411390000001454,-1.512814999999955,110.0,0.0,3.0,45.0,12,45800,2026-09-25 10:30:00.000,0.05675281126538532,0.02905945828875527,9.900815164945712,0.0,0.0,9.81,0.005,0.0,0.0,20.0,-15.0,40.0,45.0,0.0,0.0
52.41140000000146,-1.5127999999999548,110.0,0.0,3.0,45.0,12,45900,2026-09-25 10:30:00.000,0.07917513281295496,0.019793443504971853,9.983638590781865,0.0,0.0,9.81,0.005,0.0,0.0,20.0,-15.0,40.0,45.0,0.0,0.0
52.41141000000146,-1.5127849999999547,110.0,0.0,3.0,45.0,12,46000,2026-09-25 10:30:00.000,-0.00887309126650263,0.0006310830975005456,10.058091750753054,0.0,0.0,9.81,0.005,0.0,0.0,20.0,-15.0,40.0,45.0,0.0,0.0
52.41142000000146,-1.5127699999999547,110.0,0.0,3.0,45.0,12,46100,2026-09-25 10:30:00.000,-0.019125031087671468,-0.034455644735682446,10.120585622737874,0.0,0.0,9.81,0.005,0.0,0.0,20.0,-15.0,40.0,45.0,0.0,0.0
52.41143000000147,-1.5127549999999546,110.0,0.0,3.0,45.0,12,46200,2026-09-25 10:30:00.000,0.11091136377896645,-0.043871569002586736,10.168107683304243,0.0,0.0,9.81,0.005,0.0,0.0,20.0,-15.0,40.0,45.0,0.0,0.0
52.41144000000147,-1.5127399999999545,110.0,0.0,3.0,45.0,12,46300,2026-09-25 10:30:00.000,-0.03648562093655532,0.019289103644913805,10.198367126706733,0.0,0.0,9.81,0.005,0.0,0.0,20.0,-15.0,40.0,45.0,0.0,0.0
52.41145000000147,-1.5127249999999544,110.0,0.0,3.0,45.0,12,46400,2026-09-25 10:30:00.000,0.02645373698050347,-0.07230058785450785,10.209905293409673,0.0,0.0,9.81,0.005,0.0,0.0,20.0,-15.0,40.0,45.0,0.0,0.0
52.411460000001476,-1.5127099999999543,110.0,0.0,3.0,45.0,12,46500,2026-09-25 10:30:00.000,-0.00474155116186524,0.03659530528993281,10.20216598491788,0.0,0.0,9.81,0.005,0.0,0.0,20.0,-15.0,40.0,45.0,0.0,0.0
52.41147000000148,-1.5126949999999542,110.0,0.0,3.0,45.0,12,46600,2026-09-25 10:30:00.000,0.023244581965877132,-0.03441534966409778,10.175522275381493,0.0,0.0,9.81,0.005,0.0,0.0,20.0,-15.0,40.0,45.0,0.0,0.0
52.41148000000148,-1.512679999999954,110.0,0.0,3.0,45.0,12,46700,2026-09-25 10:30:00.000,-0.016019757100083302,-0.014338651430126312,10.131258527518758,0.0,0.0,9.81,0.005,0.0,0.0,20.0,-15.0,40.0,45.0,0.0,0.0
52.411490000001486,-1.512664999999954,110.0,0.0,3.0,45.0,12,46800,2026-09-25 10:30:00.000,0.030046578674963628,-0.00878498373297903,10.071508479781032,0.0,0.0,9.81,0.005,0.0,0.0,20.0,-15.0,40.0,45.0,0.0,0.0
52.41150000000149,-1.5126499999999539,110.0,0.0,3.0,45.0,12,46900,2026-09-25 10:30:00.000,-0.030463090688425166,0.03708169204033487,9.999152389274505,0.0,0.0,9.81,0.005,0.0,0.0,20.0,-15.0,40.0,45.0,0.0,0.0
52.41151000000149,-1.5126349999999538,110.0,0.0,3.0,45.0,12,47000,2026-09-25 10:30:00.000,-0.02445406186055967,-0.0747678543123199,9.917678188674529,0.0,0.0,9.81,0.005,0.0,0.0,20.0,-15.0,40.0,45.0,0.0,0.0
52.411520000001495,-1.5126199999999537,110.0,0.0,3.0,45.0,12,47100,2026-09-25 10:30:00.000,0.019870735531653944,-0.027833873709890086,9.83101335007752,0.0,0.0,9.81,0.005,0.0,0.0,20.0,-15.0,40.0,45.0,0.0,0.0
52.4115300000015,-1.5126049999999536,110.0,0.0,3.0,45.0,12,47200,2026-09-25 10:30:00.000,0.03184883024253589,-0.10478746530676922,9.743335560810557,0.0,0.0,9.81,0.005,0.0,0.0,20.0,-15.0,40.0,45.0,0.0,0.0
52.4115400000015,-1.5125899999999535,110.0,0.0,3.0,45.0,12,47300,2026-09-25 10:30:00.000,-0.016326305865668116,0.08139246260334979,9.658871337590416,0.0,0.0,9.81,0.005,0.0,0.0,20.0,-15.0,40.0,45.0,0.0,0.0
52.411550000001505,-1.5125749999999534,110.0,0.0,3.0,45.0,12,47400,2026-09-25 10:30:00.000,0.023623773396917264,-0.05807421008927391,9.581692286856923,0.0,0.0,9.81,0.005,0.0,0.0,20.0,-15.0,40.0,45.0,0.0,0.0
52.41156000000151,-1.5125599999999533,110.0,0.0,3.0,45.0,12,47500,2026-09-25 10:30:00.000,-0.10403402358588416,0.01660634960549474,9.515518832571919,0.0,0.0,9.81,0.005,0.0,0.0,20.0,-15.0,40.0,45.0,0.0,0.0
52.41157000000151,-1.5125449999999532,110.0,0.0,3.0,45.0,12,47600,2026-09-25 10:30:00.000,-0.05140571960148676,-0.06249580344608407,9.46354087280515,0.0,0.0,9.81,0.005,0.0,0.0,20.0,-15.0,40.0,45.0,0.0,0.0
52.411580000001514,-1.512529999999953,110.0,0.0,3.0,45.0,12,47700,2026-09-25 10:30:00.000,-0.009848938216935573,0.00558971893324124,9.428264010374559,0.0,0.0,9.81,0.005,0.0,0.0,20.0,-15.0,40.0,45.0,0.0,0.0
52.41159000000152,-1.512514999999953,110.0,0.0,3.0,45.0,12,47800,2026-09-25 10:30:00.000,0.05683122216287755,0.009937598365110012,9.411388770008525,0.0,0.0,9.81,0.005,0.0,0.0,20.0,-15.0,40.0,45.0,0.0,0.0
52.41160000000152,-1.5124999999999529,110.0,0.0,3.0,45.0,12,47900,2026-09-25 10:30:00.000,0.14751568607075405,-0.04433682325089231,9.413728624379008,0.0,0.0,9.81,0.005,0.0,0.0,20.0,-15.0,40.0,45.0,0.0,0.0
52.411610000001524,-1.5124849999999528,110.0,0.0,3.0,45.0,12,48000,2026-09-25 10:30:00.000,-0.013399183582877028,-0.07850522367867324,9.435170780568962,0.0,0.0,9.81,0.005,0.0,0.0,20.0,-15.0,40.0,45.0,0.0,0.0
52.41162000000153,-1.5124699999999527,110.0,0.0,3.0,45.0,12,48100,2026-09-25 10:30:00.000,-0.03845146783343703,-0.031829227116833586,9.474681617266333,0.0,0.0,9.81,0.005,0.0,0.0,20.0,-15.0,40.0,45.0,0.0,0.0
52.41163000000153,-1.5124549999999526,110.0,0.0,3.0,45.0,12,48200,2026-09-25 10:30:00.000,0.035585047621708825,-0.011971289509917543,9.530356510584134,0.0,0.0,9.81,0.005,0.0,0.0,20.0,-15.0,40.0,45.0,0.0,0.0
52.41164000000153,-1.5124399999999525,110.0,0.0,3.0,45.0,12,48300,2026-09-25 10:30:00.000,-0.04281776940219254,-0.13299465873112815,9.599511646647962,0.0,0.0,9.81,0.005,0.0,0.0,20.0,-15.0,40.0,45.0,0.0,0.0
52.411650000001536,-1.5124249999999524,110.0,0.0,3.0,45.0,12,48400,2026-09-25 10:30:00.000,-0.02471551632298315,-0.02965091785420338,9.678813395115759,0.0,0.0,9.81,0.005,0.0,0.0,20.0,-15.0,40.0,45.0,0.0,0.0
52.41166000000154,-1.5124099999999523,110.0,0.0,3.0,45.0,12,48500,2026-09-25 10:30:00.000,0.04327404970143983,0.0348998539791087,9.764439007166292,0.0,0.0,9.81,0.005,0.0,0.0,20.0,-15.0,40.0,45.0,0.0,0.0
52.41167000000154,-1.5123949999999522,110.0,0.0,3.0,45.0,12,48600,2026-09-25 10:30:00.000,-0.03239748411765695,-0.03890071204943917,9.85226089149347,0.0,0.0,9.81,0.005,0.0,0.0,20.0,-15.0,40.0,45.0,0.0,0.0
52.411680000001546,-1.512379999999952,110.0,0.0,3.0,45.0,12,48700,2026-09-25 10:30:00.000,0.03559335956678113,-0.09008629034246796,9.938045585263538,0.0,0.0,9.81,0.005,0.0,0.0,20.0,-15.0,40.0,45.0,0.0,0.0
52.41169000000155,-1.512364999999952,110.0,0.0,3.0,45.0,12,48800,2026-09-25 10:30:00.000,-0.02431611687387633,-0.08525890023234317,10.017657828619992,0.0,0.0,9.81,0.005,0.0,0.0,20.0,-15.0,40.0,45.0,0.0,0.0
52.41170000000155,-1.512349999999952,110.0,0.0,3.0,45.0,12,48900,2026-09-25 10:30:00.000,-0.1197243127014541,0.04034541563700525,10.087259905304027,0.0,0.0,9.81,0.005,0.0,0.0,20.0,-15.0,40.0,45.0,0.0,0.0
52.411710000001555,-1.5123349999999518,110.0,0.0,3.0,45.0,12,49000,2026-09-25 10:30:00.000,0.05584462130342949,-0.00865938660397869,10.1434966401557,0.0,0.0,9.81,0.005,0.0,0.0,20.0,-15.0,40.0,45.0,0.0,0.0
52.41172000000156,-1.5123199999999517,110.0,0.0,3.0,45.0,12,49100,2026-09-25 10:30:00.000,-0.05339908658497964,-0.08403772464683433,10.183657135672519,0.0,0.0,9.81,0.005,0.0,0.0,20.0,-15.0,40.0,45.0,0.0,0.0
52.41173000000156,-1.5123049999999516,110.0,0.0,3.0,45.0,12,49200,2026-09-25 10:30:00.000,0.03364703342885565,0.08550326102299292,10.205805451098286,0.0,0.0,9.81,0.005,0.0,0.0,20.0,-15.0,40.0,45.0,0.0,0.0
52.411740000001565,-1.5122899999999515,110.0,0.0,3.0,45.0,12,49300,2026-09-25 10:30:00.000,0.023958536703673247,0.14403073210563225,10.208873924643413,0.0,0.0,9.81,0.005,0.0,0.0,20.0,-15.0,40.0,45.0,0.0,0.0
52.41175000000157,-1.5122749999999514,110.0,0.0,3.0,45.0,12,49400,2026-09-25 10:30:00.000,0.049200639392513124,-0.13732192013927028,10.192714640229703,0.0,0.0,9.81,0.005,0.0,0.0,20.0,-15.0,40.0,45.0,0.0,0.0
52.41176000000157,-1.5122599999999513,110.0,0.0,3.0,45.0,12,49500,2026-09-25 10:30:00.000,0.017979055032914245,-0.08668084452190977,10.158106557799883,0.0,0.0,9.81,0.005,0.0,0.0,20.0,-15.0,40.0,45.0,0.0,0.0
52.411770000001574,-1.5122449999999512,110.0,0.0,3.0,45.0,12,49600,2026-09-25 10:30:00.000,-0.0943285704461908,0.08677268681952777,10.106717963474622,0.0,0.0,9.81,0.005,0.0,0.0,20.0,-15.0,40.0,45.0,0.0,0.0
52.41178000000158,-1.5122299999999511,110.0,0.0,3.0,45.0,12,49700,2026-09-25 10:30:00.000,0.004492938758568891,-0.009308122973332904,10.041026049651029,0.0,0.0,9.81,0.005,0.0,0.0,20.0,-15.0,40.0,45.0,0.0,0.0
52.41179000000158,-1.512214999999951,110.0,0.0,3.0,45.0,12,49800,2026-09-25 10:30:00.000,0.06142842338245315,0.03389402112862872,9.964197501692107,0.0,0.0,9.81,0.005,0.0,0.0,20.0,-15.0,40.0,45.0,0.0,0.0
52.411800000001584,-1.512199999999951,110.0,0.0,3.0,45.0,12,49900,2026-09-25 10:30:00.000,0.01783289821349923,0.0474385011558488,9.87993584753793,0.0,0.0,9.81,0.005,0.0,0.0,20.0,-15.0,40.0,45.0,0.0,0.0
52.41181000000159,-1.5121849999999508,110.0,0.0,3.0,45.0,12,50000,2026-09-25 10:30:00.000,-0.001528084025677853,0.019002795203913698,9.792302928765972,0.0,0.0,9.81,0.005,0.0,0.0,20.0,-15.0,40.0,45.0,0.0,0.0
52.41182000000159,-1.5121699999999507,110.0,0.0,3.0,45.0,12,50100,2026-09-25 10:30:00.000,-0.009620854686285553,0.01109777755317704,9.705523099106252,0.0,0.0,9.81,0.005,0.0,0.0,20.0,-15.0,40.0,45.0,0.0,0.0
52.41183000000159,-1.5121549999999506,110.0,0.0,3.0,45.0,12,50200,2026-09-25 10:30:00.000,0.015846443642094372,0.06864644726520806,9.623779589041675,0.0,0.0,9.81,0.005,0.0,0.0,20.0,-15.0,40.0,45.0,0.0,0.0
52.4118400000016,-1.5121399999999505,110.0,0.0,3.0,45.0,12,50300,2026-09-25 10:30:00.000,-0.011366554381197165,-0.06787251960086386,9.551012852758697,0.0,0.0,9.81,0.005,0.0,0.0,20.0,-15.0,40.0,45.0,0.0,0.0
52.4118500000016,-1.5121249999999504,110.0,0.0,3.0,45.0,12,50400,2026-09-25 10:30:00.000,0.011680109713980489,-0.057592886089150655,9.490730618153929,0.0,0.0,9.81,0.005,0.0,0.0,20.0,-15.0,40.0,45.0,0.0,0.0
52.4118600000016,-1.5121099999999503,110.0,0.0,3.0,45.0,12,50500,2026-09-25 10:30:00.000,-0.014464166568153723,-0.07341518963604018,9.445838796455424,0.0,0.0,9.81,0.005,0.0,0.0,20.0,-15.0,40.0,45.0,0.0,0.0
52.411870000001606,-1.5120949999999502,110.0,0.0,3.0,45.0,12,50600,2026-09-25 10:30:00.000,-0.006331126914686242,0.03341588044321925,9.418501402477439,0.0,0.0,9.81,0.005,0.0,0.0,20.0,-15.0,40.0,45.0,0.0,0.0
52.41188000000161,-1.5120799999999501,110.0,0.0,3.0,45.0,12,50700,2026-09-25 10:30:00.000,-0.12464201340657753,-0.027918371073636185,9.410036238067024,0.0,0.0,9.81,0.005,0.0,0.0,20.0,-15.0,40.0,45.0,0.0,0.0
52.41189000000161,-1.51206499999995,110.0,0.0,3.0,45.0,12,50800,2026-09-25 10:30:00.000,0.03993390716759876,-0.07138672643093981,9.420851367332432,0.0,0.0,9.81,0.005,0.0,0.0,20.0,-15.0,40.0,45.0,0.0,0.0
52.411900000001616,-1.51204999999995,110.0,0.0,3.0,45.0,12,50900,2026-09-25 10:30:00.000,0.03072532246426518,-0.030357225343760265,9.450425445871431,0.0,0.0,9.81,0.005,0.0,0.0,20.0,-15.0,40.0,45.0,0.0,0.0
52.41191000000162,-1.5120349999999498,110.0,0.0,3.0,45.0,12,51000,2026-09-25 10:30:00.000,-0.052114668211945527,-0.051169888546521436,9.497332852231049,0.0,0.0,9.81,0.005,0.0,0.0,20.0,-15.0,40.0,45.0,0.0,0.0
52.41192000000162,-1.5120199999999497,110.0,0.0,3.0,45.0,12,51100,2026-09-25 10:30:00.000,-0.019172557703351654,-0.0860575125024914,9.559312410134178,0.0,0.0,9.81,0.005,0.0,0.0,20.0,-15.0,40.0,45.0,0.0,0.0
52.411930000001625,-1.5120049999999496,110.0,0.0,3.0,45.0,12,51200,2026-09-25 10:30:00.000,0.04520199096585078,0.007508259754546733,9.633376388711165,0.0,0.0,9.81,0.005,0.0,0.0,20.0,-15.0,40.0,45.0,0.0,0.0
52.41194000000163,-1.5119899999999495,110.0,0.0,3.0,45.0,12,51300,2026-09-25 10:30:00.000,-0.02496125561490968,-0.0036256458093052767,9.715954526369153,0.0,0.0,9.81,0.005,0.0,0.0,20.0,-15.0,40.0,45.0,0.0,0.0
52.41195000000163,-1.5119749999999494,110.0,0.0,3.0,45.0,12,51400,2026-09-25 10:30:00.000,-0.03817200717658176,0.006327395791463033,9.803066135613971,0.0,0.0,9.81,0.005,0.0,0.0,20.0,-15.0,40.0,45.0,0.0,0.0
52.411960000001635,-1.5119599999999493,110.0,0.0,3.0,45.0,12,51500,2026-09-25 10:30:00.000,-0.0026157048535594713,-0.021627563019955495,9.890511992494186,0.0,0.0,9.81,0.005,0.0,0.0,20.0,-15.0,40.0,45.0,0.0,0.0
52.41197000000164,-1.5119449999999492,110.0,0.0,3.0,45.0,12,51600,2026-09-25 10:30:00.000,-0.0016768364528548128,-0.00212788909772256,9.974076760617233,0.0,0.0,9.81,0.005,0.0,0.0,20.0,-15.0,40.0,45.0,0.0,0.0
52.41198000000164,-1.5119299999999491,110.0,0.0,3.0,45.0,12,51700,2026-09-25 10:30:00.000,-0.08848118050467453,0.007680361810867894,10.049732191867385,0.0,0.0,9.81,0.005,0.0,0.0,20.0,-15.0,40.0,45.0,0.0,0.0
52.411990000001644,-1.511914999999949,110.0,0.0,3.0,45.0,12,51800,2026-09-25 10:30:00.000,-0.04721998954919858,-0.010362281693727781,10.1138313085144,0.0,0.0,9.81,0.005,0.0,0.0,20.0,-15.0,40.0,45.0,0.0,0.0
52.41200000000165,-1.511899999999949,110.0,0.0,3.0,45.0,12,51900,2026-09-25 10:30:00.000,0.045188752345461144,0.0775964325603467,10.163284206144585,0.0,0.0,9.81,0.005,0.0,0.0,20.0,-15.0,40.0,45.0,0.0,0.0
52.41201000000165,-1.5118849999999489,110.0,0.0,3.0,45.0,12,52000,2026-09-25 10:30:00.000,0.07557181410534526,0.005001009633402047,10.195707002816171,0.0,0.0,9.81,0.005,0.0,0.0,20.0,-15.0,40.0,45.0,0.0,0.0
52.412020000001654,-1.5118699999999488,110.0,0.0,3.0,45.0,12,52100,2026-09-25 10:30:00.000,-0.162362968287317,0.1115571065092972,10.209536754329925,0.0,0.0,9.81,0.005,0.0,0.0,20.0,-15.0,40.0,45.0,0.0,0.0
52.41203000000166,-1.5118549999999487,110.0,0.0,3.0,45.0,12,52200,2026-09-25 10:30:00.000,0.007596887110481364,0.03728619931009402,10.204106796112633,0.0,0.0,9.81,0.005,0.0,0.0,20.0,-15.0,40.0,45.0,0.0,0.0
52.41204000000166,-1.5118399999999486,110.0,0.0,3.0,45.0,12,52300,2026-09-25 10:30:00.000,-0.015242907278350855,0.059226436605284496,10.179678879850428,0.0,0.0,9.81,0.005,0.0,0.0,20.0,-15.0,40.0,45.0,0.0,0.0
52.41205000000166,-1.5118249999999485,110.0,0.0,3.0,45.0,12,52400,2026-09-25 10:30:00.000,-0.030871697624773393,-0.049549967992643745,10.137430555722222,0.0,0.0,9.81,0.005,0.0,0.0,20.0,-15.0,40.0,45.0,0.0,0.0
52.41206000000167,-1.5118099999999484,110.0,0.0,3.0,45.0,12,52500,2026-09-25 10:30:00.000,-0.033137525839988656,-0.0479804342327899,10.079398408474011,0.0,0.0,9.81,0.005,0.0,0.0,20.0,-15.0,40.0,45.0,0.0,0.0
52.41207000000167,-1.5117949999999483,110.0,0.0,3.0,45.0,12,52600,2026-09-25 10:30:00.000,-0.04358109549524093,0.04239057735035441,10.008379883644801,0.0,0.0,9.81,0.005,0.0,0.0,20.0,-15.0,40.0,45.0,0.0,0.0
52.41208000000167,-1.5117799999999482,110.0,0.0,3.0,45.0,12,52700,2026-09-25 10:30:00.000,-0.01511358836938767,0.015185183784518157,9.927798436420918,0.0,0.0,9.81,0.005,0.0,0.0,20.0,-15.0,40.0,45.0,0.0,0.0
52.412090000001676,-1.511764999999948,110.0,0.0,3.0,45.0,12,52800,2026-09-25 10:30:00.000,-0.01744645918217273,-0.0412661951240853,9.841538503631813,0.0,0.0,9.81,0.005,0.0,0.0,20.0,-15.0,40.0,45.0,0.0,0.0
52.41210000000168,-1.511749999999948,110.0,0.0,3.0,45.0,12,52900,2026-09-25 10:30:00.000,0.03489111318858035,0.008078554532736534,9.753758254079063,0.0,0.0,9.81,0.005,0.0,0.0,20.0,-15.0,40.0,45.0,0.0,0.0
52.41211000000168,-1.5117349999999479,110.0,0.0,3.0,45.0,12,53000,2026-09-25 10:30:00.000,0.013040386345423672,0.0063452327848439495,9.668689143587901,0.0,0.0,9.81,0.005,0.0,0.0,20.0,-15.0,40.0,45.0,0.0,0.0
52.412120000001686,-1.5117199999999478,110.0,0.0,3.0,45.0,12,53100,2026-09-25 10:30:00.000,-0.04045941500059264,0.01347056623324223,9.59043193725035,0.0,0.0,9.81,0.005,0.0,0.0,20.0,-15.0,40.0,45.0,0.0,0.0
52.41213000000169,-1.5117049999999477,110.0,0.0,3.0,45.0,12,53200,2026-09-25 10:30:00.000,0.04130131730407824,-0.0815042542593323,9.522759031628416,0.0,0.0,9.81,0.005,0.0,0.0,20.0,-15.0,40.0,45.0,0.0,0.0
52.41214000000169,-1.5116899999999476,110.0,0.0,3.0,45.0,12,53300,2026-09-25 10:30:00.000,-0.017030741536782395,0.006699829349563787,9.468932605995484,0.0,0.0,9.81,0.005,0.0,0.0,20.0,-15.0,40.0,45.0,0.0,0.0
52.412150000001695,-1.5116749999999475,110.0,0.0,3.0,45.0,12,53400,2026-09-25 10:30:00.000,0.08527556035880302,-0.04217952612220466,9.431547368653895,0.0,0.0,9.81,0.005,0.0,0.0,20.0,-15.0,40.0,45.0,0.0,0.0
52.4121600000017,-1.5116599999999474,110.0,0.0,3.0,45.0,12,53500,2026-09-25 10:30:00.000,-0.113690324197462,-0.029288237675459322,9.412405478758279,0.0,0.0,9.81,0.005,0.0,0.0,20.0,-15.0,40.0,45.0,0.0,0.0
52.4121700000017,-1.5116449999999473,110.0,0.0,3.0,45.0,12,53600,2026-09-25 10:30:00.000,0.04566648937118981,0.010481049132207609,9.412429673050864,0.0,0.0,9.81,0.005,0.0,0.0,20.0,-15.0,40.0,45.0,0.0,0.0
52.412180000001705,-1.5116299999999472,110.0,0.0,3.0,45.0,12,53700,2026-09-25 10:30:00.000,0.029812877819828207,-0.05783181054604633,9.43161878524333,0.0,0.0,9.81,0.005,0.0,0.0,20.0,-15.0,40.0,45.0,0.0,0.0
52.41219000000171,-1.511614999999947,110.0,0.0,3.0,45.0,12,53800,2026-09-25 10:30:00.000,0.007557381738669541,-0.011900929538690881,9.469047802237835,0.0,0.0,9.81,0.005,0.0,0.0,20.0,-15.0,40.0,45.0,0.0,0.0
52.41220000000171,-1.511599999999947,110.0,0.0,3.0,45.0,12,53900,2026-09-25 10:30:00.000,0.095641481516567,-0.07297204954130856,9.522912454477146,0.0,0.0,9.81,0.005,0.0,0.0,20.0,-15.0,40.0,45.0,0.0,0.0
52.412210000001714,-1.5115849999999469,110.0,0.0,3.0,45.0,12,54000,2026-09-25 10:30:00.000,0.07782491755620985,-0.08943147624894687,9.590616190941493,0.0,0.0,9.81,0.005,0.0,0.0,20.0,-15.0,40.0,45.0,0.0,0.0
52.41222000000172,-1.5115699999999468,110.0,0.0,3.0,45.0,12,54100,2026-09-25 10:30:00.000,0.018749583125862414,-0.04215697114594194,9.668895346153592,0.0,0.0,9.81,0.005,0.0,0.0,20.0,-15.0,40.0,45.0,0.0,0.0
52.41223000000172,-1.5115549999999467,110.0,0.0,3.0,45.0,12,54200,2026-09-25 10:30:00.000,-0.0021489635723022384,0.07747332087089007,9.753976465503733,0.0,0.0,9.81,0.005,0.0,0.0,20.0,-15.0,40.0,45.0,0.0,0.0
52.412240000001724,-1.5115399999999466,110.0,0.0,3.0,45.0,12,54300,2026-09-25 10:30:00.000,0.019277653475260198,-0.04957955087285559,9.841758205011624,0.0,0.0,9.81,0.005,0.0,0.0,20.0,-15.0,40.0,45.0,0.0,0.0
52.41225000000173,-1.5115249999999465,110.0,0.0,3.0,45.0,12,54400,2026-09-25 10:30:00.000,-0.06601769635023695,-0.023612252762517664,9.928009037028596,0.0,0.0,9.81,0.005,0.0,0.0,20.0,-15.0,40.0,45.0,0.0,0.0
52.41226000000173,-1.5115099999999464,110.0,0.0,3.0,45.0,12,54500,2026-09-25 10:30:00.000,-0.012500232520263313,-0.0029369995823220543,10.008571231456708,0.0,0.0,9.81,0.005,0.0,0.0,20.0,-15.0,40.0,45.0,0.0,0.0
52.41227000000173,-1.5114949999999463,110.0,0.0,3.0,45.0,12,54600,2026-09-25 10:30:00.000,-0.027403577601703838,-0.10301004391217966,10.07956127954948,0.0,0.0,9.81,0.005,0.0,0.0,20.0,-15.0,40.0,45.0,0.0,0.0
52.412280000001736,-1.5114799999999462,110.0,0.0,3.0,45.0,12,54700,2026-09-25 10:30:00.000,0.047699541158469055,0.04099832814013666,10.137557098844557,0.0,0.0,9.81,0.005,0.0,0.0,20.0,-15.0,40.0,45.0,0.0,0.0
52.41229000000174,-1.511464999999946,110.0,0.0,3.0,45.0,12,54800,2026-09-25 10:30:00.000,0.0016819871061667176,0.03210838338969015,10.17976299499559,0.0,0.0,9.81,0.005,0.0,0.0,20.0,-15.0,40.0,45.0,0.0,0.0
52.41230000000174,-1.511449999999946,110.0,0.0,3.0,45.0,12,54900,2026-09-25 10:30:00.000,0.005720375075159602,-0.03283764300509568,10.204144428501529,0.0,0.0,9.81,0.005,0.0,0.0,20.0,-15.0,40.0,45.0,0.0,0.0
52.412310000001746,-1.511434999999946,110.0,0.0,3.0,45.0,12,55000,2026-09-25 10:30:00.000,0.03317999309912858,0.03470142780311918,10.209526089889433,0.0,0.0,9.81,0.005,0.0,0.0,20.0,-15.0,40.0,45.0,0.0,0.0
52.41232000000175,-1.5114199999999458,110.0,0.0,3.0,45.0,12,55100,2026-09-25 10:30:00.000,0.010878186989147078,0.0680240476823185,10.195648555626725,0.0,0.0,9.81,0.005,0.0,0.0,20.0,-15.0,40.0,45.0,0.0,0.0
52.41233000000175,-1.5114049999999457,110.0,0.0,3.0,45.0,12,55200,2026-09-25 10:30:00.000,0.019492225234376354,0.07867173003989475,10.163180793658876,0.0,0.0,9.81,0.005,0.0,0.0,20.0,-15.0,40.0,45.0,0.0,0.0
52.412340000001755,-1.5113899999999456,110.0,0.0,3.0,45.0,12,55300,2026-09-25 10:30:00.000,0.05191746734019192,-0.057852488737237334,10.113687915741785,0.0,0.0,9.81,0.005,0.0,0.0,20.0,-15.0,40.0,45.0,0.0,0.0
52.41235000000176,-1.5113749999999455,110.0,0.0,3.0,45.0,12,55400,2026-09-25 10:30:00.000,-0.0397039681904206,0.0017734692386867903,10.049555731070997,0.0,0.0,9.81,0.005,0.0,0.0,20.0,-15.0,40.0,45.0,0.0,0.0
52.41236000000176,-1.5113599999999454,110.0,0.0,3.0,45.0,12,55500,2026-09-25 10:30:00.000,0.0019015106833426294,0.004255863539296149,9.973875738107644,0.0,0.0,9.81,0.005,0.0,0.0,20.0,-15.0,40.0,45.0,0.0,0.0
52.412370000001765,-1.5113449999999453,110.0,0.0,3.0,45.0,12,55600,2026-09-25 10:30:00.000,-0.02249282988127089,0.11380588066330191,9.890296098581837,0.0,0.0,9.81,0.005,0.0,0.0,20.0,-15.0,40.0,45.0,0.0,0.0
52.41238000000177,-1.5113299999999452,110.0,0.0,3.0,45.0,12,55700,2026-09-25 10:30:00.000,0.02308084475677209,-0.02329575345284028,9.80284577748679,0.0,0.0,9.81,0.005,0.0,0.0,20.0,-15.0,40.0,45.0,0.0,0.0
52.41239000000177,-1.5113149999999451,110.0,0.0,3.0,45.0,12,55800,2026-09-25 10:30:00.000,0.029017828488569115,0.0179097802681924,9.71574032641299,0.0,0.0,9.81,0.005,0.0,0.0,20.0,-15.0,40.0,45.0,0.0,0.0
52.412400000001774,-1.511299999999945,110.0,0.0,3.0,45.0,12,55900,2026-09-25 10:30:00.000,0.10329655243477459,-0.01781103470181228,9.633178672456614,0.0,0.0,9.81,0.005,0.0,0.0,20.0,-15.0,40.0,45.0,0.0,0.0
52.41241000000178,-1.511284999999945,110.0,0.0,3.0,45.0,12,56000,2026-09-25 10:30:00.000,0.04491656846088989,0.030858050300153102,9.559140708513327,0.0,0.0,9.81,0.005,0.0,0.0,20.0,-15.0,40.0,45.0,0.0,0.0
52.41242000000178,-1.5112699999999448,110.0,0.0,3.0,45.0,12,56100,2026-09-25 10:30:00.000,-0.10424511245942317,-0.037832252008412184,9.497195442137931,0.0,0.0,9.81,0.005,0.0,0.0,20.0,-15.0,40.0,45.0,0.0,0.0
52.412430000001784,-1.5112549999999447,110.0,0.0,3.0,45.0,12,56200,2026-09-25 10:30:00.000,0.006576563462767747,0.017825006189853124,9.45032895117351,0.0,0.0,9.81,0.005,0.0,0.0,20.0,-15.0,40.0,45.0,0.0,0.0
52.41244000000179,-1.5112399999999446,110.0,0.0,3.0,45.0,12,56300,2026-09-25 10:30:00.000,0.08030648065552103,0.015658752018309026,9.420800439566401,0.0,0.0,9.81,0.005,0.0,0.0,20.0,-15.0,40.0,45.0,0.0,0.0
52.41245000000179,-1.5112249999999445,110.0,0.0,3.0,45.0,12,56400,2026-09-25 10:30:00.000,0.08783818686583313,-0.03387701766214274,9.410033332211004,0.0,0.0,9.81,0.005,0.0,0.0,20.0,-15.0,40.0,45.0,0.0,0.0
52.41246000000179,-1.5112099999999444,110.0,0.0,3.0,45.0,12,56500,2026-09-25 10:30:00.000,0.0006037381466862575,-0.055082992668840425,9.418546658608513,0.0,0.0,9.81,0.005,0.0,0.0,20.0,-15.0,40.0,45.0,0.0,0.0
52.4124700000018,-1.5111949999999443,110.0,0.0,3.0,45.0,12,56600,2026-09-25 10:30:00.000,-0.027420464145614505,-0.08635995691582654,9.445930032997207,0.0,0.0,9.81,0.005,0.0,0.0,20.0,-15.0,40.0,45.0,0.0,0.0
52.4124800000018,-1.5111799999999442,110.0,0.0,3.0,45.0,12,56700,2026-09-25 10:30:00.000,-0.07099395814606718,-0.010480595043315083,9.490863437039678,0.0,0.0,9.81,0.005,0.0,0.0,20.0,-15.0,40.0,45.0,0.0,0.0
52.4124900000018,-1.5111649999999441,110.0,0.0,3.0,45.0,12,56800,2026-09-25 10:30:00.000,0.05274513964051543,-0.094682204147848,9.551180851440566,0.0,0.0,9.81,0.005,0.0,0.0,20.0,-15.0,40.0,45.0,0.0,0.0
52.412500000001806,-1.511149999999944,110.0,0.0,3.0,45.0,12,56900,2026-09-25 10:30:00.000,-0.015630198133924623,0.04775303466194815,9.623974669126186,0.0,0.0,9.81,0.005,0.0,0.0,20.0,-15.0,40.0,45.0,0.0,0.0
52.41251000000181,-1.511134999999944,110.0,0.0,3.0,45.0,12,57000,2026-09-25 10:30:00.000,-0.06199002046562357,-0.0025353249209638462,9.705735856738153,0.0,0.0,9.81,0.005,0.0,0.0,20.0,-15.0,40.0,45.0,0.0,0.0
52.41252000000181,-1.5111199999999438,110.0,0.0,3.0,45.0,12,57100,2026-09-25 10:30:00.000,0.0022623975355190984,-0.011250905793261035,9.792523107942062,0.0,0.0,9.81,0.005,0.0,0.0,20.0,-15.0,40.0,45.0,0.0,0.0
52.412530000001816,-1.5111049999999437,110.0,0.0,3.0,45.0,12,57200,2026-09-25 10:30:00.000,-0.03219270643963775,-0.004383340751919379,9.880152834498709,0.0,0.0,9.81,0.005,0.0,0.0,20.0,-15.0,40.0,45.0,0.0,0.0
52.41254000000182,-1.5110899999999436,110.0,0.0,3.0,45.0,12,57300,2026-09-25 10:30:00.000,0.07682640317218573,0.0018813836141145586,9.964400836559143,0.0,0.0,9.81,0.005,0.0,0.0,20.0,-15.0,40.0,45.0,0.0,0.0
52.41255000000182,-1.5110749999999435,110.0,0.0,3.0,45.0,12,57400,2026-09-25 10:30:00.000,0.044032550832859604,-0.07003783913638947,10.04120593064645,0.0,0.0,9.81,0.005,0.0,0.0,20.0,-15.0,40.0,45.0,0.0,0.0
52.412560000001825,-1.5110599999999434,110.0,0.0,3.0,45.0,12,57500,2026-09-25 10:30:00.000,-0.031502602662640176,-0.060086728111052694,10.106865719416817,0.0,0.0,9.81,0.005,0.0,0.0,20.0,-15.0,40.0,45.0,0.0,0.0
52.41257000000183,-1.5110449999999434,110.0,0.0,3.0,45.0,12,57600,2026-09-25 10:30:00.000,0.07861852031312914,0.0003201919533646273,10.158215066098682,0.0,0.0,9.81,0.005,0.0,0.0,20.0,-15.0,40.0,45.0,0.0,0.0
52.41258000000183,-1.5110299999999433,110.0,0.0,3.0,45.0,12,57700,2026-09-25 10:30:00.000,0.026717795544460937,0.0463947916446784,10.192778670231569,0.0,0.0,9.81,0.005,0.0,0.0,20.0,-15.0,40.0,45.0,0.0,0.0
52.412590000001835,-1.5110149999999432,110.0,0.0,3.0,45.0,12,57800,2026-09-25 10:30:00.000,0.042660114236411556,-0.022703949225605723,10.208890389775615,0.0,0.0,9.81,0.005,0.0,0.0,20.0,-15.0,40.0,45.0,0.0,0.0
52.41260000000184,-1.510999999999943,110.0,0.0,3.0,45.0,12,57900,2026-09-25 10:30:00.000,-0.03442441333214268,-0.07682799366707593,10.20577355765746,0.0,0.0,9.81,0.005,0.0,0.0,20.0,-15.0,40.0,45.0,0.0,0.0
52.41261000000184,-1.510984999999943,110.0,0.0,3.0,45.0,12,58000,2026-09-25 10:30:00.000,0.012328743836837693,-0.010268726025094588,10.183578421085214,0.0,0.0,9.81,0.005,0.0,0.0,20.0,-15.0,40.0,45.0,0.0,0.0
52.412620000001844,-1.5109699999999429,110.0,0.0,3.0,45.0,12,58100,2026-09-25 10:30:00.000,-0.0315289316246122,0.06836188877652684,10.143374898866567,0.0,0.0,9.81,0.005,0.0,0.0,20.0,-15.0,40.0,45.0,0.0,0.0
52.41263000000185,-1.5109549999999428,110.0,0.0,3.0,45.0,12,58200,2026-09-25 10:30:00.000,0.019707750795907836,-0.06742767681977833,10.087101005864255,0.0,0.0,9.81,0.005,0.0,0.0,20.0,-15.0,40.0,45.0,0.0,0.0
52.41264000000185,-1.5109399999999427,110.0,0.0,3.0,45.0,12,58300,2026-09-25 10:30:00.000,0.01774090679681614,0.02961996597499185,10.017469430793174,0.0,0.0,9.81,0.005,0.0,0.0,20.0,-15.0,40.0,45.0,0.0,0.0
52.412650000001854,-1.5109249999999426,110.0,0.0,3.0,45.0,12,58400,2026-09-25 10:30:00.000,0.006725681469939598,-0.03157186097700728,9.937836770786006,0.0,0.0,9.81,0.005,0.0,0.0,20.0,-15.0,40.0,45.0,0.0,0.0
52.41266000000186,-1.5109099999999425,110.0,0.0,3.0,45.0,12,58500,2026-09-25 10:30:00.000,-0.04386443345172514,-0.03840679955599625,9.852041726288276,0.0,0.0,9.81,0.005,0.0,0.0,20.0,-15.0,40.0,45.0,0.0,0.0
52.41267000000186,-1.5108949999999424,110.0,0.0,3.0,45.0,12,58600,2026-09-25 10:30:00.000,-0.01819497633330502,0.08136228909894944,9.764220056114361,0.0,0.0,9.81,0.005,0.0,0.0,20.0,-15.0,40.0,45.0,0.0,0.0
52.41268000000186,-1.5108799999999423,110.0,0.0,3.0,45.0,12,58700,2026-09-25 10:30:00.000,0.03226759286808822,-0.0043234907399714775,9.678605212774729,0.0,0.0,9.81,0.005,0.0,0.0,20.0,-15.0,40.0,45.0,0.0,0.0
52.41269000000187,-1.5108649999999422,110.0,0.0,3.0,45.0,12,58800,2026-09-25 10:30:00.000,-0.005302307791686934,0.039151539039326055,9.599324268468688,0.0,0.0,9.81,0.005,0.0,0.0,20.0,-15.0,40.0,45.0,0.0,0.0
52.41270000000187,-1.510849999999942,110.0,0.0,3.0,45.0,12,58900,2026-09-25 10:30:00.000,-0.07255511490661684,-0.029142583181472982,9.530198969150739,0.0,0.0,9.81,0.005,0.0,0.0,20.0,-15.0,40.0,45.0,0.0,0.0
52.41271000000187,-1.510834999999942,110.0,0.0,3.0,45.0,12,59000,2026-09-25 10:30:00.000,0.004923026643310176,0.07700727612823488,9.474561506879576,0.0,0.0,9.81,0.005,0.0,0.0,20.0,-15.0,40.0,45.0,0.0,0.0
52.412720000001876,-1.5108199999999419,110.0,0.0,3.0,45.0,12,59100,2026-09-25 10:30:00.000,-0.052406122458440854,0.09836502441336886,9.435093891162214,0.0,0.0,9.81,0.005,0.0,0.0,20.0,-15.0,40.0,45.0,0.0,0.0
52.41273000000188,-1.5108049999999418,110.0,0.0,3.0,45.0,12,59200,2026-09-25 10:30:00.000,-0.020610319660165244,-0.056957782973651366,9.413698662413909,0.0,0.0,9.81,0.005,0.0,0.0,20.0,-15.0,40.0,45.0,0.0,0.0
52.41274000000188,-1.5107899999999417,110.0,0.0,3.0,45.0,12,59300,2026-09-25 10:30:00.000,0.02122940936125842,0.03936715515662443,9.411407179804637,0.0,0.0,9.81,0.005,0.0,0.0,20.0,-15.0,40.0,45.0,0.0,0.0
52.412750000001886,-1.5107749999999416,110.0,0.0,3.0,45.0,12,59400,2026-09-25 10:30:00.000,0.0860613812504939,-0.08873943328488233,9.428329904485796,0.0,0.0,9.81,0.005,0.0,0.0,20.0,-15.0,40.0,45.0,0.0,0.0
52.41276000000189,-1.5107599999999415,110.0,0.0,3.0,45.0,12,59500,2026-09-25 10:30:00.000,0.003817910547145652,0.016608904892166234,9.463651074799204,0.0,0.0,9.81,0.005,0.0,0.0,20.0,-15.0,40.0,45.0,0.0,0.0
52.41277000000189,-1.5107449999999414,110.0,0.0,3.0,45.0,12,59600,2026-09-25 10:30:00.000,0.018087670674270563,0.04356999884308893,9.515668030150497,0.0,0.0,9.81,0.005,0.0,0.0,20.0,-15.0,40.0,45.0,0.0,0.0
52.412780000001895,-1.5107299999999413,110.0,0.0,3.0,45.0,12,59700,2026-09-25 10:30:00.000,0.045452511696887084,-0.03984225921010776,9.581873287935629,0.0,0.0,9.81,0.005,0.0,0.0,20.0,-15.0,40.0,45.0,0.0,0.0
52.4127900000019,-1.5107149999999412,110.0,0.0,3.0,45.0,12,59800,2026-09-25 10:30:00.000,-0.007923014211084189,0.022476783215698716,9.65907541699391,0.0,0.0,9.81,0.005,0.0,0.0,20.0,-15.0,40.0,45.0,0.0,0.0
52.4128000000019,-1.510699999999941,110.0,0.0,3.0,45.0,12,59900,2026-09-25 10:30:00.000,0.04895936394955855,-0.006198756598171579,9.743552880870514,0.0,0.0,9.81,0.005,0.0,0.0,20.0,-15.0,40.0,45.0,0.0,0.0
52.412810000001905,-1.510684999999941,110.0,0.0,3.0,45.0,12,60000,2026-09-25 10:30:00.000,0.01648385569503918,0.07052042038529431,9.831233434858424,0.0,0.0,9.81,0.005,0.0,0.0,20.0,-15.0,40.0,45.0,0.0,0.0
52.41282000000191,-1.510669999999941,110.0,0.0,3.0,45.0,12,60100,2026-09-25 10:30:00.000,0.03498881602398981,-0.022107186916385753,9.917890428967214,0.0,0.0,9.81,0.005,0.0,0.0,20.0,-15.0,40.0,45.0,0.0,0.0
52.41283000000191,-1.5106549999999408,110.0,0.0,3.0,45.0,12,60200,2026-09-25 10:30:00.000,-0.04260583071421785,-0.03133693361900549,9.999346554014155,0.0,0.0,9.81,0.005,0.0,0.0,20.0,-15.0,40.0,45.0,0.0,0.0
52.412840000001914,-1.5106399999999407,110.0,0.0,3.0,45.0,12,60300,2026-09-25 10:30:00.000,-0.01842680891048778,0.03236517634024683,10.071675209236691,0.0,0.0,9.81,0.005,0.0,0.0,20.0,-15.0,40.0,45.0,0.0,0.0
52.41285000000192,-1.5106249999999406,110.0,0.0,3.0,45.0,12,60400,2026-09-25 10:30:00.000,-0.07165761668508486,0.07799502122871932,10.131389784480126,0.0,0.0,9.81,0.005,0.0,0.0,20.0,-15.0,40.0,45.0,0.0,0.0
52.41286000000192,-1.5106099999999405,110.0,0.0,3.0,45.0,12,60500,2026-09-25 10:30:00.000,0.03847504876220328,0.0018098132351096153,10.175611732593444,0.0,0.0,9.81,0.005,0.0,0.0,20.0,-15.0,40.0,45.0,0.0,0.0
52.412870000001924,-1.5105949999999404,110.0,0.0,3.0,45.0,12,60600,2026-09-25 10:30:00.000,-0.04862860280958282,-0.05437815805355059,10.202209330086445,0.0,0.0,9.81,0.005,0.0,0.0,20.0,-15.0,40.0,45.0,0.0,0.0
52.41288000000193,-1.5105799999999403,110.0,0.0,3.0,45.0,12,60700,2026-09-25 10:30:00.000,-0.002463777702158196,-0.02369566164556847,10.20990043707661,0.0,0.0,9.81,0.005,0.0,0.0,20.0,-15.0,40.0,45.0,0.0,0.0
52.41289000000193,-1.5105649999999402,110.0,0.0,3.0,45.0,12,60800,2026-09-25 10:30:00.000,-0.03274830312260026,-0.0029364999019522407,10.198314302972072,0.0,0.0,9.81,0.005,0.0,0.0,20.0,-15.0,40.0,45.0,0.0,0.0
52.41290000000193,-1.51054999999994,110.0,0.0,3.0,45.0,12,60900,2026-09-25 10:30:00.000,0.050414606097415854,0.08632542349437974,10.168009438541466,0.0,0.0,9.81,0.005,0.0,0.0,20.0,-15.0,40.0,45.0,0.0,0.0
52.412910000001936,-1.51053499999994,110.0,0.0,3.0,45.0,12,61000,2026-09-25 10:30:00.000,0.03419793043016471,0.08596240210505124,10.120446692845723,0.0,0.0,9.81,0.005,0.0,0.0,20.0,-15.0,40.0,45.0,0.0,0.0
52.41292000000194,-1.51051999999994,110.0,0.0,3.0,45.0,12,61100,2026-09-25 10:30:00.000,0.046858306207439894,0.07506850783181616,10.057918832861061,0.0,0.0,9.81,0.005,0.0,0.0,20.0,-15.0,40.0,45.0,0.0,0.0
52.41293000000194,-1.5105049999999398,110.0,0.0,3.0,45.0,12,61200,2026-09-25 10:30:00.000,-0.04318717072317392,-0.032906132589462886,9.983440020414529,0.0,0.0,9.81,0.005,0.0,0.0,20.0,-15.0,40.0,45.0,0.0,0.0
52.412940000001946,-1.5104899999999397,110.0,0.0,3.0,45.0,12,61300,2026-09-25 10:30:00.000,-0.07930484806681676,0.009837624174961352,9.900600514207719,0.0,0.0,9.81,0.005,0.0,0.0,20.0,-15.0,40.0,45.0,0.0,0.0
52.41295000000195,-1.5104749999999396,110.0,0.0,3.0,45.0,12,61400,2026-09-25 10:30:00.000,0.05135010209366451,-0.06513926673792036,9.813393601032182,0.0,0.0,9.81,0.005,0.0,0.0,20.0,-15.0,40.0,45.0,0.0,0.0
52.41296000000195,-1.5104599999999395,110.0,0.0,3.0,45.0,12,61500,2026-09-25 10:30:00.000,0.11037338284773057,-0.02839141525984462,9.726023098974984,0.0,0.0,9.81,0.005,0.0,0.0,20.0,-15.0,40.0,45.0,0.0,0.0
52.412970000001955,-1.5104449999999394,110.0,0.0,3.0,45.0,12,61600,2026-09-25 10:30:00.000,-0.1388805912166818,0.033815211124850135,9.642700711941815,0.0,0.0,9.81,0.005,0.0,0.0,20.0,-15.0,40.0,45.0,0.0,0.0
52.41298000000196,-1.5104299999999393,110.0,0.0,3.0,45.0,12,61700,2026-09-25 10:30:00.000,-0.01648028599852154,0.009108265476123803,9.567443004043398,0.0,0.0,9.81,0.005,0.0,0.0,20.0,-15.0,40.0,45.0,0.0,0.0
52.41299000000196,-1.5104149999999392,110.0,0.0,3.0,45.0,12,61800,2026-09-25 10:30:00.000,-0.002296419957054176,0.008377823658528431,9.5038777807155,0.0,0.0,9.81,0.005,0.0,0.0,20.0,-15.0,40.0,45.0,0.0,0.0
52.413000000001965,-1.5103999999999391,110.0,0.0,3.0,45.0,12,61900,2026-09-25 10:30:00.000,0.07348976445499582,0.04962468414514281,9.455069209990267,0.0,0.0,9.81,0.005,0.0,0.0,20.0,-15.0,40.0,45.0,0.0,0.0
52.41301000000197,-1.510384999999939,110.0,0.0,3.0,45.0,12,62000,2026-09-25 10:30:00.000,-0.029316982089111755,-0.02952761089886647,9.42337011396571,0.0,0.0,9.81,0.005,0.0,0.0,20.0,-15.0,40.0,45.0,0.0,0.0
52.41302000000197,-1.510369999999939,110.0,0.0,3.0,45.0,12,62100,2026-09-25 10:30:00.000,-0.05410219935611963,0.0535735493117251,9.410308550778039,0.0,0.0,9.81,0.005,0.0,0.0,20.0,-15.0,40.0,45.0,0.0,0.0
52.413030000001974,-1.5103549999999388,110.0,0.0,3.0,45.0,12,62200,2026-09-25 10:30:00.000,-0.012742119856427342,0.022013929028044665,9.41651415440436,0.0,0.0,9.81,0.005,0.0,0.0,20.0,-15.0,40.0,45.0,0.0,0.0
52.41304000000198,-1.5103399999999387,110.0,0.0,3.0,45.0,12,62300,2026-09-25 10:30:00.000,-0.05953186218753335,0.018120447292639594,9.441687783093,0.0,0.0,9.81,0.005,0.0,0.0,20.0,-15.0,40.0,45.0,0.0,0.0
52.41305000000198,-1.5103249999999386,110.0,0.0,3.0,45.0,12,62400,2026-09-25 10:30:00.000,-0.07857423153012605,0.01891179281583214,9.484615939521953,0.0,0.0,9.81,0.005,0.0,0.0,20.0,-15.0,40.0,45.0,0.0,0.0
52.413060000001984,-1.5103099999999385,110.0,0.0,3.0,45.0,12,62500,2026-09-25 10:30:00.000,0.0033115796587380726,-0.05449336093030316,9.543229267560278,0.0,0.0,9.81,0.005,0.0,0.0,20.0,-15.0,40.0,45.0,0.0,0.0
52.41307000000199,-1.5102949999999384,110.0,0.0,3.0,45.0,12,62600,2026-09-25 10:30:00.000,-0.0991668249658953,0.041815578062442765,9.614702305790082,0.0,0.0,9.81,0.005,0.0,0.0,20.0,-15.0,40.0,45.0,0.0,0.0
52.41308000000199,-1.5102799999999383,110.0,0.0,3.0,45.0,12,62700,2026-09-25 10:30:00.000,0.020601338676435692,0.05408232000566185,9.695589689160508,0.0,0.0,9.81,0.005,0.0,0.0,20.0,-15.0,40.0,45.0,0.0,0.0
52.41309000000199,-1.5102649999999382,110.0,0.0,3.0,45.0,12,62800,2026-09-25 10:30:00.000,0.05217839992775487,-0.012222033003324919,9.781992233159153,0.0,0.0,9.81,0.005,0.0,0.0,20.0,-15.0,40.0,45.0,0.0,0.0
52.413100000002,-1.5102499999999381,110.0,0.0,3.0,45.0,12,62900,2026-09-25 10:30:00.000,-0.006111940790675751,0.0028631459103018136,9.869744894396636,0.0,0.0,9.81,0.005,0.0,0.0,20.0,-15.0,40.0,45.0,0.0,0.0
52.413110000002,-1.510234999999938,110.0,0.0,3.0,45.0,12,63000,2026-09-25 10:30:00.000,0.0027254419985165285,0.02618511459781969,9.954617546945252,0.0,0.0,9.81,0.005,0.0,0.0,20.0,-15.0,40.0,45.0,0.0,0.0
52.413120000002,-1.510219999999938,110.0,0.0,3.0,45.0,12,63100,2026-09-25 10:30:00.000,-0.02228857722862713,-0.14396396416976215,10.032518895988005,0.0,0.0,9.81,0.005,0.0,0.0,20.0,-15.0,40.0,45.0,0.0,0.0
52.413130000002006,-1.5102049999999378,110.0,0.0,3.0,45.0,12,63200,2026-09-25 10:30:00.000,0.06351445058584405,-0.014693549065652107,10.099693699099863,0.0,0.0,9.81,0.005,0.0,0.0,20.0,-15.0,40.0,45.0,0.0,0.0
52.41314000000201,-1.5101899999999377,110.0,0.0,3.0,45.0,12,63300,2026-09-25 10:30:00.000,0.026996438652981597,-0.0129792130637747,10.152903788089402,0.0,0.0,9.81,0.005,0.0,0.0,20.0,-15.0,40.0,45.0,0.0,0.0
52.41315000000201,-1.5101749999999377,110.0,0.0,3.0,45.0,12,63400,2026-09-25 10:30:00.000,-0.014961130399609324,-0.05006460311852641,10.189584165224636,0.0,0.0,9.81,0.005,0.0,0.0,20.0,-15.0,40.0,45.0,0.0,0.0
52.413160000002016,-1.5101599999999376,110.0,0.0,3.0,45.0,12,63500,2026-09-25 10:30:00.000,0.0631731428708128,0.044124495361209125,10.207966649208618,0.0,0.0,9.81,0.005,0.0,0.0,20.0,-15.0,40.0,45.0,0.0,0.0
52.41317000000202,-1.5101449999999375,110.0,0.0,3.0,45.0,12,63600,2026-09-25 10:30:00.000,0.020567163133173777,0.014489837165180975,10.20716511053804,0.0,0.0,9.81,0.005,0.0,0.0,20.0,-15.0,40.0,45.0,0.0,0.0
52.41318000000202,-1.5101299999999374,110.0,0.0,3.0,45.0,12,63700,2026-09-25 10:30:00.000,0.0035142649701586336,0.07965334144224884,10.187218187465742,0.0,0.0,9.81,0.005,0.0,0.0,20.0,-15.0,40.0,45.0,0.0,0.0
52.413190000002025,-1.5101149999999373,110.0,0.0,3.0,45.0,12,63800,2026-09-25 10:30:00.000,0.03575903768156413,-0.02209290470842125,10.149087423439825,0.0,0.0,9.81,0.005,0.0,0.0,20.0,-15.0,40.0,45.0,0.0,0.0
52.41320000000203,-1.5100999999999372,110.0,0.0,3.0,45.0,12,63900,2026-09-25 10:30:00.000,-0.04731938231076648,0.001852246275165261,10.094610915804282,0.0,0.0,9.81,0.005,0.0,0.0,20.0,-15.0,40.0,45.0,0.0,0.0
52.41321000000203,-1.510084999999937,110.0,0.0,3.0,45.0,12,64000,2026-09-25 10:30:00.000,0.022998289621732185,0.05236059002126103,10.026414710130268,0.0,0.0,9.81,0.005,0.0,0.0,20.0,-15.0,40.0,45.0,0.0,0.0
52.413220000002035,-1.510069999999937,110.0,0.0,3.0,45.0,12,64100,2026-09-25 10:30:00.000,-0.021191119198121514,-0.003253111556318924,9.947786211423221,0.0,0.0,9.81,0.005,0.0,0.0,20.0,-15.0,40.0,45.0,0.0,0.0
52.41323000000204,-1.5100549999999369,110.0,0.0,3.0,45.0,12,64200,2026-09-25 10:30:00.000,-0.014097664706511637,0.06587707446024792,9.86251571443143,0.0,0.0,9.81,0.005,0.0,0.0,20.0,-15.0,40.0,45.0,0.0,0.0
52.41324000000204,-1.5100399999999368,110.0,0.0,3.0,45.0,12,64300,2026-09-25 10:30:00.000,0.04270631011765421,0.020814541527060477,9.77471369210359,0.0,0.0,9.81,0.005,0.0,0.0,20.0,-15.0,40.0,45.0,0.0,0.0
52.413250000002044,-1.5100249999999367,110.0,0.0,3.0,45.0,12,64400,2026-09-25 10:30:00.000,0.04883480059782169,-0.03706720236803069,9.68861264982377,0.0,0.0,9.81,0.005,0.0,0.0,20.0,-15.0,40.0,45.0,0.0,0.0
52.41326000000205,-1.5100099999999366,110.0,0.0,3.0,45.0,12,64500,2026-09-25 10:30:00.000,-0.04432666137604562,-0.052630545812475886,9.608363097060444,0.0,0.0,9.81,0.005,0.0,0.0,20.0,-15.0,40.0,45.0,0.0,0.0
52.41327000000205,-1.5099949999999365,110.0,0.0,3.0,45.0,12,64600,2026-09-25 10:30:00.000,-0.02432120769100935,-0.08065214223815828,9.537833471636958,0.0,0.0,9.81,0.005,0.0,0.0,20.0,-15.0,40.0,45.0,0.0,0.0
52.413280000002054,-1.5099799999999364,110.0,0.0,3.0,45.0,12,64700,2026-09-25 10:30:00.000,-0.05919842452325892,-0.02875879438149458,9.480423661294237,0.0,0.0,9.81,0.005,0.0,0.0,20.0,-15.0,40.0,45.0,0.0,0.0
52.41329000000206,-1.5099649999999363,110.0,0.0,3.0,45.0,12,64800,2026-09-25 10:30:00.000,0.04006993926397385,-0.017038245709545083,9.438901111757696,0.0,0.0,9.81,0.005,0.0,0.0,20.0,-15.0,40.0,45.0,0.0,0.0
52.41330000000206,-1.5099499999999362,110.0,0.0,3.0,45.0,12,64900,2026-09-25 10:30:00.000,0.09252651903446557,0.03604371770644273,9.415267421735585,0.0,0.0,9.81,0.005,0.0,0.0,20.0,-15.0,40.0,45.0,0.0,0.0
52.41331000000206,-1.509934999999936,110.0,0.0,3.0,45.0,12,65000,2026-09-25 10:30:00.000,-0.03419700419953119,0.023110456957790664,9.410661855650433,0.0,0.0,9.81,0.005,0.0,0.0,20.0,-15.0,40.0,45.0,0.0,0.0
52.41332000000207,-1.509919999999936,110.0,0.0,3.0,45.0,12,65100,2026-09-25 10:30:00.000,-0.004130019183275019,0.016158482937811244,9.425306425282095,0.0,0.0,9.81,0.005,0.0,0.0,20.0,-15.0,40.0,45.0,0.0,0.0
52.41333000000207,-1.5099049999999359,110.0,0.0,3.0,45.0,12,65200,2026-09-25 10:30:00.000,-0.03765820244499113,-0.02817268052176249,9.458495187667415,0.0,0.0,9.81,0.005,0.0,0.0,20.0,-15.0,40.0,45.0,0.0,0.0
52.41334000000207,-1.5098899999999358,110.0,0.0,3.0,45.0,12,65300,2026-09-25 10:30:00.000,-0.06632214011149772,0.03295963272515427,9.508628275152299,0.0,0.0,9.81,0.005,0.0,0.0,20.0,-15.0,40.0,45.0,0.0,0.0
52.413350000002076,-1.5098749999999357,110.0,0.0,3.0,45.0,12,65400,2026-09-25 10:30:00.000,0.006080753589565334,0.04113343543758108,9.573289017174112,0.0,0.0,9.81,0.005,0.0,0.0,20.0,-15.0,40.0,45.0,0.0,0.0
52.41336000000208,-1.5098599999999356,110.0,0.0,3.0,45.0,12,65500,2026-09-25 10:30:00.000,0.0644428822713029,-0.06721725625862061,9.649360436111051,0.0,0.0,9.81,0.005,0.0,0.0,20.0,-15.0,40.0,45.0,0.0,0.0
52.41337000000208,-1.5098449999999355,110.0,0.0,3.0,45.0,12,65600,2026-09-25 10:30:00.000,-0.09726789022498163,-0.018750186820094997,9.733175501504276,0.0,0.0,9.81,0.005,0.0,0.0,20.0,-15.0,40.0,45.0,0.0,0.0
52.413380000002086,-1.5098299999999354,110.0,0.0,3.0,45.0,12,65700,2026-09-25 10:30:00.000,-0.023298130218343687,0.02073818228022522,9.820693899632788,0.0,0.0,9.81,0.005,0.0,0.0,20.0,-15.0,40.0,45.0,0.0,0.0
52.41339000000209,-1.5098149999999353,110.0,0.0,3.0,45.0,12,65800,2026-09-25 10:30:00.000,0.06542077085180142,-0.03566184312239517,9.907696797245796,0.0,0.0,9.81,0.005,0.0,0.0,20.0,-15.0,40.0,45.0,0.0,0.0
52.41340000000209,-1.5097999999999352,110.0,0.0,3.0,45.0,12,65900,2026-09-25 10:30:00.000,-0.05782385517778338,0.011522217377230559,9.989990210847093,0.0,0.0,9.81,0.005,0.0,0.0,20.0,-15.0,40.0,45.0,0.0,0.0
52.413410000002095,-1.509784999999935,110.0,0.0,3.0,45.0,12,66000,2026-09-25 10:30:00.000,-0.00613074628085282,0.012380393406959525,10.063607178094518,0.0,0.0,9.81,0.005,0.0,0.0,20.0,-15.0,40.0,45.0,0.0,0.0
52.4134200000021,-1.509769999999935,110.0,0.0,3.0,45.0,12,66100,2026-09-25 10:30:00.000,0.041010356317570065,0.024866115870851302,10.124998985621653,0.0,0.0,9.81,0.005,0.0,0.0,20.0,-15.0,40.0,45.0,0.0,0.0
52.4134300000021,-1.509754999999935,110.0,0.0,3.0,45.0,12,66200,2026-09-25 10:30:00.000,-0.01593665773156886,-0.03771088197702116,10.171206235125284,0.0,0.0,9.81,0.005,0.0,0.0,20.0,-15.0,40.0,45.0,0.0,0.0
52.413440000002105,-1.5097399999999348,110.0,0.0,3.0,45.0,12,66300,2026-09-25 10:30:00.000,-0.11156717785421902,-0.046643688834896564,10.200001501460493,0.0,0.0,9.81,0.005,0.0,0.0,20.0,-15.0,40.0,45.0,0.0,0.0
52.41345000000211,-1.5097249999999347,110.0,0.0,3.0,45.0,12,66400,2026-09-25 10:30:00.000,0.05273096677428092,0.0048684037457178714,10.209996705895518,0.0,0.0,9.81,0.005,0.0,0.0,20.0,-15.0,40.0,45.0,0.0,0.0
52.41346000000211,-1.5097099999999346,110.0,0.0,3.0,45.0,12,66500,2026-09-25 10:30:00.000,-0.022491005207047075,-0.025868999296775524,10.200710028587668,0.0,0.0,9.81,0.005,0.0,0.0,20.0,-15.0,40.0,45.0,0.0,0.0
52.413470000002114,-1.5096949999999345,110.0,0.0,3.0,45.0,12,66600,2026-09-25 10:30:00.000,0.04010410885846913,0.05320713272347621,10.172589134757668,0.0,0.0,9.81,0.005,0.0,0.0,20.0,-15.0,40.0,45.0,0.0,0.0
52.41348000000212,-1.5096799999999344,110.0,0.0,3.0,45.0,12,66700,2026-09-25 10:30:00.000,0.02790312445677533,-0.017048111585652854,10.126989594942334,0.0,0.0,9.81,0.005,0.0,0.0,20.0,-15.0,40.0,45.0,0.0,0.0
52.41349000000212,-1.5096649999999343,110.0,0.0,3.0,45.0,12,66800,2026-09-25 10:30:00.000,0.06694064612941916,-0.006054190366724242,10.066109539579461,0.0,0.0,9.81,0.005,0.0,0.0,20.0,-15.0,40.0,45.0,0.0,0.0
52.413500000002124,-1.5096499999999342,110.0,0.0,3.0,45.0,12,66900,2026-09-25 10:30:00.000,0.04438799150638456,0.09168872138802533,9.99288369790733,0.0,0.0,9.81,0.005,0.0,0.0,20.0,-15.0,40.0,45.0,0.0,0.0
52.41351000000213,-1.5096349999999341,110.0,0.0,3.0,45.0,12,67000,2026-09-25 10:30:00.000,-0.08885632390723996,-0.03769140592729643,9.910841929044363,0.0,0.0,9.81,0.005,0.0,0.0,20.0,-15.0,40.0,45.0,0.0,0.0
52.41352000000213,-1.509619999999934,110.0,0.0,3.0,45.0,12,67100,2026-09-25 10:30:00.000,-0.03219220927803864,-0.014601825768010175,9.823939064772613,0.0,0.0,9.81,0.005,0.0,0.0,20.0,-15.0,40.0,45.0,0.0,0.0
52.41353000000213,-1.509604999999934,110.0,0.0,3.0,45.0,12,67200,2026-09-25 10:30:00.000,-0.05117254944214561,-0.049008307304129584,9.736364266470934,0.0,0.0,9.81,0.005,0.0,0.0,20.0,-15.0,40.0,45.0,0.0,0.0
52.413540000002136,-1.5095899999999338,110.0,0.0,3.0,45.0,12,67300,2026-09-25 10:30:00.000,-0.09421222045938471,0.047891165132557194,9.652339086166178,0.0,0.0,9.81,0.005,0.0,0.0,20.0,-15.0,40.0,45.0,0.0,0.0
52.41355000000214,-1.5095749999999337,110.0,0.0,3.0,45.0,12,67400,2026-09-25 10:30:00.000,-0.05110200455115162,-0.01393882381605066,9.575913966189948,0.0,0.0,9.81,0.005,0.0,0.0,20.0,-15.0,40.0,45.0,0.0,0.0
52.41356000000214,-1.5095599999999336,110.0,0.0,3.0,45.0,12,67500,2026-09-25 10:30:00.000,-0.014918966606864661,0.04931704491876179,9.510772987195526,0.0,0.0,9.81,0.005,0.0,0.0,20.0,-15.0,40.0,45.0,0.0,0.0
52.413570000002146,-1.5095449999999335,110.0,0.0,3.0,45.0,12,67600,2026-09-25 10:30:00.000,0.04280293088494961,0.07059992218080262,9.460056276676648,0.0,0.0,9.81,0.005,0.0,0.0,20.0,-15.0,40.0,45.0,0.0,0.0
52.41358000000215,-1.5095299999999334,110.0,0.0,3.0,45.0,12,67700,2026-09-25 10:30:00.000,-0.0018492646456701165,-0.09126444542705701,9.426208638803443,0.0,0.0,9.81,0.005,0.0,0.0,20.0,-15.0,40.0,45.0,0.0,0.0
52.41359000000215,-1.5095149999999333,110.0,0.0,3.0,45.0,12,67800,2026-09-25 10:30:00.000,-0.04044366580907849,-0.053049231508118466,9.41086170238967,0.0,0.0,9.81,0.005,0.0,0.0,20.0,-15.0,40.0,45.0,0.0,0.0
52.413600000002155,-1.5094999999999332,110.0,0.0,3.0,45.0,12,67900,2026-09-25 10:30:00.000,-0.07601278118577146,0.07312275204319373,9.414755268060397,0.0,0.0,9.81,0.005,0.0,0.0,20.0,-15.0,40.0,45.0,0.0,0.0
52.41361000000216,-1.5094849999999331,110.0,0.0,3.0,45.0,12,68000,2026-09-25 10:30:00.000,0.05222830571464631,-0.01928026144205013,9.437701646087893,0.0,0.0,9.81,0.005,0.0,0.0,20.0,-15.0,40.0,45.0,0.0,0.0
52.41362000000216,-1.509469999999933,110.0,0.0,3.0,45.0,12,68100,2026-09-25 10:30:00.000,0.011247767781783425,0.0581848172472613,9.478594703993986,0.0,0.0,9.81,0.005,0.0,0.0,20.0,-15.0,40.0,45.0,0.0,0.0
52.413630000002165,-1.509454999999933,110.0,0.0,3.0,45.0,12,68200,2026-09-25 10:30:00.000,0.06114509241790859,0.0939171443395485,9.53546318777826,0.0,0.0,9.81,0.005,0.0,0.0,20.0,-15.0,40.0,45.0,0.0,0.0
52.41364000000217,-1.5094399999999328,110.0,0.0,3.0,45.0,12,68300,2026-09-25 10:30:00.000,0.051647371274602144,0.03199420834319758,9.605565746416913,0.0,0.0,9.81,0.005,0.0,0.0,20.0,-15.0,40.0,45.0,0.0,0.0
52.41365000000217,-1.5094249999999327,110.0,0.0,3.0,45.0,12,68400,2026-09-25 10:30:00.000,-0.0018824752663204052,-0.01701785458787309,9.685523078966657,0.0,0.0,9.81,0.005,0.0,0.0,20.0,-15.0,40.0,45.0,0.0,0.0
52.413660000002174,-1.5094099999999326,110.0,0.0,3.0,45.0,12,68500,2026-09-25 10:30:00.000,-0.005580613619209704,0.06324043799164084,9.771480834109154,0.0,0.0,9.81,0.005,0.0,0.0,20.0,-15.0,40.0,45.0,0.0,0.0
52.41367000000218,-1.5093949999999325,110.0,0.0,3.0,45.0,12,68600,2026-09-25 10:30:00.000,0.030485651746581435,0.08071637037718882,9.859295409546904,0.0,0.0,9.81,0.005,0.0,0.0,20.0,-15.0,40.0,45.0,0.0,0.0
52.41368000000218,-1.5093799999999324,110.0,0.0,3.0,45.0,12,68700,2026-09-25 10:30:00.000,-0.03843882544257393,0.02222548224045805,9.94473369477192,0.0,0.0,9.81,0.005,0.0,0.0,20.0,-15.0,40.0,45.0,0.0,0.0
52.413690000002184,-1.5093649999999323,110.0,0.0,3.0,45.0,12,68800,2026-09-25 10:30:00.000,-0.030503509782001337,0.015933081566062917,10.023677128586694,0.0,0.0,9.81,0.005,0.0,0.0,20.0,-15.0,40.0,45.0,0.0,0.0
52.41370000000219,-1.5093499999999322,110.0,0.0,3.0,45.0,12,68900,2026-09-25 10:30:00.000,0.061293250103407804,0.02243280254749323,10.092320234764166,0.0,0.0,9.81,0.005,0.0,0.0,20.0,-15.0,40.0,45.0,0.0,0.0
52.41371000000219,-1.5093349999999321,110.0,0.0,3.0,45.0,12,69000,2026-09-25 10:30:00.000,-0.016037507419307564,0.10047627201215861,10.147354065414842,0.0,0.0,9.81,0.005,0.0,0.0,20.0,-15.0,40.0,45.0,0.0,0.0
52.41372000000219,-1.509319999999932,110.0,0.0,3.0,45.0,12,69100,2026-09-25 10:30:00.000,-0.06893858083395966,0.01833770608267281,10.18612570915514,0.0,0.0,9.81,0.005,0.0,0.0,20.0,-15.0,40.0,45.0,0.0,0.0
52.4137300000022,-1.509304999999932,110.0,0.0,3.0,45.0,12,69200,2026-09-25 10:30:00.000,0.05842805670738658,0.005671365276020711,10.206766174969493,0.0,0.0,9.81,0.005,0.0,0.0,20.0,-15.0,40.0,45.0,0.0,0.0
52.4137400000022,-1.5092899999999319,110.0,0.0,3.0,45.0,12,69300,2026-09-25 10:30:00.000,-0.03173650060600755,-0.03302125172687513,10.208280487111638,0.0,0.0,9.81,0.005,0.0,0.0,20.0,-15.0,40.0,45.0,0.0,0.0
52.4137500000022,-1.5092749999999318,110.0,0.0,3.0,45.0,12,69400,2026-09-25 10:30:00.000,-0.006147095346410511,0.0512100200343926,10.190595648011305,0.0,0.0,9.81,0.005,0.0,0.0,20.0,-15.0,40.0,45.0,0.0,0.0
52.413760000002206,-1.5092599999999317,110.0,0.0,3.0,45.0,12,69500,2026-09-25 10:30:00.000,-0.004300254862183697,-0.14621818178731083,10.154564157129483,0.0,0.0,9.81,0.005,0.0,0.0,20.0,-15.0,40.0,45.0,0.0,0.0
52.41377000000221,-1.5092449999999316,110.0,0.0,3.0,45.0,12,69600,2026-09-25 10:30:00.000,0.06846330711861924,-0.05477539746320653,10.101922916135523,0.0,0.0,9.81,0.005,0.0,0.0,20.0,-15.0,40.0,45.0,0.0,0.0
52.41378000000221,-1.5092299999999315,110.0,0.0,3.0,45.0,12,69700,2026-09-25 10:30:00.000,-0.0268276248955185,0.03566002074885599,10.035209501386133,0.0,0.0,9.81,0.005,0.0,0.0,20.0,-15.0,40.0,45.0,0.0,0.0
52.413790000002216,-1.5092149999999314,110.0,0.0,3.0,45.0,12,69800,2026-09-25 10:30:00.000,-0.0278234060571977,0.006075271793342111,9.957639839799969,0.0,0.0,9.81,0.005,0.0,0.0,20.0,-15.0,40.0,45.0,0.0,0.0
52.41380000000222,-1.5091999999999313,110.0,0.0,3.0,45.0,12,69900,2026-09-25 10:30:00.000,-0.06535372229319598,-0.0013875928485223878,9.872953184774602,0.0,0.0,9.81,0.005,0.0,0.0,20.0,-15.0,40.0,45.0,0.0,0.0
52.41381000000222,-1.5091849999999312,110.0,0.0,3.0,45.0,12,70000,2026-09-25 10:30:00.000,0.0460237288312079,-0.09358905687553777,9.785231865097577,0.0,0.0,9.81,0.005,0.0,0.0,20.0,-15.0,40.0,45.0,0.0,0.0
52.413820000002225,-1.509169999999931,110.0,53.366440389126126,3.0,45.0,12,70100,2026-09-25 10:30:00.000,0.21031995884503402,-0.4801511539734582,10.014931007636664,0.0,0.0,9.81,0.005,0.0,0.0,20.0,-15.0,40.0,45.0,0.0,0.0
52.41383000000223,-1.509154999999931,110.0,53.498852454026824,3.0,45.0,12,70200,2026-09-25 10:30:00.000,0.03281734927531729,0.29367096349871424,9.841197547251891,0.0,0.0,9.81,0.005,0.0,0.0,20.0,-15.0,40.0,45.0,0.0,0.0
52.41384000000223,-1.5091399999999309,110.0,52.4754311773283,3.0,45.0,12,70300,2026-09-25 10:30:00.000,0.32454217379628825,0.552903099896968,9.992834275716708,0.0,0.0,9.81,0.005,0.0,0.0,20.0,-15.0,40.0,45.0,0.0,0.0
52.413850000002235,-1.5091249999999308,110.0,51.49827163723222,3.0,45.0,12,70400,2026-09-25 10:30:00.000,0.46948476736863615,-0.03549941858141184,9.594539830335224,0.0,0.0,9.81,0.005,0.0,0.0,20.0,-15.0,40.0,45.0,0.0,0.0
52.41386000000224,-1.5091099999999307,110.0,51.95942742164278,3.0,45.0,12,70500,2026-09-25 10:30:00.000,-0.1683625326468455,0.21744299187280802,9.88074478079258,0.0,0.0,9.81,0.005,0.0,0.0,20.0,-15.0,40.0,45.0,0.0,0.0
52.41387000000224,-1.5090949999999306,110.0,52.014371617098796,3.0,45.0,12,70600,2026-09-25 10:30:00.000,0.14028466627085592,0.16206979026746474,9.737365239298594,0.0,0.0,9.81,0.005,0.0,0.0,20.0,-15.0,40.0,45.0,0.0,0.0
52.413880000002244,-1.5090799999999305,110.0,53.15663615091648,3.0,45.0,12,70700,2026-09-25 10:30:00.000,0.027482707733255604,0.07237247869376674,9.971712533197252,0.0,0.0,9.81,0.005,0.0,0.0,20.0,-15.0,40.0,45.0,0.0,0.0
52.41389000000225,-1.5090649999999304,110.0,51.724210318517045,3.0,45.0,12,70800,2026-09-25 10:30:00.000,0.09157119893583282,0.3237736070914569,9.788699965971457,0.0,0.0,9.81,0.005,0.0,0.0,20.0,-15.0,40.0,45.0,0.0,0.0
52.41390000000225,-1.5090499999999303,110.0,51.911636902100426,3.0,45.0,12,70900,2026-09-25 10:30:00.000,0.19430721890686686,-0.018124281123384003,9.909307590934647,0.0,0.0,9.81,0.005,0.0,0.0,20.0,-15.0,40.0,45.0,0.0,0.0
52.413910000002254,-1.5090349999999302,110.0,51.82697153994476,3.0,45.0,12,71000,2026-09-25 10:30:00.000,0.12381819405719006,0.5696820124941513,9.623477707517726,0.0,0.0,9.81,0.005,0.0,0.0,20.0,-15.0,40.0,45.0,0.0,0.0
52.41392000000226,-1.50901999999993,110.0,52.121604311362525,3.0,45.0,12,71100,2026-09-25 10:30:00.000,0.03798388104765024,-0.28790483985070625,9.830026564981445,0.0,0.0,9.81,0.005,0.0,0.0,20.0,-15.0,40.0,45.0,0.0,0.0
52.41393000000226,-1.50900499999993,110.0,52.10712757375224,3.0,45.0,12,71200,2026-09-25 10:30:00.000,0.010706503521253529,0.2088934089609246,10.153082162090378,0.0,0.0,9.81,0.005,0.0,0.0,20.0,-15.0,40.0,45.0,0.0,0.0
52.41394000000226,-1.5089899999999299,110.0,52.48612391302304,3.0,45.0,12,71300,2026-09-25 10:30:00.000,-0.14870618530222546,-0.18880744036954863,9.808048601943147,0.0,0.0,9.81,0.005,0.0,0.0,20.0,-15.0,40.0,45.0,0.0,0.0
52.41395000000227,-1.5089749999999298,110.0,52.85479567968841,3.0,45.0,12,71400,2026-09-25 10:30:00.000,0.014648886485498301,0.44535461929273557,9.768635616706117,0.0,0.0,9.81,0.005,0.0,0.0,20.0,-15.0,40.0,45.0,0.0,0.0
52.41396000000227,-1.5089599999999297,110.0,51.49045148097959,3.0,45.0,12,71500,2026-09-25 10:30:00.000,-0.24825304974148757,-0.03247407309389122,10.346060670848386,0.0,0.0,9.81,0.005,0.0,0.0,20.0,-15.0,40.0,45.0,0.0,0.0
52.41397000000227,-1.5089449999999296,110.0,52.35176869877354,3.0,45.0,12,71600,2026-09-25 10:30:00.000,-0.043099046582468575,0.31795694789537376,9.503610860452591,0.0,0.0,9.81,0.005,0.0,0.0,20.0,-15.0,40.0,45.0,0.0,0.0
52.413980000002276,-1.5089299999999295,110.0,51.0920107768229,3.0,45.0,12,71700,2026-09-25 10:30:00.000,-0.22564352719024547,0.15396841085739968,9.893108234549903,0.0,0.0,9.81,0.005,0.0,0.0,20.0,-15.0,40.0,45.0,0.0,0.0
52.41399000000228,-1.5089149999999294,110.0,51.95798439434973,3.0,45.0,12,71800,2026-09-25 10:30:00.000,-0.03152093951954144,-0.17882714995184393,9.787970693713943,0.0,0.0,9.81,0.005,0.0,0.0,20.0,-15.0,40.0,45.0,0.0,0.0
52.41400000000228,-1.5088999999999293,110.0,51.97393912399847,3.0,45.0,12,71900,2026-09-25 10:30:00.000,0.23019610732047635,0.05176521524875982,9.939728323633707,0.0,0.0,9.81,0.005,0.0,0.0,20.0,-15.0,40.0,45.0,0.0,0.0
52.414010000002285,-1.5088849999999292,110.0,51.94639449834748,3.0,45.0,12,72000,2026-09-25 10:30:00.000,-0.2827279971205373,-0.4425674634396728,10.038245360629432,0.0,0.0,9.81,0.005,0.0,0.0,20.0,-15.0,40.0,45.0,0.0,0.0
52.41402000000229,-1.508869999999929,110.0,52.71561678554807,3.0,45.0,12,72100,2026-09-25 10:30:00.000,0.0058798095971934255,-0.2537560177109712,10.18342322806059,0.0,0.0,9.81,0.005,0.0,0.0,20.0,-15.0,40.0,45.0,0.0,0.0
52.41403000000229,-1.508854999999929,110.0,52.64610000333412,3.0,45.0,12,72200,2026-09-25 10:30:00.000,0.16847211983342103,-0.15630134211872995,9.584334968085813,0.0,0.0,9.81,0.005,0.0,0.0,20.0,-15.0,40.0,45.0,0.0,0.0
52.414040000002295,-1.508839999999929,110.0,52.640748288613544,3.0,45.0,12,72300,2026-09-25 10:30:00.000,0.20327186485466273,0.3789782590058023,10.04844676841375,0.0,0.0,9.81,0.005,0.0,0.0,20.0,-15.0,40.0,45.0,0.0,0.0
52.4140500000023,-1.5088249999999288,110.0,52.24278607967705,3.0,45.0,12,72400,2026-09-25 10:30:00.000,0.11458370181493416,-0.39866936643485773,9.785945087954726,0.0,0.0,9.81,0.005,0.0,0.0,20.0,-15.0,40.0,45.0,0.0,0.0
52.4140600000023,-1.5088099999999287,110.0,51.83949641072369,3.0,45.0,12,72500,2026-09-25 10:30:00.000,-0.005833628095953681,-0.025801003505496883,9.898472021299884,0.0,0.0,9.81,0.005,0.0,0.0,20.0,-15.0,40.0,45.0,0.0,0.0
52.414070000002305,-1.5087949999999286,110.0,53.013882958112184,3.0,45.0,12,72600,2026-09-25 10:30:00.000,0.14066411483917993,0.2890091890423759,10.299159050311818,0.0,0.0,9.81,0.005,0.0,0.0,20.0,-15.0,40.0,45.0,0.0,0.0
52.41408000000231,-1.5087799999999285,110.0,51.74535625111615,3.0,45.0,12,72700,2026-09-25 10:30:00.000,0.04231123469143483,0.11271475044450185,9.753684303605942,0.0,0.0,9.81,0.005,0.0,0.0,20.0,-15.0,40.0,45.0,0.0,0.0
52.41409000000231,-1.5087649999999284,110.0,52.40153620735024,3.0,45.0,12,72800,2026-09-25 10:30:00.000,-0.21550000101904737,0.6879492275719299,9.920955725973029,0.0,0.0,9.81,0.005,0.0,0.0,20.0,-15.0,40.0,45.0,0.0,0.0
52.414100000002314,-1.5087499999999283,110.0,52.545218485733876,3.0,45.0,12,72900,2026-09-25 10:30:00.000,0.11813921390336515,0.24093911020468275,9.86369124761315,0.0,0.0,9.81,0.005,0.0,0.0,20.0,-15.0,40.0,45.0,0.0,0.0
52.41411000000232,-1.5087349999999282,110.0,52.515962484678575,3.0,45.0,12,73000,2026-09-25 10:30:00.000,0.2477970059199719,0.13402170627978424,9.882226647300014,0.0,0.0,9.81,0.005,0.0,0.0,20.0,-15.0,40.0,45.0,0.0,0.0
52.41412000000232,-1.5087199999999281,110.0,51.70768332215413,3.0,45.0,12,73100,2026-09-25 10:30:00.000,0.03718932669189432,0.28944476981040423,9.890836188763926,0.0,0.0,9.81,0.005,0.0,0.0,20.0,-15.0,40.0,45.0,0.0,0.0
52.414130000002324,-1.508704999999928,110.0,51.5186029080351,3.0,45.0,12,73200,2026-09-25 10:30:00.000,-0.3333447231231015,0.11843962395036117,9.91612899336288,0.0,0.0,9.81,0.005,0.0,0.0,20.0,-15.0,40.0,45.0,0.0,0.0
52.41414000000233,-1.508689999999928,110.0,51.9690626540765,3.0,45.0,12,73300,2026-09-25 10:30:00.000,-0.14382398259157111,-0.505849468419838,9.73699503998963,0.0,0.0,9.81,0.005,0.0,0.0,20.0,-15.0,40.0,45.0,0.0,0.0
52.41415000000233,-1.5086749999999278,110.0,52.11184436034983,3.0,45.0,12,73400,2026-09-25 10:30:00.000,0.17543912164393743,0.9199899779976003,10.222657158406228,0.0,0.0,9.81,0.005,0.0,0.0,20.0,-15.0,40.0,45.0,0.0,0.0
52.41416000000233,-1.5086599999999277,110.0,51.22657391268718,3.0,45.0,12,73500,2026-09-25 10:30:00.000,0.0008770362266792581,-0.14471584806018875,10.060055826739587,0.0,0.0,9.81,0.005,0.0,0.0,20.0,-15.0,40.0,45.0,0.0,0.0
52.414170000002336,-1.5086449999999276,110.0,52.14285515747092,3.0,45.0,12,73600,2026-09-25 10:30:00.000,0.07810391337431985,-0.5506217597779527,9.770418231882426,0.0,0.0,9.81,0.005,0.0,0.0,20.0,-15.0,40.0,45.0,0.0,0.0
52.41418000000234,-1.5086299999999275,110.0,52.089859290946315,3.0,45.0,12,73700,2026-09-25 10:30:00.000,-0.16276841476595866,0.32956648952795886,9.327658250280544,0.0,0.0,9.81,0.005,0.0,0.0,20.0,-15.0,40.0,45.0,0.0,0.0
52.41419000000234,-1.5086149999999274,110.0,51.670106053966634,3.0,45.0,12,73800,2026-09-25 10:30:00.000,0.35952019426004256,-0.14521942922885847,9.674911091175268,0.0,0.0,9.81,0.005,0.0,0.0,20.0,-15.0,40.0,45.0,0.0,0.0
52.414200000002346,-1.5085999999999273,110.0,51.96114732374687,3.0,45.0,12,73900,2026-09-25 10:30:00.000,0.09563524447769482,0.5489618659748672,9.89309069335964,0.0,0.0,9.81,0.005,0.0,0.0,20.0,-15.0,40.0,45.0,0.0,0.0
52.41421000000235,-1.5085849999999272,110.0,52.23640501116132,3.0,45.0,12,74000,2026-09-25 10:30:00.000,0.2770065109745359,0.21790881742573387,9.393200931576478,0.0,0.0,9.81,0.005,0.0,0.0,20.0,-15.0,40.0,45.0,0.0,0.0
52.41422000000235,-1.5085699999999271,110.0,51.26456619536755,3.0,45.0,12,74100,2026-09-25 10:30:00.000,-0.010194606504090972,0.17867716164586328,10.07633809464803,0.0,0.0,9.81,0.005,0.0,0.0,20.0,-15.0,40.0,45.0,0.0,0.0
52.414230000002355,-1.508554999999927,110.0,51.79344602667184,3.0,45.0,12,74200,2026-09-25 10:30:00.000,-0.30901031774208,-0.19806845318923968,9.673085589459234,0.0,0.0,9.81,0.005,0.0,0.0,20.0,-15.0,40.0,45.0,0.0,0.0
52.41424000000236,-1.508539999999927,110.0,51.512282511826164,3.0,45.0,12,74300,2026-09-25 10:30:00.000,-5.0896643717368196e-05,-0.12293691723897882,9.903858473162666,0.0,0.0,9.81,0.005,0.0,0.0,20.0,-15.0,40.0,45.0,0.0,0.0
52.41425000000236,-1.5085249999999268,110.0,52.174714137957864,3.0,45.0,12,74400,2026-09-25 10:30:00.000,0.3856648989534077,0.30272294590106097,9.611698719706402,0.0,0.0,9.81,0.005,0.0,0.0,20.0,-15.0,40.0,45.0,0.0,0.0
52.414260000002365,-1.5085099999999267,110.0,52.48110934698468,3.0,45.0,12,74500,2026-09-25 10:30:00.000,-0.07032058850732921,-0.14692190950403958,10.02751986904577,0.0,0.0,9.81,0.005,0.0,0.0,20.0,-15.0,40.0,45.0,0.0,0.0
52.41427000000237,-1.5084949999999266,110.0,53.02125047330773,3.0,45.0,12,74600,2026-09-25 10:30:00.000,-0.13331209219659634,-0.16768416507617764,9.741662394478904,0.0,0.0,9.81,0.005,0.0,0.0,20.0,-15.0,40.0,45.0,0.0,0.0
52.41428000000237,-1.5084799999999265,110.0,52.72277733593197,3.0,45.0,12,74700,2026-09-25 10:30:00.000,-0.14395262540352602,0.33579247521818056,9.979284519670234,0.0,0.0,9.81,0.005,0.0,0.0,20.0,-15.0,40.0,45.0,0.0,0.0
52.414290000002374,-1.5084649999999264,110.0,51.77866540352238,3.0,45.0,12,74800,2026-09-25 10:30:00.000,-0.09249741764960118,0.11705467783977556,9.789805511445554,0.0,0.0,9.81,0.005,0.0,0.0,20.0,-15.0,40.0,45.0,0.0,0.0
52.41430000000238,-1.5084499999999263,110.0,52.51643431144009,3.0,45.0,12,74900,2026-09-25 10:30:00.000,0.025452220007987848,-0.05282697551773141,9.602102158699148,0.0,0.0,9.81,0.005,0.0,0.0,20.0,-15.0,40.0,45.0,0.0,0.0
52.41431000000238,-1.5084349999999263,110.0,52.30460532588664,3.0,45.0,12,75000,2026-09-25 10:30:00.000,0.2570591476587199,-0.4252960377401751,9.429855424560852,0.0,0.0,9.81,0.005,0.0,0.0,20.0,-15.0,40.0,45.0,0.0,0.0
52.414320000002384,-1.5084199999999262,110.0,51.38975241674935,3.0,45.0,12,75100,2026-09-25 10:30:00.000,0.038458156497386806,0.41457521997104696,9.69975193565319,0.0,0.0,9.81,0.005,0.0,0.0,20.0,-15.0,40.0,45.0,0.0,0.0
52.41433000000239,-1.508404999999926,110.0,52.09656855916744,3.0,45.0,12,75200,2026-09-25 10:30:00.000,-0.14866112914892685,0.006227292751571564,9.61649554284224,0.0,0.0,9.81,0.005,0.0,0.0,20.0,-15.0,40.0,45.0,0.0,0.0
52.41434000000239,-1.508389999999926,110.0,53.35019722152958,3.0,45.0,12,75300,2026-09-25 10:30:00.000,0.15865702075788823,0.5716286937764167,9.801789781044492,0.0,0.0,9.81,0.005,0.0,0.0,20.0,-15.0,40.0,45.0,0.0,0.0
52.41435000000239,-1.5083749999999259,110.0,51.39890802751501,3.0,45.0,12,75400,2026-09-25 10:30:00.000,-0.06859156067910945,0.014134205778884926,10.003625291338423,0.0,0.0,9.81,0.005,0.0,0.0,20.0,-15.0,40.0,45.0,0.0,0.0
52.4143600000024,-1.5083599999999258,110.0,52.27403606475695,3.0,45.0,12,75500,2026-09-25 10:30:00.000,0.1179151317108611,0.0035447704096726457,9.769375117522578,0.0,0.0,9.81,0.005,0.0,0.0,20.0,-15.0,40.0,45.0,0.0,0.0
52.4143700000024,-1.5083449999999257,110.0,52.79231961147039,3.0,45.0,12,75600,2026-09-25 10:30:00.000,0.11815664877741255,0.08267561083072918,9.831773646611992,0.0,0.0,9.81,0.005,0.0,0.0,20.0,-15.0,40.0,45.0,0.0,0.0
52.4143800000024,-1.5083299999999256,110.0,52.28764701310629,3.0,45.0,12,75700,2026-09-25 10:30:00.000,-0.2122134199586599,0.2278339870024328,9.655707444958086,0.0,0.0,9.81,0.005,0.0,0.0,20.0,-15.0,40.0,45.0,0.0,0.0
52.414390000002406,-1.5083149999999255,110.0,52.0406278053213,3.0,45.0,12,75800,2026-09-25 10:30:00.000,-0.07839010437269184,0.04475099959760203,9.492480080117423,0.0,0.0,9.81,0.005,0.0,0.0,20.0,-15.0,40.0,45.0,0.0,0.0
52.41440000000241,-1.5082999999999254,110.0,52.214279164518075,3.0,45.0,12,75900,2026-09-25 10:30:00.000,-0.18224102365534411,-0.1830128024331011,9.669749763757443,0.0,0.0,9.81,0.005,0.0,0.0,20.0,-15.0,40.0,45.0,0.0,0.0
52.41441000000241,-1.5082849999999253,110.0,52.435308090711835,3.0,45.0,12,76000,2026-09-25 10:30:00.000,0.16896873465369777,-0.29379876400941085,9.69021615032482,0.0,0.0,9.81,0.005,0.0,0.0,20.0,-15.0,40.0,45.0,0.0,0.0
52.414420000002416,-1.5082699999999252,110.0,52.0932518152867,3.0,45.0,12,76100,2026-09-25 10:30:00.000,-0.506745887116001,-0.17722965722424075,9.876818095210153,0.0,0.0,9.81,0.005,0.0,0.0,20.0,-15.0,40.0,45.0,0.0,0.0
52.41443000000242,-1.508254999999925,110.0,52.21173477281724,3.0,45.0,12,76200,2026-09-25 10:30:00.000,-0.20237101828768417,-0.05604233583904672,9.9534065766227,0.0,0.0,9.81,0.005,0.0,0.0,20.0,-15.0,40.0,45.0,0.0,0.0
52.41444000000242,-1.508239999999925,110.0,52.57192711009078,3.0,45.0,12,76300,2026-09-25 10:30:00.000,-0.17096200037781073,-0.27243194186708475,9.920030868645554,0.0,0.0,9.81,0.005,0.0,0.0,20.0,-15.0,40.0,45.0,0.0,0.0
52.414450000002425,-1.5082249999999249,110.0,52.47327139222781,3.0,45.0,12,76400,2026-09-25 10:30:00.000,0.37297238687044215,0.2593311851226153,9.511988687846642,0.0,0.0,9.81,0.005,0.0,0.0,20.0,-15.0,40.0,45.0,0.0,0.0
52.41446000000243,-1.5082099999999248,110.0,53.05876745425003,3.0,45.0,12,76500,2026-09-25 10:30:00.000,-0.3503286570962295,0.05340357158752625,10.136404711642584,0.0,0.0,9.81,0.005,0.0,0.0,20.0,-15.0,40.0,45.0,0.0,0.0
52.41447000000243,-1.5081949999999247,110.0,51.75912423627708,3.0,45.0,12,76600,2026-09-25 10:30:00.000,-0.3537190617346316,0.11717065645063228,9.727565835564901,0.0,0.0,9.81,0.005,0.0,0.0,20.0,-15.0,40.0,45.0,0.0,0.0
52.414480000002435,-1.5081799999999246,110.0,52.088337337172824,3.0,45.0,12,76700,2026-09-25 10:30:00.000,0.1196445813545381,-0.03180910354577465,9.818360450550035,0.0,0.0,9.81,0.005,0.0,0.0,20.0,-15.0,40.0,45.0,0.0,0.0
52.41449000000244,-1.5081649999999245,110.0,51.16869901891892,3.0,45.0,12,76800,2026-09-25 10:30:00.000,-0.13920557128682112,0.7887339026526243,10.198678280386535,0.0,0.0,9.81,0.005,0.0,0.0,20.0,-15.0,40.0,45.0,0.0,0.0
52.41450000000244,-1.5081499999999244,110.0,52.91401429617098,3.0,45.0,12,76900,2026-09-25 10:30:00.000,-0.4331344697437546,-0.5524898238706355,9.959938341856382,0.0,0.0,9.81,0.005,0.0,0.0,20.0,-15.0,40.0,45.0,0.0,0.0
52.414510000002444,-1.5081349999999243,110.0,52.810931185647,3.0,45.0,12,77000,2026-09-25 10:30:00.000,-0.20776673154597403,-0.06877609576973992,9.865658169030207,0.0,0.0,9.81,0.005,0.0,0.0,20.0,-15.0,40.0,45.0,0.0,0.0
52.41452000000245,-1.5081199999999242,110.0,52.771129440175855,3.0,45.0,12,77100,2026-09-25 10:30:00.000,0.05542602640818679,-0.3125830332884503,9.487021421504178,0.0,0.0,9.81,0.005,0.0,0.0,20.0,-15.0,40.0,45.0,0.0,0.0
52.41453000000245,-1.508104999999924,110.0,52.186638687248944,3.0,45.0,12,77200,2026-09-25 10:30:00.000,0.05903847118955966,-0.018985370623863712,9.925172947874534,0.0,0.0,9.81,0.005,0.0,0.0,20.0,-15.0,40.0,45.0,0.0,0.0
52.414540000002454,-1.508089999999924,110.0,52.17407220358213,3.0,45.0,12,77300,2026-09-25 10:30:00.000,-0.13532007548885625,-0.04603384641939387,9.974060929640203,0.0,0.0,9.81,0.005,0.0,0.0,20.0,-15.0,40.0,45.0,0.0,0.0
52.41455000000246,-1.508074999999924,110.0,53.076328438417676,3.0,45.0,12,77400,2026-09-25 10:30:00.000,-0.21438747550160203,0.3161813681588873,9.98767602152593,0.0,0.0,9.81,0.005,0.0,0.0,20.0,-15.0,40.0,45.0,0.0,0.0
52.41456000000246,-1.5080599999999238,110.0,51.83073439031712,3.0,45.0,12,77500,2026-09-25 10:30:00.000,-0.08045810765049304,0.13539861184676644,9.827305654512394,0.0,0.0,9.81,0.005,0.0,0.0,20.0,-15.0,40.0,45.0,0.0,0.0
52.41457000000246,-1.5080449999999237,110.0,52.111110517398856,3.0,45.0,12,77600,2026-09-25 10:30:00.000,-0.07010573270650863,0.40976296702081905,9.559804560715628,0.0,0.0,9.81,0.005,0.0,0.0,20.0,-15.0,40.0,45.0,0.0,0.0
52.414580000002466,-1.5080299999999236,110.0,52.11951557444551,3.0,45.0,12,77700,2026-09-25 10:30:00.000,0.0221015924409476,-0.09924951634055679,9.469492142529475,0.0,0.0,9.81,0.005,0.0,0.0,20.0,-15.0,40.0,45.0,0.0,0.0
52.41459000000247,-1.5080149999999235,110.0,52.60810566470677,3.0,45.0,12,77800,2026-09-25 10:30:00.000,0.2981001985652674,0.31976487322864733,9.571860236392512,0.0,0.0,9.81,0.005,0.0,0.0,20.0,-15.0,40.0,45.0,0.0,0.0
52.41460000000247,-1.5079999999999234,110.0,52.53824354473505,3.0,45.0,12,77900,2026-09-25 10:30:00.000,-0.11818267947800101,0.43045330068662613,9.953754273239612,0.0,0.0,9.81,0.005,0.0,0.0,20.0,-15.0,40.0,45.0,0.0,0.0
52.414610000002476,-1.5079849999999233,110.0,51.76260551419335,3.0,45.0,12,78000,2026-09-25 10:30:00.000,-0.2724319466995279,-0.01792851684022198,9.752395821367932,0.0,0.0,9.81,0.005,0.0,0.0,20.0,-15.0,40.0,45.0,0.0,0.0
52.41462000000248,-1.5079699999999232,110.0,51.787498399569195,3.0,45.0,12,78100,2026-09-25 10:30:00.000,0.1150639475513775,0.34660729722266265,9.666796081995743,0.0,0.0,9.81,0.005,0.0,0.0,20.0,-15.0,40.0,45.0,0.0,0.0
52.41463000000248,-1.507954999999923,110.0,51.74792693847805,3.0,45.0,12,78200,2026-09-25 10:30:00.000,-0.24323265220790616,0.3483551576469046,9.907697931511992,0.0,0.0,9.81,0.005,0.0,0.0,20.0,-15.0,40.0,45.0,0.0,0.0
52.414640000002485,-1.507939999999923,110.0,52.86210403729523,3.0,45.0,12,78300,2026-09-25 10:30:00.000,0.11585902767333123,-0.034903674587910216,9.847945163642786,0.0,0.0,9.81,0.005,0.0,0.0,20.0,-15.0,40.0,45.0,0.0,0.0
52.41465000000249,-1.507924999999923,110.0,52.01162942448618,3.0,45.0,12,78400,2026-09-25 10:30:00.000,0.21249669013100628,0.25508529023415516,9.80651088644846,0.0,0.0,9.81,0.005,0.0,0.0,20.0,-15.0,40.0,45.0,0.0,0.0
52.41466000000249,-1.5079099999999228,110.0,51.44451515180337,3.0,45.0,12,78500,2026-09-25 10:30:00.000,0.15368792224132258,0.32591652380864555,9.940794010610569,0.0,0.0,9.81,0.005,0.0,0.0,20.0,-15.0,40.0,45.0,0.0,0.0
52.414670000002495,-1.5078949999999227,110.0,51.64604720584088,3.0,45.0,12,78600,2026-09-25 10:30:00.000,-0.567448751693699,-0.34908824018967777,9.824843225119958,0.0,0.0,9.81,0.005,0.0,0.0,20.0,-15.0,40.0,45.0,0.0,0.0
52.4146800000025,-1.5078799999999226,110.0,51.96334510370973,3.0,45.0,12,78700,2026-09-25 10:30:00.000,-0.2250464019214976,0.10366988895864426,10.00673238600177,0.0,0.0,9.81,0.005,0.0,0.0,20.0,-15.0,40.0,45.0,0.0,0.0
52.4146900000025,-1.5078649999999225,110.0,51.761986152959125,3.0,45.0,12,78800,2026-09-25 10:30:00.000,-0.20124827851861712,0.257561742554801,9.965361552142086,0.0,0.0,9.81,0.005,0.0,0.0,20.0,-15.0,40.0,45.0,0.0,0.0
52.414700000002505,-1.5078499999999224,110.0,52.11817192760298,3.0,45.0,12,78900,2026-09-25 10:30:00.000,-0.18393641136008446,-0.53984352469634,10.090383554645031,0.0,0.0,9.81,0.005,0.0,0.0,20.0,-15.0,40.0,45.0,0.0,0.0
52.41471000000251,-1.5078349999999223,110.0,52.54392098378791,3.0,45.0,12,79000,2026-09-25 10:30:00.000,-0.07715025836674487,-0.16579671851819708,10.142401221838796,0.0,0.0,9.81,0.005,0.0,0.0,20.0,-15.0,40.0,45.0,0.0,0.0
52.41472000000251,-1.5078199999999222,110.0,52.29150503976134,3.0,45.0,12,79100,2026-09-25 10:30:00.000,0.04041821658230014,0.16414235117109083,9.66353930067233,0.0,0.0,9.81,0.005,0.0,0.0,20.0,-15.0,40.0,45.0,0.0,0.0
52.414730000002514,-1.5078049999999221,110.0,51.670276588993794,3.0,45.0,12,79200,2026-09-25 10:30:00.000,-0.009287921661605998,0.1309489075813451,9.893270905035472,0.0,0.0,9.81,0.005,0.0,0.0,20.0,-15.0,40.0,45.0,0.0,0.0
52.41474000000252,-1.507789999999922,110.0,52.16844861308418,3.0,45.0,12,79300,2026-09-25 10:30:00.000,-0.08794679938209513,0.16434305455152914,9.43114119891293,0.0,0.0,9.81,0.005,0.0,0.0,20.0,-15.0,40.0,45.0,0.0,0.0
52.41475000000252,-1.507774999999922,110.0,52.36878529527373,3.0,45.0,12,79400,2026-09-25 10:30:00.000,0.0985248213714667,0.7042462895857571,9.913837183420725,0.0,0.0,9.81,0.005,0.0,0.0,20.0,-15.0,40.0,45.0,0.0,0.0
52.414760000002524,-1.5077599999999218,110.0,52.34434229170087,3.0,45.0,12,79500,2026-09-25 10:30:00.000,-0.1614874253526353,0.6719826216003405,9.685467249855453,0.0,0.0,9.81,0.005,0.0,0.0,20.0,-15.0,40.0,45.0,0.0,0.0
52.41477000000253,-1.5077449999999217,110.0,51.26748820378316,3.0,45.0,12,79600,2026-09-25 10:30:00.000,-0.09575023181137565,0.02089935877635095,9.823697666736685,0.0,0.0,9.81,0.005,0.0,0.0,20.0,-15.0,40.0,45.0,0.0,0.0
52.41478000000253,-1.5077299999999216,110.0,51.932352814025876,3.0,45.0,12,79700,2026-09-25 10:30:00.000,-0.13051266164455189,0.21786806306274265,9.796052421721415,0.0,0.0,9.81,0.005,0.0,0.0,20.0,-15.0,40.0,45.0,0.0,0.0
52.41479000000253,-1.5077149999999215,110.0,51.421570631462686,3.0,45.0,12,79800,2026-09-25 10:30:00.000,0.24481151757090422,0.655137221889511,9.783383616692849,0.0,0.0,9.81,0.005,0.0,0.0,20.0,-15.0,40.0,45.0,0.0,0.0
52.414800000002536,-1.5076999999999214,110.0,52.85751938372484,3.0,45.0,12,79900,2026-09-25 10:30:00.000,0.00010332342304471911,0.16523349026159828,9.771654498768635,0.0,0.0,9.81,0.005,0.0,0.0,20.0,-15.0,40.0,45.0,0.0,0.0
52.41481000000254,-1.5076849999999213,110.0,52.480342546346236,3.0,45.0,12,80000,2026-09-25 10:30:00.000,-0.013262891676791025,0.14972057544307346,9.920529211122908,0.0,0.0,9.81,0.005,0.0,0.0,20.0,-15.0,40.0,45.0,0.0,0.0
52.41482000000254,-1.5076699999999212,110.0,51.97200548279525,3.0,45.0,12,80100,2026-09-25 10:30:00.000,-0.05104295601291489,0.33363706466832044,9.596826829274612,0.0,0.0,9.81,0.005,0.0,0.0,20.0,-15.0,40.0,45.0,0.0,0.0
52.414830000002546,-1.5076549999999211,110.0,52.31695131235138,3.0,45.0,12,80200,2026-09-25 10:30:00.000,-0.060126020045518785,0.3945260947831405,9.501392584631498,0.0,0.0,9.81,0.005,0.0,0.0,20.0,-15.0,40.0,45.0,0.0,0.0
52.41484000000255,-1.507639999999921,110.0,52.110853761414305,3.0,45.0,12,80300,2026-09-25 10:30:00.000,-0.0539415114847695,0.18561408692120251,9.72566090590464,0.0,0.0,9.81,0.005,0.0,0.0,20.0,-15.0,40.0,45.0,0.0,0.0
52.41485000000255,-1.507624999999921,110.0,51.4912888130268,3.0,45.0,12,80400,2026-09-25 10:30:00.000,-0.05667348675363801,0.4223090774007153,9.597218942416047,0.0,0.0,9.81,0.005,0.0,0.0,20.0,-15.0,40.0,45.0,0.0,0.0
52.414860000002555,-1.5076099999999208,110.0,52.57826560533656,3.0,45.0,12,80500,2026-09-25 10:30:00.000,0.09919589877858065,-0.0844228211466991,9.934410599077912,0.0,0.0,9.81,0.005,0.0,0.0,20.0,-15.0,40.0,45.0,0.0,0.0
52.41487000000256,-1.5075949999999207,110.0,51.37447711446494,3.0,45.0,12,80600,2026-09-25 10:30:00.000,0.23581518730133957,0.18355904603162831,9.710626387367634,0.0,0.0,9.81,0.005,0.0,0.0,20.0,-15.0,40.0,45.0,0.0,0.0
52.41488000000256,-1.5075799999999207,110.0,52.57096721932251,3.0,45.0,12,80700,2026-09-25 10:30:00.000,-0.3173425363720598,0.04532580273727613,9.447807999510157,0.0,0.0,9.81,0.005,0.0,0.0,20.0,-15.0,40.0,45.0,0.0,0.0
52.414890000002565,-1.5075649999999206,110.0,52.95133434275614,3.0,45.0,12,80800,2026-09-25 10:30:00.000,-0.244000841839358,-0.4385432608239783,9.874351827817316,0.0,0.0,9.81,0.005,0.0,0.0,20.0,-15.0,40.0,45.0,0.0,0.0
52.41490000000257,-1.5075499999999205,110.0,52.35592152612133,3.0,45.0,12,80900,2026-09-25 10:30:00.000,0.2631725164860882,0.3390600097310117,9.684903775340592,0.0,0.0,9.81,0.005,0.0,0.0,20.0,-15.0,40.0,45.0,0.0,0.0
52.41491000000257,-1.5075349999999204,110.0,52.76409187288803,3.0,45.0,12,81000,2026-09-25 10:30:00.000,0.10936045391895827,-0.17961761084966885,9.879433921491849,0.0,0.0,9.81,0.005,0.0,0.0,20.0,-15.0,40.0,45.0,0.0,0.0
52.414920000002574,-1.5075199999999203,110.0,51.62517617070402,3.0,45.0,12,81100,2026-09-25 10:30:00.000,0.13312991321427697,-0.05999804207378728,9.70039168780303,0.0,0.0,9.81,0.005,0.0,0.0,20.0,-15.0,40.0,45.0,0.0,0.0
52.41493000000258,-1.5075049999999202,110.0,52.255982234272594,3.0,45.0,12,81200,2026-09-25 10:30:00.000,0.013842911502461473,-0.05058401483760802,9.681180623166945,0.0,0.0,9.81,0.005,0.0,0.0,20.0,-15.0,40.0,45.0,0.0,0.0
52.41494000000258,-1.50748999999992,110.0,52.638003301802314,3.0,45.0,12,81300,2026-09-25 10:30:00.000,-0.07968501608128407,0.4240005610525034,9.546960815464459,0.0,0.0,9.81,0.005,0.0,0.0,20.0,-15.0,40.0,45.0,0.0,0.0
52.414950000002584,-1.50747499999992,110.0,52.49278069258608,3.0,45.0,12,81400,2026-09-25 10:30:00.000,-0.2844889237696975,0.4413514367809239,9.502106844777892,0.0,0.0,9.81,0.005,0.0,0.0,20.0,-15.0,40.0,45.0,0.0,0.0
52.41496000000259,-1.5074599999999199,110.0,52.428445105475106,3.0,45.0,12,81500,2026-09-25 10:30:00.000,0.05640448406517121,0.1814820562661833,9.642363832161603,0.0,0.0,9.81,0.005,0.0,0.0,20.0,-15.0,40.0,45.0,0.0,0.0
52.41497000000259,-1.5074449999999198,110.0,52.65883830599166,3.0,45.0,12,81600,2026-09-25 10:30:00.000,-0.1627188611293123,-0.07410733655931634,10.208730660863932,0.0,0.0,9.81,0.005,0.0,0.0,20.0,-15.0,40.0,45.0,0.0,0.0
52.41498000000259,-1.5074299999999197,110.0,51.62498125818695,3.0,45.0,12,81700,2026-09-25 10:30:00.000,0.11502417476777677,-0.19670896574575578,9.695549263947624,0.0,0.0,9.81,0.005,0.0,0.0,20.0,-15.0,40.0,45.0,0.0,0.0
52.4149900000026,-1.5074149999999196,110.0,52.57444200280344,3.0,45.0,12,81800,2026-09-25 10:30:00.000,0.15581284229567813,-0.2601922229983068,9.361455599057933,0.0,0.0,9.81,0.005,0.0,0.0,20.0,-15.0,40.0,45.0,0.0,0.0
52.4150000000026,-1.5073999999999195,110.0,51.904881938393316,3.0,45.0,12,81900,2026-09-25 10:30:00.000,0.13232918276048386,0.5343300272531001,9.950210942595216,0.0,0.0,9.81,0.005,0.0,0.0,20.0,-15.0,40.0,45.0,0.0,0.0
52.4150100000026,-1.5073849999999194,110.0,52.992730892712146,3.0,45.0,12,82000,2026-09-25 10:30:00.000,-0.05632262724583723,0.31610737523203775,9.498943657252383,0.0,0.0,9.81,0.005,0.0,0.0,20.0,-15.0,40.0,45.0,0.0,0.0
52.415020000002606,-1.5073699999999193,110.0,51.956845607161775,3.0,45.0,12,82100,2026-09-25 10:30:00.000,-0.06388114483702607,0.5369429728304984,9.774318185998753,0.0,0.0,9.81,0.005,0.0,0.0,20.0,-15.0,40.0,45.0,0.0,0.0
52.41503000000261,-1.5073549999999192,110.0,52.21991230528534,3.0,45.0,12,82200,2026-09-25 10:30:00.000,0.2606562511272535,0.0630926471052123,9.546694622951318,0.0,0.0,9.81,0.005,0.0,0.0,20.0,-15.0,40.0,45.0,0.0,0.0
52.41504000000261,-1.507339999999919,110.0,51.84884999020528,3.0,45.0,12,82300,2026-09-25 10:30:00.000,0.18340165236472988,0.13332980939793632,9.749979727270318,0.0,0.0,9.81,0.005,0.0,0.0,20.0,-15.0,40.0,45.0,0.0,0.0
52.415050000002616,-1.507324999999919,110.0,51.78163523501993,3.0,45.0,12,82400,2026-09-25 10:30:00.000,-0.18956241256596462,-0.32698182676577625,10.198620926495105,0.0,0.0,9.81,0.005,0.0,0.0,20.0,-15.0,40.0,45.0,0.0,0.0
52.41506000000262,-1.5073099999999189,110.0,52.49053570566965,3.0,45.0,12,82500,2026-09-25 10:30:00.000,-0.10473878090731766,-0.4165185160634922,9.860725109765875,0.0,0.0,9.81,0.005,0.0,0.0,20.0,-15.0,40.0,45.0,0.0,0.0
52.41507000000262,-1.5072949999999188,110.0,52.38472666030248,3.0,45.0,12,82600,2026-09-25 10:30:00.000,0.08760602099289751,0.14581983477241184,9.600557911063104,0.0,0.0,9.81,0.005,0.0,0.0,20.0,-15.0,40.0,45.0,0.0,0.0
52.415080000002625,-1.5072799999999187,110.0,53.12982158757256,3.0,45.0,12,82700,2026-09-25 10:30:00.000,0.27600199048839885,0.3732981200203581,10.061893713605604,0.0,0.0,9.81,0.005,0.0,0.0,20.0,-15.0,40.0,45.0,0.0,0.0
52.41509000000263,-1.5072649999999186,110.0,51.90474759751953,3.0,45.0,12,82800,2026-09-25 10:30:00.000,-0.1279060004625199,-0.04972960266058843,10.006395422033542,0.0,0.0,9.81,0.005,0.0,0.0,20.0,-15.0,40.0,45.0,0.0,0.0
52.41510000000263,-1.5072499999999185,110.0,51.52853035713286,3.0,45.0,12,82900,2026-09-25 10:30:00.000,-0.15752486607068694,0.17915836367906623,9.192154917955891,0.0,0.0,9.81,0.005,0.0,0.0,20.0,-15.0,40.0,45.0,0.0,0.0
52.415110000002635,-1.5072349999999184,110.0,52.53314017952045,3.0,45.0,12,83000,2026-09-25 10:30:00.000,0.15099768277676676,0.3554702473716377,9.91436575776964,0.0,0.0,9.81,0.005,0.0,0.0,20.0,-15.0,40.0,45.0,0.0,0.0
52.41512000000264,-1.5072199999999183,110.0,52.14467344304783,3.0,45.0,12,83100,2026-09-25 10:30:00.000,-0.11548919938198624,-0.3693387364372642,10.027678262615204,0.0,0.0,9.81,0.005,0.0,0.0,20.0,-15.0,40.0,45.0,0.0,0.0
52.41513000000264,-1.5072049999999182,110.0,52.4333495305089,3.0,45.0,12,83200,2026-09-25 10:30:00.000,0.4077095775239064,0.3453755623973722,9.76509464743046,0.0,0.0,9.81,0.005,0.0,0.0,20.0,-15.0,40.0,45.0,0.0,0.0
52.415140000002644,-1.507189999999918,110.0,51.186195690386754,3.0,45.0,12,83300,2026-09-25 10:30:00.000,-0.009132984481200356,0.6768638302947618,9.857762961566355,0.0,0.0,9.81,0.005,0.0,0.0,20.0,-15.0,40.0,45.0,0.0,0.0
52.41515000000265,-1.507174999999918,110.0,53.253305740823556,3.0,45.0,12,83400,2026-09-25 10:30:00.000,-0.07204754944726537,-0.35445826457281293,9.88214468405995,0.0,0.0,9.81,0.005,0.0,0.0,20.0,-15.0,40.0,45.0,0.0,0.0
52.41516000000265,-1.507159999999918,110.0,51.90260714252423,3.0,45.0,12,83500,2026-09-25 10:30:00.000,-0.08089653037453756,0.26370917183624276,10.133812259686488,0.0,0.0,9.81,0.005,0.0,0.0,20.0,-15.0,40.0,45.0,0.0,0.0
52.415170000002654,-1.5071449999999178,110.0,52.21342669415546,3.0,45.0,12,83600,2026-09-25 10:30:00.000,0.034484363868017336,0.5467644162769506,9.323696837534767,0.0,0.0,9.81,0.005,0.0,0.0,20.0,-15.0,40.0,45.0,0.0,0.0
52.41518000000266,-1.5071299999999177,110.0,51.85612882012962,3.0,45.0,12,83700,2026-09-25 10:30:00.000,-0.2940395811603516,0.31028435174200875,9.593163281236894,0.0,0.0,9.81,0.005,0.0,0.0,20.0,-15.0,40.0,45.0,0.0,0.0
52.41519000000266,-1.5071149999999176,110.0,51.69736981068999,3.0,45.0,12,83800,2026-09-25 10:30:00.000,-0.2756472108936979,-0.13352713011977801,9.710112634293322,0.0,0.0,9.81,0.005,0.0,0.0,20.0,-15.0,40.0,45.0,0.0,0.0
52.41520000000266,-1.5070999999999175,110.0,51.14192613084832,3.0,45.0,12,83900,2026-09-25 10:30:00.000,0.05815597748852434,0.1753037072148503,10.038273901533987,0.0,0.0,9.81,0.005,0.0,0.0,20.0,-15.0,40.0,45.0,0.0,0.0
52.415210000002666,-1.5070849999999174,110.0,52.46116807356269,3.0,45.0,12,84000,2026-09-25 10:30:00.000,-0.24533036868707928,-0.2796683556886892,10.193685629971514,0.0,0.0,9.81,0.005,0.0,0.0,20.0,-15.0,40.0,45.0,0.0,0.0
52.41522000000267,-1.5070699999999173,110.0,52.504014317903724,3.0,45.0,12,84100,2026-09-25 10:30:00.000,-0.016787464219763713,0.46245075398810476,9.902097763309458,0.0,0.0,9.81,0.005,0.0,0.0,20.0,-15.0,40.0,45.0,0.0,0.0
52.41523000000267,-1.5070549999999172,110.0,52.058413523574906,3.0,45.0,12,84200,2026-09-25 10:30:00.000,-0.23388339981225692,-0.036040476415155315,9.750778550074196,0.0,0.0,9.81,0.005,0.0,0.0,20.0,-15.0,40.0,45.0,0.0,0.0
52.415240000002676,-1.5070399999999171,110.0,51.84957066326265,3.0,45.0,12,84300,2026-09-25 10:30:00.000,-0.0724476456211052,0.1953661509229006,9.995181386116123,0.0,0.0,9.81,0.005,0.0,0.0,20.0,-15.0,40.0,45.0,0.0,0.0
52.41525000000268,-1.507024999999917,110.0,51.87845273820173,3.0,45.0,12,84400,2026-09-25 10:30:00.000,0.022146536064901627,-0.11285164962779307,9.903415791503594,0.0,0.0,9.81,0.005,0.0,0.0,20.0,-15.0,40.0,45.0,0.0,0.0
52.41526000000268,-1.507009999999917,110.0,53.03580192398885,3.0,45.0,12,84500,2026-09-25 10:30:00.000,0.03273570259176758,-0.2682412205061466,9.973499432135014,0.0,0.0,9.81,0.005,0.0,0.0,20.0,-15.0,40.0,45.0,0.0,0.0
52.415270000002685,-1.5069949999999168,110.0,52.166075283210525,3.0,45.0,12,84600,2026-09-25 10:30:00.000,-0.22595576057392852,-0.20180238340900117,9.780886762985798,0.0,0.0,9.81,0.005,0.0,0.0,20.0,-15.0,40.0,45.0,0.0,0.0
52.41528000000269,-1.5069799999999167,110.0,52.34205401874102,3.0,45.0,12,84700,2026-09-25 10:30:00.000,0.1183557335988734,0.327067186836972,9.857125793150676,0.0,0.0,9.81,0.005,0.0,0.0,20.0,-15.0,40.0,45.0,0.0,0.0
52.41529000000269,-1.5069649999999166,110.0,53.016938172758614,3.0,45.0,12,84800,2026-09-25 10:30:00.000,-0.22230032372970732,0.02635172915091441,9.920554764360967,0.0,0.0,9.81,0.005,0.0,0.0,20.0,-15.0,40.0,45.0,0.0,0.0
52.415300000002695,-1.5069499999999165,110.0,52.763426115730475,3.0,45.0,12,84900,2026-09-25 10:30:00.000,0.10300185319340588,-0.07946993594421276,10.107412266816274,0.0,0.0,9.81,0.005,0.0,0.0,20.0,-15.0,40.0,45.0,0.0,0.0
52.4153100000027,-1.5069349999999164,110.0,52.46703825606763,3.0,45.0,12,85000,2026-09-25 10:30:00.000,0.0703761318676519,0.16037753729149495,10.036756192749383,0.0,0.0,9.81,0.005,0.0,0.0,20.0,-15.0,40.0,45.0,0.0,0.0
52.4153200000027,-1.5069199999999163,110.0,51.15373865245985,3.0,45.0,12,85100,2026-09-25 10:30:00.000,0.10010101926113966,0.6668914266706932,10.1189680377069,0.0,0.0,9.81,0.005,0.0,0.0,20.0,-15.0,40.0,45.0,0.0,0.0
52.415330000002704,-1.5069049999999162,110.0,52.74275304069013,3.0,45.0,12,85200,2026-09-25 10:30:00.000,0.010250590634081057,0.21824275364446744,9.648337487407039,0.0,0.0,9.81,0.005,0.0,0.0,20.0,-15.0,40.0,45.0,0.0,0.0
52.41534000000271,-1.5068899999999161,110.0,52.35015172699579,3.0,45.0,12,85300,2026-09-25 10:30:00.000,-0.12441024636086893,0.18786279739840556,9.938030663480268,0.0,0.0,9.81,0.005,0.0,0.0,20.0,-15.0,40.0,45.0,0.0,0.0
52.41535000000271,-1.506874999999916,110.0,51.7993443857832,3.0,45.0,12,85400,2026-09-25 10:30:00.000,0.15976037596894424,0.17983460627962916,9.63792876556813,0.0,0.0,9.81,0.005,0.0,0.0,20.0,-15.0,40.0,45.0,0.0,0.0
52.415360000002714,-1.506859999999916,110.0,52.6652114557558,3.0,45.0,12,85500,2026-09-25 10:30:00.000,0.24649062147615647,0.2077489570285332,10.135727569823635,0.0,0.0,9.81,0.005,0.0,0.0,20.0,-15.0,40.0,45.0,0.0,0.0
52.41537000000272,-1.5068449999999158,110.0,52.639574051382965,3.0,45.0,12,85600,2026-09-25 10:30:00.000,0.08319987756028523,0.42333940246778123,9.6819031050741,0.0,0.0,9.81,0.005,0.0,0.0,20.0,-15.0,40.0,45.0,0.0,0.0
52.41538000000272,-1.5068299999999157,110.0,52.07517006557495,3.0,45.0,12,85700,2026-09-25 10:30:00.000,-0.2995613499972877,0.07762033239532985,9.840368420431918,0.0,0.0,9.81,0.005,0.0,0.0,20.0,-15.0,40.0,45.0,0.0,0.0
52.41539000000272,-1.5068149999999156,110.0,52.09757717660355,3.0,45.0,12,85800,2026-09-25 10:30:00.000,0.001292907187059725,-0.08444995157722424,9.463195225006274,0.0,0.0,9.81,0.005,0.0,0.0,20.0,-15.0,40.0,45.0,0.0,0.0
52.41540000000273,-1.5067999999999155,110.0,52.08445171936139,3.0,45.0,12,85900,2026-09-25 10:30:00.000,0.15484370593339464,0.18156935914097516,9.800635884822766,0.0,0.0,9.81,0.005,0.0,0.0,20.0,-15.0,40.0,45.0,0.0,0.0
52.41541000000273,-1.5067849999999154,110.0,52.14066542343574,3.0,45.0,12,86000,2026-09-25 10:30:00.000,-0.07073516179520613,0.06425948608172839,9.876017021390169,0.0,0.0,9.81,0.005,0.0,0.0,20.0,-15.0,40.0,45.0,0.0,0.0
52.41542000000273,-1.5067699999999153,110.0,51.890980731947835,3.0,45.0,12,86100,2026-09-25 10:30:00.000,-0.13896195104034148,-0.2593898258409636,9.427910787468159,0.0,0.0,9.81,0.005,0.0,0.0,20.0,-15.0,40.0,45.0,0.0,0.0
52.415430000002736,-1.5067549999999152,110.0,52.39539907870327,3.0,45.0,12,86200,2026-09-25 10:30:00.000,0.1536873098140137,0.12570258136966495,10.008725247188975,0.0,0.0,9.81,0.005,0.0,0.0,20.0,-15.0,40.0,45.0,0.0,0.0
52.41544000000274,-1.5067399999999151,110.0,52.82711986752717,3.0,45.0,12,86300,2026-09-25 10:30:00.000,0.07954530139220582,0.022107930281698246,9.882536499652813,0.0,0.0,9.81,0.005,0.0,0.0,20.0,-15.0,40.0,45.0,0.0,0.0
52.41545000000274,-1.506724999999915,110.0,52.65690893289832,3.0,45.0,12,86400,2026-09-25 10:30:00.000,0.20666255103391076,-0.2232330292216895,9.74825011848924,0.0,0.0,9.81,0.005,0.0,0.0,20.0,-15.0,40.0,45.0,0.0,0.0
52.415460000002746,-1.506709999999915,110.0,51.651065714377225,3.0,45.0,12,86500,2026-09-25 10:30:00.000,0.09988469488230428,0.488530217419327,9.961571625327444,0.0,0.0,9.81,0.005,0.0,0.0,20.0,-15.0,40.0,45.0,0.0,0.0
52.41547000000275,-1.5066949999999149,110.0,52.31174823856002,3.0,45.0,12,86600,2026-09-25 10:30:00.000,0.40143907308317806,-0.13686087642114803,9.655308839157478,0.0,0.0,9.81,0.005,0.0,0.0,20.0,-15.0,40.0,45.0,0.0,0.0
52.41548000000275,-1.5066799999999148,110.0,52.398638712203585,3.0,45.0,12,86700,2026-09-25 10:30:00.000,-0.02231580029131408,-0.011379664978206958,9.688874382275579,0.0,0.0,9.81,0.005,0.0,0.0,20.0,-15.0,40.0,45.0,0.0,0.0
52.415490000002755,-1.5066649999999147,110.0,52.23849621386388,3.0,45.0,12,86800,2026-09-25 10:30:00.000,-0.3083594102721747,0.19377475761894605,9.737290559144125,0.0,0.0,9.81,0.005,0.0,0.0,20.0,-15.0,40.0,45.0,0.0,0.0
52.41550000000276,-1.5066499999999146,110.0,51.774943973396795,3.0,45.0,12,86900,2026-09-25 10:30:00.000,-0.16744967897411292,0.11902880942279256,9.630831945730762,0.0,0.0,9.81,0.005,0.0,0.0,20.0,-15.0,40.0,45.0,0.0,0.0
52.41551000000276,-1.5066349999999145,110.0,51.99525053509209,3.0,45.0,12,87000,2026-09-25 10:30:00.000,-0.13470041791846923,0.23208452969733964,9.792163801422781,0.0,0.0,9.81,0.005,0.0,0.0,20.0,-15.0,40.0,45.0,0.0,0.0
52.415520000002765,-1.5066199999999144,110.0,52.00156170629886,3.0,45.0,12,87100,2026-09-25 10:30:00.000,0.1851888059598226,-0.024790350992139026,10.088842350640101,0.0,0.0,9.81,0.005,0.0,0.0,20.0,-15.0,40.0,45.0,0.0,0.0
52.41553000000277,-1.5066049999999143,110.0,52.879378198867784,3.0,45.0,12,87200,2026-09-25 10:30:00.000,-0.055582978102457804,0.33129927897164424,9.675436810796077,0.0,0.0,9.81,0.005,0.0,0.0,20.0,-15.0,40.0,45.0,0.0,0.0
52.41554000000277,-1.5065899999999142,110.0,51.74271548693907,3.0,45.0,12,87300,2026-09-25 10:30:00.000,-0.27365140176345815,-0.3246692633929089,9.905905185109779,0.0,0.0,9.81,0.005,0.0,0.0,20.0,-15.0,40.0,45.0,0.0,0.0
52.415550000002774,-1.506574999999914,110.0,51.04654596773072,3.0,45.0,12,87400,2026-09-25 10:30:00.000,-0.11506271525822498,0.02141768658972555,9.833828315411418,0.0,0.0,9.81,0.005,0.0,0.0,20.0,-15.0,40.0,45.0,0.0,0.0
52.41556000000278,-1.506559999999914,110.0,52.054803426144275,3.0,45.0,12,87500,2026-09-25 10:30:00.000,-0.4988871925866885,0.1320308182494323,10.09524270820976,0.0,0.0,9.81,0.005,0.0,0.0,20.0,-15.0,40.0,45.0,0.0,0.0
52.41557000000278,-1.5065449999999139,110.0,51.49590022068869,3.0,45.0,12,87600,2026-09-25 10:30:00.000,0.27551906749346894,0.10108746616544315,9.753974351289346,0.0,0.0,9.81,0.005,0.0,0.0,20.0,-15.0,40.0,45.0,0.0,0.0
52.415580000002784,-1.5065299999999138,110.0,51.6237986880646,3.0,45.0,12,87700,2026-09-25 10:30:00.000,0.2870877867016791,-0.37390027428474304,9.73563421746654,0.0,0.0,9.81,0.005,0.0,0.0,20.0,-15.0,40.0,45.0,0.0,0.0
52.41559000000279,-1.5065149999999137,110.0,51.676360546246265,3.0,45.0,12,87800,2026-09-25 10:30:00.000,-0.2640473874014941,0.07864908804112988,10.132831152881542,0.0,0.0,9.81,0.005,0.0,0.0,20.0,-15.0,40.0,45.0,0.0,0.0
52.41560000000279,-1.5064999999999136,110.0,53.06412577111755,3.0,45.0,12,87900,2026-09-25 10:30:00.000,0.2640972683930431,-0.13840551602946183,9.819719686522369,0.0,0.0,9.81,0.005,0.0,0.0,20.0,-15.0,40.0,45.0,0.0,0.0
52.41561000000279,-1.5064849999999135,110.0,51.50363670210567,3.0,45.0,12,88000,2026-09-25 10:30:00.000,0.06127386315195859,0.29719543764616446,9.793372954747602,0.0,0.0,9.81,0.005,0.0,0.0,20.0,-15.0,40.0,45.0,0.0,0.0
52.4156200000028,-1.5064699999999134,110.0,52.42818298201242,3.0,45.0,12,88100,2026-09-25 10:30:00.000,0.025078027003645434,0.29776596264895355,9.852716380421448,0.0,0.0,9.81,0.005,0.0,0.0,20.0,-15.0,40.0,45.0,0.0,0.0
52.4156300000028,-1.5064549999999133,110.0,51.75776579224703,3.0,45.0,12,88200,2026-09-25 10:30:00.000,0.2700874299750343,0.2135016298727275,10.021554832679238,0.0,0.0,9.81,0.005,0.0,0.0,20.0,-15.0,40.0,45.0,0.0,0.0
52.4156400000028,-1.5064399999999132,110.0,51.57630796559286,3.0,45.0,12,88300,2026-09-25 10:30:00.000,-0.12733270929999793,-0.31800074172660664,10.196218823721278,0.0,0.0,9.81,0.005,0.0,0.0,20.0,-15.0,40.0,45.0,0.0,0.0
52.415650000002806,-1.506424999999913,110.0,52.61080903863796,3.0,45.0,12,88400,2026-09-25 10:30:00.000,0.022684409927483832,0.27316425066651895,10.04800103419899,0.0,0.0,9.81,0.005,0.0,0.0,20.0,-15.0,40.0,45.0,0.0,0.0
52.41566000000281,-1.506409999999913,110.0,52.03075268070265,3.0,45.0,12,88500,2026-09-25 10:30:00.000,-0.3095236575505258,0.5816604144525227,10.123034940269404,0.0,0.0,9.81,0.005,0.0,0.0,20.0,-15.0,40.0,45.0,0.0,0.0
52.41567000000281,-1.5063949999999129,110.0,52.03483374178998,3.0,45.0,12,88600,2026-09-25 10:30:00.000,-0.040831191100396604,-0.6315309306630208,9.411537596008467,0.0,0.0,9.81,0.005,0.0,0.0,20.0,-15.0,40.0,45.0,0.0,0.0
52.415680000002816,-1.5063799999999128,110.0,51.85837858970363,3.0,45.0,12,88700,2026-09-25 10:30:00.000,0.37691408148362326,-0.18620636897276946,9.679890819857023,0.0,0.0,9.81,0.005,0.0,0.0,20.0,-15.0,40.0,45.0,0.0,0.0
52.41569000000282,-1.5063649999999127,110.0,51.96699196245577,3.0,45.0,12,88800,2026-09-25 10:30:00.000,0.0977235827843434,0.03429679202356868,9.778078032750104,0.0,0.0,9.81,0.005,0.0,0.0,20.0,-15.0,40.0,45.0,0.0,0.0
52.41570000000282,-1.5063499999999126,110.0,52.69093370090424,3.0,45.0,12,88900,2026-09-25 10:30:00.000,0.06803062173229903,-0.32034225259537485,10.061126534859014,0.0,0.0,9.81,0.005,0.0,0.0,20.0,-15.0,40.0,45.0,0.0,0.0
52.415710000002825,-1.5063349999999125,110.0,51.99322921606729,3.0,45.0,12,89000,2026-09-25 10:30:00.000,0.02987278376741669,0.11184179477301218,10.1730780786128,0.0,0.0,9.81,0.005,0.0,0.0,20.0,-15.0,40.0,45.0,0.0,0.0
52.41572000000283,-1.5063199999999124,110.0,52.49957695831131,3.0,45.0,12,89100,2026-09-25 10:30:00.000,0.19421511372725608,-0.24945923128322425,10.189082526980966,0.0,0.0,9.81,0.005,0.0,0.0,20.0,-15.0,40.0,45.0,0.0,0.0
52.41573000000283,-1.5063049999999123,110.0,52.790514539695074,3.0,45.0,12,89200,2026-09-25 10:30:00.000,-0.09747769408340481,0.05969510521089171,9.826760871260847,0.0,0.0,9.81,0.005,0.0,0.0,20.0,-15.0,40.0,45.0,0.0,0.0
52.415740000002835,-1.5062899999999122,110.0,51.72091820456944,3.0,45.0,12,89300,2026-09-25 10:30:00.000,-0.10217698925697097,0.34263644206576815,9.582847342309034,0.0,0.0,9.81,0.005,0.0,0.0,20.0,-15.0,40.0,45.0,0.0,0.0
52.41575000000284,-1.506274999999912,110.0,51.6465904186707,3.0,45.0,12,89400,2026-09-25 10:30:00.000,-0.1056855916990084,0.24771910303602335,10.375234899844829,0.0,0.0,9.81,0.005,0.0,0.0,20.0,-15.0,40.0,45.0,0.0,0.0
52.41576000000284,-1.506259999999912,110.0,51.34773846457388,3.0,45.0,12,89500,2026-09-25 10:30:00.000,0.015207093584700737,-0.10764807022678757,9.80769873663314,0.0,0.0,9.81,0.005,0.0,0.0,20.0,-15.0,40.0,45.0,0.0,0.0
52.415770000002844,-1.506244999999912,110.0,52.913172271895135,3.0,45.0,12,89600,2026-09-25 10:30:00.000,-0.03469365624956638,-0.1507184383151237,9.500488001108087,0.0,0.0,9.81,0.005,0.0,0.0,20.0,-15.0,40.0,45.0,0.0,0.0
52.41578000000285,-1.5062299999999118,110.0,52.47281448938359,3.0,45.0,12,89700,2026-09-25 10:30:00.000,0.1737328118416831,-0.7987264618514585,9.718314985004136,0.0,0.0,9.81,0.005,0.0,0.0,20.0,-15.0,40.0,45.0,0.0,0.0
52.41579000000285,-1.5062149999999117,110.0,50.92341809245884,3.0,45.0,12,89800,2026-09-25 10:30:00.000,0.054899060295867476,-0.19761246488415926,9.550725351650877,0.0,0.0,9.81,0.005,0.0,0.0,20.0,-15.0,40.0,45.0,0.0,0.0
52.415800000002854,-1.5061999999999116,110.0,52.2915836419595,3.0,45.0,12,89900,2026-09-25 10:30:00.000,0.11720587855787166,0.6048400615738159,9.727871087107808,0.0,0.0,9.81,0.005,0.0,0.0,20.0,-15.0,40.0,45.0,0.0,0.0
52.41581000000286,-1.5061849999999115,110.0,51.88316762539191,3.0,45.0,12,90000,2026-09-25 10:30:00.000,-0.11639537570168748,-0.39219484563999807,9.62743209863115,0.0,0.0,9.81,0.005,0.0,0.0,20.0,-15.0,40.0,45.0,0.0,0.0
52.41582000000286,-1.5061699999999114,110.0,53.14302158701118,3.0,45.0,12,90100,2026-09-25 10:30:00.000,-0.29706974479124487,-0.070577818728088,9.806276825739177,0.0,0.0,9.81,0.005,0.0,0.0,20.0,-15.0,40.0,45.0,0.0,0.0
52.41583000000286,-1.5061549999999113,110.0,51.25605012662539,3.0,45.0,12,90200,2026-09-25 10:30:00.000,-0.3555829803036477,0.4948661212903245,9.993780578342719,0.0,0.0,9.81,0.005,0.0,0.0,20.0,-15.0,40.0,45.0,0.0,0.0
52.415840000002866,-1.5061399999999112,110.0,52.12003267685366,3.0,45.0,12,90300,2026-09-25 10:30:00.000,-0.42915180061167535,0.3986226994930776,9.844812663723046,0.0,0.0,9.81,0.005,0.0,0.0,20.0,-15.0,40.0,45.0,0.0,0.0
52.41585000000287,-1.5061249999999111,110.0,51.81307752628155,3.0,45.0,12,90400,2026-09-25 10:30:00.000,0.4328706398016083,0.13842692524442338,9.958593270851063,0.0,0.0,9.81,0.005,0.0,0.0,20.0,-15.0,40.0,45.0,0.0,0.0
52.41586000000287,-1.506109999999911,110.0,51.58510387281917,3.0,45.0,12,90500,2026-09-25 10:30:00.000,0.44420477058311425,0.03525764662867277,9.780660253947776,0.0,0.0,9.81,0.005,0.0,0.0,20.0,-15.0,40.0,45.0,0.0,0.0
52.415870000002876,-1.506094999999911,110.0,52.139861317423964,3.0,45.0,12,90600,2026-09-25 10:30:00.000,0.10788215286654564,-0.0931080357058584,9.798953373858254,0.0,0.0,9.81,0.005,0.0,0.0,20.0,-15.0,40.0,45.0,0.0,0.0
52.41588000000288,-1.5060799999999108,110.0,53.139738665639385,3.0,45.0,12,90700,2026-09-25 10:30:00.000,-0.1254593833643096,-0.20923868348591693,9.726345517844372,0.0,0.0,9.81,0.005,0.0,0.0,20.0,-15.0,40.0,45.0,0.0,0.0
52.41589000000288,-1.5060649999999107,110.0,52.01467661089168,3.0,45.0,12,90800,2026-09-25 10:30:00.000,-0.21335991992178185,0.069297243210078,10.097621105042046,0.0,0.0,9.81,0.005,0.0,0.0,20.0,-15.0,40.0,45.0,0.0,0.0
52.415900000002885,-1.5060499999999106,110.0,52.54986304099691,3.0,45.0,12,90900,2026-09-25 10:30:00.000,-0.07552128043260327,0.5255063916813687,10.017898637068082,0.0,0.0,9.81,0.005,0.0,0.0,20.0,-15.0,40.0,45.0,0.0,0.0
52.41591000000289,-1.5060349999999105,110.0,53.02573547163958,3.0,45.0,12,91000,2026-09-25 10:30:00.000,0.1000149630952723,0.41186156224485204,9.783291305789916,0.0,0.0,9.81,0.005,0.0,0.0,20.0,-15.0,40.0,45.0,0.0,0.0
52.41592000000289,-1.5060199999999104,110.0,51.23957044855338,3.0,45.0,12,91100,2026-09-25 10:30:00.000,-0.2455288225927515,0.34973473352750056,9.483171352717122,0.0,0.0,9.81,0.005,0.0,0.0,20.0,-15.0,40.0,45.0,0.0,0.0
52.415930000002895,-1.5060049999999103,110.0,51.88393218337326,3.0,45.0,12,91200,2026-09-25 10:30:00.000,-0.13367915502716685,0.5384960660448513,9.919409038051654,0.0,0.0,9.81,0.005,0.0,0.0,20.0,-15.0,40.0,45.0,0.0,0.0
52.4159400000029,-1.5059899999999102,110.0,52.74597551375443,3.0,45.0,12,91300,2026-09-25 10:30:00.000,0.27889081719476577,0.3361237353734573,9.913714492825736,0.0,0.0,9.81,0.005,0.0,0.0,20.0,-15.0,40.0,45.0,0.0,0.0
52.4159500000029,-1.5059749999999101,110.0,51.48214522842582,3.0,45.0,12,91400,2026-09-25 10:30:00.000,0.22686015060946163,-0.2146281870913486,9.650960699279867,0.0,0.0,9.81,0.005,0.0,0.0,20.0,-15.0,40.0,45.0,0.0,0.0
52.415960000002904,-1.50595999999991,110.0,51.31890187621861,3.0,45.0,12,91500,2026-09-25 10:30:00.000,0.134568478387772,0.2024085043949603,10.086017075759408,0.0,0.0,9.81,0.005,0.0,0.0,20.0,-15.0,40.0,45.0,0.0,0.0
52.41597000000291,-1.50594499999991,110.0,52.764411701222045,3.0,45.0,12,91600,2026-09-25 10:30:00.000,-0.03032913760302602,0.303265398414749,9.662633567385587,0.0,0.0,9.81,0.005,0.0,0.0,20.0,-15.0,40.0,45.0,0.0,0.0
52.41598000000291,-1.5059299999999098,110.0,52.36422183527625,3.0,45.0,12,91700,2026-09-25 10:30:00.000,-0.5127050518477245,0.12797914101865077,10.236943558212475,0.0,0.0,9.81,0.005,0.0,0.0,20.0,-15.0,40.0,45.0,0.0,0.0
52.415990000002914,-1.5059149999999097,110.0,52.297640048451555,3.0,45.0,12,91800,2026-09-25 10:30:00.000,0.12544843325984745,-0.05570178654870345,9.702874567370339,0.0,0.0,9.81,0.005,0.0,0.0,20.0,-15.0,40.0,45.0,0.0,0.0
52.41600000000292,-1.5058999999999096,110.0,51.89025752665739,3.0,45.0,12,91900,2026-09-25 10:30:00.000,0.03674981726988214,0.12086311602307676,9.911609024804191,0.0,0.0,9.81,0.005,0.0,0.0,20.0,-15.0,40.0,45.0,0.0,0.0
52.41601000000292,-1.5058849999999095,110.0,51.89273114898126,3.0,45.0,12,92000,2026-09-25 10:30:00.000,-0.17968718652129229,-0.1251245778340699,9.886884669057645,0.0,0.0,9.81,0.005,0.0,0.0,20.0,-15.0,40.0,45.0,0.0,0.0
52.41602000000292,-1.5058699999999094,110.0,52.223778993472855,3.0,45.0,12,92100,2026-09-25 10:30:00.000,-0.009563117602936337,-0.12755535242363072,10.196144208989956,0.0,0.0,9.81,0.005,0.0,0.0,20.0,-15.0,40.0,45.0,0.0,0.0
52.41603000000293,-1.5058549999999093,110.0,51.743135904852736,3.0,45.0,12,92200,2026-09-25 10:30:00.000,-0.29087503813546745,0.27760769473788316,9.636015043324486,0.0,0.0,9.81,0.005,0.0,0.0,20.0,-15.0,40.0,45.0,0.0,0.0
52.41604000000293,-1.5058399999999093,110.0,52.470541905767135,3.0,45.0,12,92300,2026-09-25 10:30:00.000,-0.08571130563281709,-0.10359415105799896,9.749996185463479,0.0,0.0,9.81,0.005,0.0,0.0,20.0,-15.0,40.0,45.0,0.0,0.0
52.41605000000293,-1.5058249999999092,110.0,51.75458706566118,3.0,45.0,12,92400,2026-09-25 10:30:00.000,-0.07829016155448049,-0.05400457255809765,9.678278054937403,0.0,0.0,9.81,0.005,0.0,0.0,20.0,-15.0,40.0,45.0,0.0,0.0
52.416060000002936,-1.505809999999909,110.0,53.01482825342552,3.0,45.0,12,92500,2026-09-25 10:30:00.000,-0.2561223732015982,0.1896173220969412,9.77191270801873,0.0,0.0,9.81,0.005,0.0,0.0,20.0,-15.0,40.0,45.0,0.0,0.0
52.41607000000294,-1.505794999999909,110.0,52.71573193218789,3.0,45.0,12,92600,2026-09-25 10:30:00.000,0.08391912209171275,0.2766930046792654,9.883431406933857,0.0,0.0,9.81,0.005,0.0,0.0,20.0,-15.0,40.0,45.0,0.0,0.0
52.41608000000294,-1.5057799999999089,110.0,52.56427114326882,3.0,45.0,12,92700,2026-09-25 10:30:00.000,0.21535486836829879,0.5773245319840461,9.953678729193125,0.0,0.0,9.81,0.005,0.0,0.0,20.0,-15.0,40.0,45.0,0.0,0.0
52.416090000002946,-1.5057649999999088,110.0,51.755713621223805,3.0,45.0,12,92800,2026-09-25 10:30:00.000,0.06898692543171604,0.12392168746303597,9.868716992991914,0.0,0.0,9.81,0.005,0.0,0.0,20.0,-15.0,40.0,45.0,0.0,0.0
52.41610000000295,-1.5057499999999087,110.0,52.51183097196923,3.0,45.0,12,92900,2026-09-25 10:30:00.000,-0.016748316845401585,-0.3477963600526377,9.438982098128402,0.0,0.0,9.81,0.005,0.0,0.0,20.0,-15.0,40.0,45.0,0.0,0.0
52.41611000000295,-1.5057349999999086,110.0,52.73876711637314,3.0,45.0,12,93000,2026-09-25 10:30:00.000,-0.18633227544491482,-0.2786868644910455,9.641607735108728,0.0,0.0,9.81,0.005,0.0,0.0,20.0,-15.0,40.0,45.0,0.0,0.0
52.416120000002955,-1.5057199999999085,110.0,52.66852013402499,3.0,45.0,12,93100,2026-09-25 10:30:00.000,0.16935088005903282,-0.27164042918621967,9.744544744226648,0.0,0.0,9.81,0.005,0.0,0.0,20.0,-15.0,40.0,45.0,0.0,0.0
52.41613000000296,-1.5057049999999084,110.0,52.17812922493794,3.0,45.0,12,93200,2026-09-25 10:30:00.000,0.3485765517290434,0.016887461683393404,9.906721582151814,0.0,0.0,9.81,0.005,0.0,0.0,20.0,-15.0,40.0,45.0,0.0,0.0
52.41614000000296,-1.5056899999999083,110.0,51.608455192932425,3.0,45.0,12,93300,2026-09-25 10:30:00.000,-0.10684871943523702,0.07966271072408314,9.669287201143032,0.0,0.0,9.81,0.005,0.0,0.0,20.0,-15.0,40.0,45.0,0.0,0.0
52.416150000002965,-1.5056749999999082,110.0,52.73802164113445,3.0,45.0,12,93400,2026-09-25 10:30:00.000,0.020310646143611076,0.5204793868579883,9.766823666961916,0.0,0.0,9.81,0.005,0.0,0.0,20.0,-15.0,40.0,45.0,0.0,0.0
52.41616000000297,-1.505659999999908,110.0,52.03360994944149,3.0,45.0,12,93500,2026-09-25 10:30:00.000,0.44177079008762377,0.08240879993521298,9.632255238953853,0.0,0.0,9.81,0.005,0.0,0.0,20.0,-15.0,40.0,45.0,0.0,0.0
52.41617000000297,-1.505644999999908,110.0,51.540331911344,3.0,45.0,12,93600,2026-09-25 10:30:00.000,0.2564456746260226,-0.1439159535448806,9.786029426982262,0.0,0.0,9.81,0.005,0.0,0.0,20.0,-15.0,40.0,45.0,0.0,0.0
52.416180000002974,-1.5056299999999079,110.0,52.68745488422984,3.0,45.0,12,93700,2026-09-25 10:30:00.000,-0.5904236789839846,-0.03358403489999487,9.586502686195207,0.0,0.0,9.81,0.005,0.0,0.0,20.0,-15.0,40.0,45.0,0.0,0.0
52.41619000000298,-1.5056149999999078,110.0,52.24920578498954,3.0,45.0,12,93800,2026-09-25 10:30:00.000,0.05788504608131653,0.06947011530469906,9.542083781379832,0.0,0.0,9.81,0.005,0.0,0.0,20.0,-15.0,40.0,45.0,0.0,0.0
52.41620000000298,-1.5055999999999077,110.0,52.642689825689935,3.0,45.0,12,93900,2026-09-25 10:30:00.000,-0.08171784826618726,0.3949536670233781,9.550532253712845,0.0,0.0,9.81,0.005,0.0,0.0,20.0,-15.0,40.0,45.0,0.0,0.0
52.416210000002984,-1.5055849999999076,110.0,52.4770138931557,3.0,45.0,12,94000,2026-09-25 10:30:00.000,-0.01712258563848142,0.09215220377868823,9.66961236369685,0.0,0.0,9.81,0.005,0.0,0.0,20.0,-15.0,40.0,45.0,0.0,0.0
52.41622000000299,-1.5055699999999075,110.0,51.71526117571449,3.0,45.0,12,94100,2026-09-25 10:30:00.000,-0.1246979275409568,0.30540528774370285,9.607374541155144,0.0,0.0,9.81,0.005,0.0,0.0,20.0,-15.0,40.0,45.0,0.0,0.0
52.41623000000299,-1.5055549999999074,110.0,52.29414566994129,3.0,45.0,12,94200,2026-09-25 10:30:00.000,-0.05882804231362865,-0.1153748648146887,9.769728410296954,0.0,0.0,9.81,0.005,0.0,0.0,20.0,-15.0,40.0,45.0,0.0,0.0
52.41624000000299,-1.5055399999999073,110.0,52.07977304334338,3.0,45.0,12,94300,2026-09-25 10:30:00.000,-0.3100041864807728,0.19557274884437015,9.802030006173627,0.0,0.0,9.81,0.005,0.0,0.0,20.0,-15.0,40.0,45.0,0.0,0.0
52.416250000003,-1.5055249999999072,110.0,51.57500736299652,3.0,45.0,12,94400,2026-09-25 10:30:00.000,-0.12376733282423731,0.05258426330354967,9.664896780401216,0.0,0.0,9.81,0.005,0.0,0.0,20.0,-15.0,40.0,45.0,0.0,0.0
52.416260000003,-1.505509999999907,110.0,51.944467952827694,3.0,45.0,12,94500,2026-09-25 10:30:00.000,-0.20114516935784676,0.23829299510271937,10.172218187692396,0.0,0.0,9.81,0.005,0.0,0.0,20.0,-15.0,40.0,45.0,0.0,0.0
52.416270000003,-1.505494999999907,110.0,51.08847940948552,3.0,45.0,12,94600,2026-09-25 10:30:00.000,0.20254776606925204,-0.4703798262511033,9.517403973957713,0.0,0.0,9.81,0.005,0.0,0.0,20.0,-15.0,40.0,45.0,0.0,0.0
52.416280000003006,-1.505479999999907,110.0,52.67801813662987,3.0,45.0,12,94700,2026-09-25 10:30:00.000,0.08316561092972635,0.41090594456799656,9.405227197450795,0.0,0.0,9.81,0.005,0.0,0.0,20.0,-15.0,40.0,45.0,0.0,0.0
52.41629000000301,-1.5054649999999068,110.0,52.59891360068062,3.0,45.0,12,94800,2026-09-25 10:30:00.000,-0.08837833898778856,0.5376456102251475,9.738527252985579,0.0,0.0,9.81,0.005,0.0,0.0,20.0,-15.0,40.0,45.0,0.0,0.0
52.41630000000301,-1.5054499999999067,110.0,51.51139591415581,3.0,45.0,12,94900,2026-09-25 10:30:00.000,0.09983788048931308,-0.21863422656405399,9.796471875994015,0.0,0.0,9.81,0.005,0.0,0.0,20.0,-15.0,40.0,45.0,0.0,0.0
52.416310000003016,-1.5054349999999066,110.0,52.12367060292786,3.0,45.0,12,95000,2026-09-25 10:30:00.000,0.1126749136283377,0.14017754701734783,9.911120564970847,0.0,0.0,9.81,0.005,0.0,0.0,20.0,-15.0,40.0,45.0,0.0,0.0
52.41632000000302,-1.5054199999999065,110.0,51.954523915694985,3.0,45.0,12,95100,2026-09-25 10:30:00.000,-0.08511177967604541,0.08227977800744848,9.416806325890601,0.0,0.0,9.81,0.005,0.0,0.0,20.0,-15.0,40.0,45.0,0.0,0.0
52.41633000000302,-1.5054049999999064,110.0,52.44976886874254,3.0,45.0,12,95200,2026-09-25 10:30:00.000,0.2746700960675334,-0.14287318485563674,9.89266417653905,0.0,0.0,9.81,0.005,0.0,0.0,20.0,-15.0,40.0,45.0,0.0,0.0
52.416340000003025,-1.5053899999999063,110.0,51.56721344646031,3.0,45.0,12,95300,2026-09-25 10:30:00.000,0.20605342168570165,-0.03809566757231142,9.552391849866714,0.0,0.0,9.81,0.005,0.0,0.0,20.0,-15.0,40.0,45.0,0.0,0.0
52.41635000000303,-1.5053749999999062,110.0,52.37455075581143,3.0,45.0,12,95400,2026-09-25 10:30:00.000,0.18864532527954875,0.23772384281134104,9.76570387232325,0.0,0.0,9.81,0.005,0.0,0.0,20.0,-15.0,40.0,45.0,0.0,0.0
52.41636000000303,-1.505359999999906,110.0,52.01705140281116,3.0,45.0,12,95500,2026-09-25 10:30:00.000,0.17625279054037432,0.3115992969511492,9.70333613682362,0.0,0.0,9.81,0.005,0.0,0.0,20.0,-15.0,40.0,45.0,0.0,0.0
52.416370000003035,-1.505344999999906,110.0,52.08252435109089,3.0,45.0,12,95600,2026-09-25 10:30:00.000,-0.09709051433314281,0.569210563110247,10.11730592884416,0.0,0.0,9.81,0.005,0.0,0.0,20.0,-15.0,40.0,45.0,0.0,0.0
52.41638000000304,-1.505329999999906,110.0,51.96837109309131,3.0,45.0,12,95700,2026-09-25 10:30:00.000,0.17293593034290428,0.570070843215804,9.890789910837286,0.0,0.0,9.81,0.005,0.0,0.0,20.0,-15.0,40.0,45.0,0.0,0.0
52.41639000000304,-1.5053149999999058,110.0,52.91516901164802,3.0,45.0,12,95800,2026-09-25 10:30:00.000,-0.056282119398092835,0.16795079225758944,9.83880600350813,0.0,0.0,9.81,0.005,0.0,0.0,20.0,-15.0,40.0,45.0,0.0,0.0
52.416400000003044,-1.5052999999999057,110.0,51.77834603619939,3.0,45.0,12,95900,2026-09-25 10:30:00.000,0.08901627236569339,0.603836063004579,10.150779649731817,0.0,0.0,9.81,0.005,0.0,0.0,20.0,-15.0,40.0,45.0,0.0,0.0
52.41641000000305,-1.5052849999999056,110.0,52.06800179575778,3.0,45.0,12,96000,2026-09-25 10:30:00.000,0.26449600180375826,0.1570722594234758,10.035871439600148,0.0,0.0,9.81,0.005,0.0,0.0,20.0,-15.0,40.0,45.0,0.0,0.0
52.41642000000305,-1.5052699999999055,110.0,51.80986610794697,3.0,45.0,12,96100,2026-09-25 10:30:00.000,-0.12234593091399415,-0.19789054866694658,9.676362963705628,0.0,0.0,9.81,0.005,0.0,0.0,20.0,-15.0,40.0,45.0,0.0,0.0
52.416430000003054,-1.5052549999999054,110.0,51.89350533120738,3.0,45.0,12,96200,2026-09-25 10:30:00.000,-0.0826108484178325,-0.08626077301806173,9.949177142670957,0.0,0.0,9.81,0.005,0.0,0.0,20.0,-15.0,40.0,45.0,0.0,0.0
52.41644000000306,-1.5052399999999053,110.0,51.57447267006929,3.0,45.0,12,96300,2026-09-25 10:30:00.000,0.31967546200107216,0.24664879693867242,9.88671881637019,0.0,0.0,9.81,0.005,0.0,0.0,20.0,-15.0,40.0,45.0,0.0,0.0
52.41645000000306,-1.5052249999999052,110.0,51.602858077329785,3.0,45.0,12,96400,2026-09-25 10:30:00.000,-0.0010164659198794261,0.01639157981293103,9.74901417911059,0.0,0.0,9.81,0.005,0.0,0.0,20.0,-15.0,40.0,45.0,0.0,0.0
52.41646000000306,-1.5052099999999051,110.0,52.56125377929691,3.0,45.0,12,96500,2026-09-25 10:30:00.000,0.12297101246028418,0.5845703878924476,9.858255948401473,0.0,0.0,9.81,0.005,0.0,0.0,20.0,-15.0,40.0,45.0,0.0,0.0
52.416470000003066,-1.505194999999905,110.0,51.12764952777367,3.0,45.0,12,96600,2026-09-25 10:30:00.000,0.0816624261602359,-0.039055998796521135,9.762336560684581,0.0,0.0,9.81,0.005,0.0,0.0,20.0,-15.0,40.0,45.0,0.0,0.0
52.41648000000307,-1.505179999999905,110.0,52.12746579919067,3.0,45.0,12,96700,2026-09-25 10:30:00.000,-0.30952531904119607,-0.17803372833393602,9.861726542139117,0.0,0.0,9.81,0.005,0.0,0.0,20.0,-15.0,40.0,45.0,0.0,0.0
52.41649000000307,-1.5051649999999048,110.0,52.960006486643856,3.0,45.0,12,96800,2026-09-25 10:30:00.000,0.4056392743797601,0.050497007286661795,9.958934352731651,0.0,0.0,9.81,0.005,0.0,0.0,20.0,-15.0,40.0,45.0,0.0,0.0
52.416500000003076,-1.5051499999999047,110.0,52.3044290071917,3.0,45.0,12,96900,2026-09-25 10:30:00.000,-0.02469100580338988,0.01248402594165024,9.782207503301187,0.0,0.0,9.81,0.005,0.0,0.0,20.0,-15.0,40.0,45.0,0.0,0.0
52.41651000000308,-1.5051349999999046,110.0,51.841074639331595,3.0,45.0,12,97000,2026-09-25 10:30:00.000,-0.0970175130081985,0.6190549461430581,9.706370462350458,0.0,0.0,9.81,0.005,0.0,0.0,20.0,-15.0,40.0,45.0,0.0,0.0
52.41652000000308,-1.5051199999999045,110.0,52.26315598719895,3.0,45.0,12,97100,2026-09-25 10:30:00.000,-0.0988389356574687,0.38539271759610305,9.394233370449928,0.0,0.0,9.81,0.005,0.0,0.0,20.0,-15.0,40.0,45.0,0.0,0.0
52.416530000003085,-1.5051049999999044,110.0,51.72296052865749,3.0,45.0,12,97200,2026-09-25 10:30:00.000,-0.3395570860319558,-0.024071406272152054,9.964928960237762,0.0,0.0,9.81,0.005,0.0,0.0,20.0,-15.0,40.0,45.0,0.0,0.0
52.41654000000309,-1.5050899999999043,110.0,52.01332932641586,3.0,45.0,12,97300,2026-09-25 10:30:00.000,0.010894063262502418,0.15874653286109944,9.82173214884631,0.0,0.0,9.81,0.005,0.0,0.0,20.0,-15.0,40.0,45.0,0.0,0.0
52.41655000000309,-1.5050749999999042,110.0,52.58168538336691,3.0,45.0,12,97400,2026-09-25 10:30:00.000,0.30865184924491545,-0.1166462734064089,10.264273462603175,0.0,0.0,9.81,0.005,0.0,0.0,20.0,-15.0,40.0,45.0,0.0,0.0
52.416560000003095,-1.5050599999999041,110.0,53.275567393270954,3.0,45.0,12,97500,2026-09-25 10:30:00.000,-0.09601321633489948,0.4616496080140048,9.935440285841365,0.0,0.0,9.81,0.005,0.0,0.0,20.0,-15.0,40.0,45.0,0.0,0.0
52.4165700000031,-1.505044999999904,110.0,51.92100801773502,3.0,45.0,12,97600,2026-09-25 10:30:00.000,-0.05337059879666026,-0.2361155661434173,9.967823672527098,0.0,0.0,9.81,0.005,0.0,0.0,20.0,-15.0,40.0,45.0,0.0,0.0
52.4165800000031,-1.505029999999904,110.0,52.45681090873388,3.0,45.0,12,97700,2026-09-25 10:30:00.000,0.0007097940178246472,0.5108323295459435,9.897825851232012,0.0,0.0,9.81,0.005,0.0,0.0,20.0,-15.0,40.0,45.0,0.0,0.0
52.416590000003104,-1.5050149999999038,110.0,51.59996847232586,3.0,45.0,12,97800,2026-09-25 10:30:00.000,0.13699853806878085,-0.019277017950401765,9.978814786076429,0.0,0.0,9.81,0.005,0.0,0.0,20.0,-15.0,40.0,45.0,0.0,0.0
52.41660000000311,-1.5049999999999037,110.0,51.5837430342975,3.0,45.0,12,97900,2026-09-25 10:30:00.000,0.14941560245482854,0.7207694251593423,10.360086812079055,0.0,0.0,9.81,0.005,0.0,0.0,20.0,-15.0,40.0,45.0,0.0,0.0
52.41661000000311,-1.5049849999999036,110.0,52.23208677386266,3.0,45.0,12,98000,2026-09-25 10:30:00.000,-0.17542743402850727,-0.24975628706073752,9.649760240458633,0.0,0.0,9.81,0.005,0.0,0.0,20.0,-15.0,40.0,45.0,0.0,0.0
52.416620000003114,-1.5049699999999036,110.0,52.055857282556225,3.0,45.0,12,98100,2026-09-25 10:30:00.000,0.0014881991400835786,0.3997439005748854,9.822295953238273,0.0,0.0,9.81,0.005,0.0,0.0,20.0,-15.0,40.0,45.0,0.0,0.0
52.41663000000312,-1.5049549999999035,110.0,51.934991385881865,3.0,45.0,12,98200,2026-09-25 10:30:00.000,-0.005425441837420932,-0.4367649508431456,9.647599417251477,0.0,0.0,9.81,0.005,0.0,0.0,20.0,-15.0,40.0,45.0,0.0,0.0
52.41664000000312,-1.5049399999999034,110.0,52.43329424882719,3.0,45.0,12,98300,2026-09-25 10:30:00.000,0.18968348446569328,0.20508738898309326,9.777458412638529,0.0,0.0,9.81,0.005,0.0,0.0,20.0,-15.0,40.0,45.0,0.0,0.0
52.41665000000312,-1.5049249999999033,110.0,52.59585951131536,3.0,45.0,12,98400,2026-09-25 10:30:00.000,-0.009054953703066198,0.3810931047088246,9.760319241395148,0.0,0.0,9.81,0.005,0.0,0.0,20.0,-15.0,40.0,45.0,0.0,0.0
52.41666000000313,-1.5049099999999032,110.0,52.43971659604604,3.0,45.0,12,98500,2026-09-25 10:30:00.000,-0.08080216664242597,0.011053181170262605,9.76149952580444,0.0,0.0,9.81,0.005,0.0,0.0,20.0,-15.0,40.0,45.0,0.0,0.0
52.41667000000313,-1.504894999999903,110.0,52.54577749313051,3.0,45.0,12,98600,2026-09-25 10:30:00.000,0.21998623480769589,0.0936770959858574,9.607302284179484,0.0,0.0,9.81,0.005,0.0,0.0,20.0,-15.0,40.0,45.0,0.0,0.0
52.41668000000313,-1.504879999999903,110.0,51.815994095837155,3.0,45.0,12,98700,2026-09-25 10:30:00.000,0.12224877879720997,0.1082250986076075,9.963226017520267,0.0,0.0,9.81,0.005,0.0,0.0,20.0,-15.0,40.0,45.0,0.0,0.0
52.416690000003136,-1.5048649999999029,110.0,52.462110017174,3.0,45.0,12,98800,2026-09-25 10:30:00.000,0.2562589937272067,0.3841044517267368,10.07433104005258,0.0,0.0,9.81,0.005,0.0,0.0,20.0,-15.0,40.0,45.0,0.0,0.0
52.41670000000314,-1.5048499999999028,110.0,51.75200247636484,3.0,45.0,12,98900,2026-09-25 10:30:00.000,0.5502107663277869,-0.21783833170939707,9.721059339877678,0.0,0.0,9.81,0.005,0.0,0.0,20.0,-15.0,40.0,45.0,0.0,0.0
52.41671000000314,-1.5048349999999027,110.0,52.5189881180313,3.0,45.0,12,99000,2026-09-25 10:30:00.000,-0.027098318521476414,0.3054007360588929,9.997236453382273,0.0,0.0,9.81,0.005,0.0,0.0,20.0,-15.0,40.0,45.0,0.0,0.0
52.416720000003146,-1.5048199999999026,110.0,51.67689940288016,3.0,45.0,12,99100,2026-09-25 10:30:00.000,-0.05206916059230249,0.040524656991943867,9.972414492674746,0.0,0.0,9.81,0.005,0.0,0.0,20.0,-15.0,40.0,45.0,0.0,0.0
52.41673000000315,-1.5048049999999025,110.0,52.854833863606316,3.0,45.0,12,99200,2026-09-25 10:30:00.000,-0.14814389190707491,0.3714584552884548,9.75539989506317,0.0,0.0,9.81,0.005,0.0,0.0,20.0,-15.0,40.0,45.0,0.0,0.0
52.41674000000315,-1.5047899999999024,110.0,52.17387441371708,3.0,45.0,12,99300,2026-09-25 10:30:00.000,-0.39410730190611987,-0.21194725704350828,10.068432373326843,0.0,0.0,9.81,0.005,0.0,0.0,20.0,-15.0,40.0,45.0,0.0,0.0
52.416750000003155,-1.5047749999999023,110.0,51.47497037950979,3.0,45.0,12,99400,2026-09-25 10:30:00.000,0.19626258907236582,0.29299415177907073,9.787644293498257,0.0,0.0,9.81,0.005,0.0,0.0,20.0,-15.0,40.0,45.0,0.0,0.0
52.41676000000316,-1.5047599999999022,110.0,51.79590434468249,3.0,45.0,12,99500,2026-09-25 10:30:00.000,0.15536960392715302,0.1748259056316257,9.887312691865162,0.0,0.0,9.81,0.005,0.0,0.0,20.0,-15.0,40.0,45.0,0.0,0.0
52.41677000000316,-1.504744999999902,110.0,52.082869128482606,3.0,45.0,12,99600,2026-09-25 10:30:00.000,-0.2319987206926308,0.03297640657555333,9.369313558393578,0.0,0.0,9.81,0.005,0.0,0.0,20.0,-15.0,40.0,45.0,0.0,0.0
52.416780000003165,-1.504729999999902,110.0,52.33143798741322,3.0,45.0,12,99700,2026-09-25 10:30:00.000,-0.1495634451680656,0.20046135047390257,10.171571100899364,0.0,0.0,9.81,0.005,0.0,0.0,20.0,-15.0,40.0,45.0,0.0,0.0
52.41679000000317,-1.5047149999999019,110.0,52.219989170901066,3.0,45.0,12,99800,2026-09-25 10:30:00.000,0.19594326005189255,0.2904405694494271,9.637694785934329,0.0,0.0,9.81,0.005,0.0,0.0,20.0,-15.0,40.0,45.0,0.0,0.0
52.41680000000317,-1.5046999999999018,110.0,51.614777117974036,3.0,45.0,12,99900,2026-09-25 10:30:00.000,0.14089964117422013,0.22307756510409457,9.788947905532345,0.0,0.0,9.81,0.005,0.0,0.0,20.0,-15.0,40.0,45.0,0.0,0.0
52.416810000003174,-1.5046849999999017,110.0,51.71218117712801,3.0,45.0,12,100000,2026-09-25 10:30:00.000,-0.0823357888583554,0.09569648344733414,9.650550941387685,0.0,0.0,9.81,0.005,0.0,0.0,20.0,-15.0,40.0,45.0,0.0,0.0
52.41682000000318,-1.5046699999999016,110.0,52.235035858667615,3.0,45.0,12,100100,2026-09-25 10:30:00.000,-0.19334950570922935,0.07982175600428755,9.930202900216543,0.0,0.0,9.81,0.005,0.0,0.0,20.0,-15.0,40.0,45.0,0.0,0.0
52.41683000000318,-1.5046549999999015,110.0,52.55754579128067,3.0,45.0,12,100200,2026-09-25 10:30:00.000,0.05753512506054248,0.0053871442363309235,10.11564834070381,0.0,0.0,9.81,0.005,0.0,0.0,20.0,-15.0,40.0,45.0,0.0,0.0
52.416840000003184,-1.5046399999999014,110.0,51.829102191988966,3.0,45.0,12,100300,2026-09-25 10:30:00.000,0.1621933252441067,0.08060983064554565,10.056094020288583,0.0,0.0,9.81,0.005,0.0,0.0,20.0,-15.0,40.0,45.0,0.0,0.0
52.41685000000319,-1.5046249999999013,110.0,51.44989156864526,3.0,45.0,12,100400,2026-09-25 10:30:00.000,0.41402227788526247,0.5510132188858409,9.813219014319568,0.0,0.0,9.81,0.005,0.0,0.0,20.0,-15.0,40.0,45.0,0.0,0.0
52.41686000000319,-1.5046099999999012,110.0,52.23965478985097,3.0,45.0,12,100500,2026-09-25 10:30:00.000,0.073561463976391,0.13589145549097442,9.87300631197204,0.0,0.0,9.81,0.005,0.0,0.0,20.0,-15.0,40.0,45.0,0.0,0.0
52.41687000000319,-1.504594999999901,110.0,52.41586105935908,3.0,45.0,12,100600,2026-09-25 10:30:00.000,-0.23525672396805974,0.06874005036878927,9.918247559149275,0.0,0.0,9.81,0.005,0.0,0.0,20.0,-15.0,40.0,45.0,0.0,0.0
52.4168800000032,-1.504579999999901,110.0,52.30344944631007,3.0,45.0,12,100700,2026-09-25 10:30:00.000,0.11168310294154299,-0.06130053864940227,9.926076342543215,0.0,0.0,9.81,0.005,0.0,0.0,20.0,-15.0,40.0,45.0,0.0,0.0
52.4168900000032,-1.504564999999901,110.0,52.05962314349513,3.0,45.0,12,100800,2026-09-25 10:30:00.000,-0.28014515634956616,-0.06669037009450782,9.755325291495051,0.0,0.0,9.81,0.005,0.0,0.0,20.0,-15.0,40.0,45.0,0.0,0.0
52.4169000000032,-1.5045499999999008,110.0,52.32087854208382,3.0,45.0,12,100900,2026-09-25 10:30:00.000,0.18103135807595158,0.5247370463734472,9.912563755555915,0.0,0.0,9.81,0.005,0.0,0.0,20.0,-15.0,40.0,45.0,0.0,0.0
52.416910000003206,-1.5045349999999007,110.0,51.838410841862206,3.0,45.0,12,101000,2026-09-25 10:30:00.000,0.006159430833442707,-0.1402223037079088,9.557477893344284,0.0,0.0,9.81,0.005,0.0,0.0,20.0,-15.0,40.0,45.0,0.0,0.0
52.41692000000321,-1.5045199999999006,110.0,52.547114480240815,3.0,45.0,12,101100,2026-09-25 10:30:00.000,0.08292577074393997,0.204761077909472,9.682892043741207,0.0,0.0,9.81,0.005,0.0,0.0,20.0,-15.0,40.0,45.0,0.0,0.0
52.41693000000321,-1.5045049999999005,110.0,53.015839211404526,3.0,45.0,12,101200,2026-09-25 10:30:00.000,0.152723569593292,0.011433885208260067,9.978667280940863,0.0,0.0,9.81,0.005,0.0,0.0,20.0,-15.0,40.0,45.0,0.0,0.0
52.416940000003216,-1.5044899999999004,110.0,51.835255350633,3.0,45.0,12,101300,2026-09-25 10:30:00.000,0.008104172443462067,-0.22888038698539834,9.73471153865069,0.0,0.0,9.81,0.005,0.0,0.0,20.0,-15.0,40.0,45.0,0.0,0.0
52.41695000000322,-1.5044749999999003,110.0,52.31583092186196,3.0,45.0,12,101400,2026-09-25 10:30:00.000,-0.12751596026297174,0.0038565019032002767,9.981041069096927,0.0,0.0,9.81,0.005,0.0,0.0,20.0,-15.0,40.0,45.0,0.0,0.0
52.41696000000322,-1.5044599999999002,110.0,52.69197830389331,3.0,45.0,12,101500,2026-09-25 10:30:00.000,-0.33224717473046517,0.7240721691758905,9.932437698164929,0.0,0.0,9.81,0.005,0.0,0.0,20.0,-15.0,40.0,45.0,0.0,0.0
52.416970000003225,-1.5044449999999001,110.0,52.27474853497743,3.0,45.0,12,101600,2026-09-25 10:30:00.000,0.37357685365841165,0.10205519071869147,9.325921845323883,0.0,0.0,9.81,0.005,0.0,0.0,20.0,-15.0,40.0,45.0,0.0,0.0
52.41698000000323,-1.5044299999999,110.0,52.763774593618024,3.0,45.0,12,101700,2026-09-25 10:30:00.000,0.02063613115846827,-0.5825874704718866,9.606076479102967,0.0,0.0,9.81,0.005,0.0,0.0,20.0,-15.0,40.0,45.0,0.0,0.0
52.41699000000323,-1.5044149999999,110.0,52.361194712148624,3.0,45.0,12,101800,2026-09-25 10:30:00.000,0.1658009180896372,0.21495377282562486,10.029156374593368,0.0,0.0,9.81,0.005,0.0,0.0,20.0,-15.0,40.0,45.0,0.0,0.0
52.417000000003235,-1.5043999999998998,110.0,53.03888094663842,3.0,45.0,12,101900,2026-09-25 10:30:00.000,-0.09403240410230648,0.3122271346306541,9.722516210106415,0.0,0.0,9.81,0.005,0.0,0.0,20.0,-15.0,40.0,45.0,0.0,0.0
52.41701000000324,-1.5043849999998997,110.0,52.587271907651484,3.0,45.0,12,102000,2026-09-25 10:30:00.000,-0.08467530668184205,0.31817592956447094,9.603286080074703,0.0,0.0,9.81,0.005,0.0,0.0,20.0,-15.0,40.0,45.0,0.0,0.0
52.41702000000324,-1.5043699999998996,110.0,53.29001570000055,3.0,45.0,12,102100,2026-09-25 10:30:00.000,0.065236169447337,0.07021246979461868,9.580385257403725,0.0,0.0,9.81,0.005,0.0,0.0,20.0,-15.0,40.0,45.0,0.0,0.0
52.417030000003244,-1.5043549999998995,110.0,52.526746038936594,3.0,45.0,12,102200,2026-09-25 10:30:00.000,-0.002848582840915827,0.1942791472545614,9.719050270981114,0.0,0.0,9.81,0.005,0.0,0.0,20.0,-15.0,40.0,45.0,0.0,0.0
52.41704000000325,-1.5043399999998994,110.0,53.23185741209984,3.0,45.0,12,102300,2026-09-25 10:30:00.000,0.2238310695741856,-0.06413650296049289,10.10843760029756,0.0,0.0,9.81,0.005,0.0,0.0,20.0,-15.0,40.0,45.0,0.0,0.0
52.41705000000325,-1.5043249999998993,110.0,53.046577487114995,3.0,45.0,12,102400,2026-09-25 10:30:00.000,-0.11359273255850287,0.13101470175674884,9.723711323185327,0.0,0.0,9.81,0.005,0.0,0.0,20.0,-15.0,40.0,45.0,0.0,0.0
52.417060000003254,-1.5043099999998992,110.0,51.94136268733423,3.0,45.0,12,102500,2026-09-25 10:30:00.000,0.2997589179378125,-0.060960302792071736,10.051409146616948,0.0,0.0,9.81,0.005,0.0,0.0,20.0,-15.0,40.0,45.0,0.0,0.0
52.41707000000326,-1.5042949999998991,110.0,51.84023999282138,3.0,45.0,12,102600,2026-09-25 10:30:00.000,0.09456942029281329,0.5181660141557798,9.867467259604702,0.0,0.0,9.81,0.005,0.0,0.0,20.0,-15.0,40.0,45.0,0.0,0.0
52.41708000000326,-1.504279999999899,110.0,52.653914256344265,3.0,45.0,12,102700,2026-09-25 10:30:00.000,-0.10893764597460553,-0.0554138364121769,10.18877517949925,0.0,0.0,9.81,0.005,0.0,0.0,20.0,-15.0,40.0,45.0,0.0,0.0
52.41709000000326,-1.504264999999899,110.0,52.71358442644797,3.0,45.0,12,102800,2026-09-25 10:30:00.000,0.11717211308020091,0.45004199353490204,9.889448491350247,0.0,0.0,9.81,0.005,0.0,0.0,20.0,-15.0,40.0,45.0,0.0,0.0
52.417100000003266,-1.5042499999998988,110.0,53.05586187091392,3.0,45.0,12,102900,2026-09-25 10:30:00.000,0.06196495119405278,0.11822816582698506,9.805926087478989,0.0,0.0,9.81,0.005,0.0,0.0,20.0,-15.0,40.0,45.0,0.0,0.0
52.41711000000327,-1.5042349999998987,110.0,52.569200546466966,3.0,45.0,12,103000,2026-09-25 10:30:00.000,0.2473542002494385,-0.3345678022433459,10.021373033669466,0.0,0.0,9.81,0.005,0.0,0.0,20.0,-15.0,40.0,45.0,0.0,0.0
52.41712000000327,-1.5042199999998986,110.0,52.613723682948745,3.0,45.0,12,103100,2026-09-25 10:30:00.000,-0.42662602976190755,-0.1296881693493931,9.67391628560856,0.0,0.0,9.81,0.005,0.0,0.0,20.0,-15.0,40.0,45.0,0.0,0.0
52.417130000003276,-1.5042049999998985,110.0,52.370926546001556,3.0,45.0,12,103200,2026-09-25 10:30:00.000,0.4698417456715577,-0.1553961784111961,9.802009743000422,0.0,0.0,9.81,0.005,0.0,0.0,20.0,-15.0,40.0,45.0,0.0,0.0
52.41714000000328,-1.5041899999998984,110.0,52.58085897718796,3.0,45.0,12,103300,2026-09-25 10:30:00.000,-0.3685311319292004,-0.3882954959184869,9.877303037011263,0.0,0.0,9.81,0.005,0.0,0.0,20.0,-15.0,40.0,45.0,0.0,0.0
52.41715000000328,-1.5041749999998983,110.0,52.871322832926204,3.0,45.0,12,103400,2026-09-25 10:30:00.000,0.02394735637762568,-0.2596040716424656,9.903964019958133,0.0,0.0,9.81,0.005,0.0,0.0,20.0,-15.0,40.0,45.0,0.0,0.0
52.417160000003285,-1.5041599999998982,110.0,52.724968424748525,3.0,45.0,12,103500,2026-09-25 10:30:00.000,0.08372985857490886,0.09085246299124447,10.16954449130889,0.0,0.0,9.81,0.005,0.0,0.0,20.0,-15.0,40.0,45.0,0.0,0.0
52.41717000000329,-1.5041449999998981,110.0,51.98929035369987,3.0,45.0,12,103600,2026-09-25 10:30:00.000,-0.11419111237424147,-0.08546547744279587,9.90486234024642,0.0,0.0,9.81,0.005,0.0,0.0,20.0,-15.0,40.0,45.0,0.0,0.0
52.41718000000329,-1.504129999999898,110.0,51.54400455387146,3.0,45.0,12,103700,2026-09-25 10:30:00.000,0.11966006393222571,0.1654014839357903,9.693788869165019,0.0,0.0,9.81,0.005,0.0,0.0,20.0,-15.0,40.0,45.0,0.0,0.0
52.417190000003295,-1.504114999999898,110.0,51.88344230166334,3.0,45.0,12,103800,2026-09-25 10:30:00.000,-0.11546904178166138,0.7120552200458437,9.730588768820873,0.0,0.0,9.81,0.005,0.0,0.0,20.0,-15.0,40.0,45.0,0.0,0.0
52.4172000000033,-1.5040999999998979,110.0,51.47378539149457,3.0,45.0,12,103900,2026-09-25 10:30:00.000,0.3463578805478813,-0.07695154258135417,10.023298522552336,0.0,0.0,9.81,0.005,0.0,0.0,20.0,-15.0,40.0,45.0,0.0,0.0
52.4172100000033,-1.5040849999998978,110.0,52.41007083636185,3.0,45.0,12,104000,2026-09-25 10:30:00.000,0.34031810349874425,0.41979193864743736,10.042372815721617,0.0,0.0,9.81,0.005,0.0,0.0,20.0,-15.0,40.0,45.0,0.0,0.0
52.417220000003304,-1.5040699999998977,110.0,52.920281193403525,3.0,45.0,12,104100,2026-09-25 10:30:00.000,0.05060568557221412,0.3160613245601449,9.577357302475326,0.0,0.0,9.81,0.005,0.0,0.0,20.0,-15.0,40.0,45.0,0.0,0.0
52.41723000000331,-1.5040549999998976,110.0,52.74859030073955,3.0,45.0,12,104200,2026-09-25 10:30:00.000,-0.07151168222435866,0.18555931577073792,9.7804692550247,0.0,0.0,9.81,0.005,0.0,0.0,20.0,-15.0,40.0,45.0,0.0,0.0
52.41724000000331,-1.5040399999998975,110.0,52.44801206782632,3.0,45.0,12,104300,2026-09-25 10:30:00.000,-0.07015893655334764,0.3483058921422637,9.726276558793757,0.0,0.0,9.81,0.005,0.0,0.0,20.0,-15.0,40.0,45.0,0.0,0.0
52.417250000003314,-1.5040249999998974,110.0,51.45434231675598,3.0,45.0,12,104400,2026-09-25 10:30:00.000,0.38303220487029876,0.6945972709619304,10.068816564247209,0.0,0.0,9.81,0.005,0.0,0.0,20.0,-15.0,40.0,45.0,0.0,0.0
52.41726000000332,-1.5040099999998973,110.0,52.83681591549408,3.0,45.0,12,104500,2026-09-25 10:30:00.000,-0.18507022652158012,0.06355648014990178,10.072500477229203,0.0,0.0,9.81,0.005,0.0,0.0,20.0,-15.0,40.0,45.0,0.0,0.0
52.41727000000332,-1.5039949999998972,110.0,51.78127228553455,3.0,45.0,12,104600,2026-09-25 10:30:00.000,-0.19627922958638092,0.6297383492406022,9.665061811890926,0.0,0.0,9.81,0.005,0.0,0.0,20.0,-15.0,40.0,45.0,0.0,0.0
52.41728000000332,-1.503979999999897,110.0,53.168568941117755,3.0,45.0,12,104700,2026-09-25 10:30:00.000,0.2502663994291848,-0.10446596481455211,9.980968921760509,0.0,0.0,9.81,0.005,0.0,0.0,20.0,-15.0,40.0,45.0,0.0,0.0
52.41729000000333,-1.503964999999897,110.0,51.82233213882135,3.0,45.0,12,104800,2026-09-25 10:30:00.000,-0.02281723569375342,0.14039729484413088,9.63953461675598,0.0,0.0,9.81,0.005,0.0,0.0,20.0,-15.0,40.0,45.0,0.0,0.0
52.41730000000333,-1.5039499999998969,110.0,52.030401275114905,3.0,45.0,12,104900,2026-09-25 10:30:00.000,-0.010265028197481676,0.15165060318648038,9.717846640323597,0.0,0.0,9.81,0.005,0.0,0.0,20.0,-15.0,40.0,45.0,0.0,0.0
52.41731000000333,-1.5039349999998968,110.0,52.29178804860458,3.0,45.0,12,105000,2026-09-25 10:30:00.000,-0.04147542969452421,0.162793161153719,10.010769798062249,0.0,0.0,9.81,0.005,0.0,0.0,20.0,-15.0,40.0,45.0,0.0,0.0
52.417320000003336,-1.5039199999998967,110.0,53.23170284552167,3.0,45.0,12,105100,2026-09-25 10:30:00.000,-0.5299772420369647,-0.13701173288480095,9.456026836064147,0.0,0.0,9.81,0.005,0.0,0.0,20.0,-15.0,40.0,45.0,0.0,0.0
52.41733000000334,-1.5039049999998966,110.0,51.428279529526385,3.0,45.0,12,105200,2026-09-25 10:30:00.000,-0.19313344328419702,0.406320532943826,9.772802219027074,0.0,0.0,9.81,0.005,0.0,0.0,20.0,-15.0,40.0,45.0,0.0,0.0
52.41734000000334,-1.5038899999998965,110.0,52.11587205175419,3.0,45.0,12,105300,2026-09-25 10:30:00.000,-0.07364317103472441,-0.4324575597968324,9.770507310190457,0.0,0.0,9.81,0.005,0.0,0.0,20.0,-15.0,40.0,45.0,0.0,0.0
52.417350000003346,-1.5038749999998964,110.0,52.12765988885227,3.0,45.0,12,105400,2026-09-25 10:30:00.000,-0.0658806020711556,0.4001701996578564,9.954198556267773,0.0,0.0,9.81,0.005,0.0,0.0,20.0,-15.0,40.0,45.0,0.0,0.0
52.41736000000335,-1.5038599999998963,110.0,51.741134489602665,3.0,45.0,12,105500,2026-09-25 10:30:00.000,-0.21687901400014817,0.0641743894252854,9.834519871578035,0.0,0.0,9.81,0.005,0.0,0.0,20.0,-15.0,40.0,45.0,0.0,0.0
52.41737000000335,-1.5038449999998962,110.0,51.17625438699547,3.0,45.0,12,105600,2026-09-25 10:30:00.000,-0.19388666246643035,-0.715710296321698,9.984422763519976,0.0,0.0,9.81,0.005,0.0,0.0,20.0,-15.0,40.0,45.0,0.0,0.0
52.417380000003355,-1.503829999999896,110.0,51.57957812174568,3.0,45.0,12,105700,2026-09-25 10:30:00.000,-0.10073963882430984,-0.050997459872875406,9.733190251870974,0.0,0.0,9.81,0.005,0.0,0.0,20.0,-15.0,40.0,45.0,0.0,0.0
52.41739000000336,-1.503814999999896,110.0,52.013621859891785,3.0,45.0,12,105800,2026-09-25 10:30:00.000,0.11198780427262318,0.5009072340399094,9.623180696407612,0.0,0.0,9.81,0.005,0.0,0.0,20.0,-15.0,40.0,45.0,0.0,0.0
52.41740000000336,-1.5037999999998959,110.0,51.57559921447375,3.0,45.0,12,105900,2026-09-25 10:30:00.000,0.28765311484110745,0.30887229645773473,9.769403148113822,0.0,0.0,9.81,0.005,0.0,0.0,20.0,-15.0,40.0,45.0,0.0,0.0
52.417410000003365,-1.5037849999998958,110.0,52.06005039616648,3.0,45.0,12,106000,2026-09-25 10:30:00.000,-0.1280895708464395,-0.0784686688989863,9.747842647475736,0.0,0.0,9.81,0.005,0.0,0.0,20.0,-15.0,40.0,45.0,0.0,0.0
52.41742000000337,-1.5037699999998957,110.0,52.33294656062171,3.0,45.0,12,106100,2026-09-25 10:30:00.000,-0.009076507010301207,-0.15710305011742812,9.570619172754546,0.0,0.0,9.81,0.005,0.0,0.0,20.0,-15.0,40.0,45.0,0.0,0.0
52.41743000000337,-1.5037549999998956,110.0,51.82429890662368,3.0,45.0,12,106200,2026-09-25 10:30:00.000,0.23044373417622027,-0.10609277172237089,9.864222637400843,0.0,0.0,9.81,0.005,0.0,0.0,20.0,-15.0,40.0,45.0,0.0,0.0
52.417440000003374,-1.5037399999998955,110.0,53.216720580838675,3.0,45.0,12,106300,2026-09-25 10:30:00.000,-0.039658765906959166,0.1196382033042245,9.733206578634476,0.0,0.0,9.81,0.005,0.0,0.0,20.0,-15.0,40.0,45.0,0.0,0.0
52.41745000000338,-1.5037249999998954,110.0,52.31952320514564,3.0,45.0,12,106400,2026-09-25 10:30:00.000,0.16629302535461898,0.6199465139748778,9.95875679066234,0.0,0.0,9.81,0.005,0.0,0.0,20.0,-15.0,40.0,45.0,0.0,0.0
52.41746000000338,-1.5037099999998953,110.0,52.40342479547716,3.0,45.0,12,106500,2026-09-25 10:30:00.000,-0.164458927001862,-0.10931588471967305,9.959343639825914,0.0,0.0,9.81,0.005,0.0,0.0,20.0,-15.0,40.0,45.0,0.0,0.0
52.417470000003384,-1.5036949999998952,110.0,51.57788476207567,3.0,45.0,12,106600,2026-09-25 10:30:00.000,0.17448239048827963,0.3131167607685907,9.729269424730576,0.0,0.0,9.81,0.005,0.0,0.0,20.0,-15.0,40.0,45.0,0.0,0.0
52.41748000000339,-1.503679999999895,110.0,52.07362893547423,3.0,45.0,12,106700,2026-09-25 10:30:00.000,0.14451931525451042,0.5990149239124346,9.975493713959525,0.0,0.0,9.81,0.005,0.0,0.0,20.0,-15.0,40.0,45.0,0.0,0.0
52.41749000000339,-1.503664999999895,110.0,51.76721737339801,3.0,45.0,12,106800,2026-09-25 10:30:00.000,0.3215350426325917,0.1366240362478044,10.100946507217746,0.0,0.0,9.81,0.005,0.0,0.0,20.0,-15.0,40.0,45.0,0.0,0.0
52.41750000000339,-1.503649999999895,110.0,53.300151459789454,3.0,45.0,12,106900,2026-09-25 10:30:00.000,0.354505935907154,-0.11627284916345335,9.947495834244798,0.0,0.0,9.81,0.005,0.0,0.0,20.0,-15.0,40.0,45.0,0.0,0.0
52.417510000003396,-1.5036349999998948,110.0,51.29453383410222,3.0,45.0,12,107000,2026-09-25 10:30:00.000,0.08254648246335251,-0.054163708669113436,9.645620211938574,0.0,0.0,9.81,0.005,0.0,0.0,20.0,-15.0,40.0,45.0,0.0,0.0
52.4175200000034,-1.5036199999998947,110.0,51.695456911866536,3.0,45.0,12,107100,2026-09-25 10:30:00.000,-0.010707074241364505,-0.10739113783003407,9.80268681689395,0.0,0.0,9.81,0.005,0.0,0.0,20.0,-15.0,40.0,45.0,0.0,0.0
52.4175300000034,-1.5036049999998946,110.0,52.118655685131166,3.0,45.0,12,107200,2026-09-25 10:30:00.000,0.11436558256303911,-0.5044705824622864,10.108956176319104,0.0,0.0,9.81,0.005,0.0,0.0,20.0,-15.0,40.0,45.0,0.0,0.0
52.417540000003406,-1.5035899999998945,110.0,52.01108814641652,3.0,45.0,12,107300,2026-09-25 10:30:00.000,0.21986164760997473,0.2719844835766429,10.049875633359944,0.0,0.0,9.81,0.005,0.0,0.0,20.0,-15.0,40.0,45.0,0.0,0.0
52.41755000000341,-1.5035749999998944,110.0,51.33769904357381,3.0,45.0,12,107400,2026-09-25 10:30:00.000,0.0491822599570781,0.3574546274678344,9.853849173797066,0.0,0.0,9.81,0.005,0.0,0.0,20.0,-15.0,40.0,45.0,0.0,0.0
52.41756000000341,-1.5035599999998943,110.0,52.179796693426844,3.0,45.0,12,107500,2026-09-25 10:30:00.000,0.3724350092255089,-0.5333620708407381,9.219648953849331,0.0,0.0,9.81,0.005,0.0,0.0,20.0,-15.0,40.0,45.0,0.0,0.0
52.417570000003415,-1.5035449999998942,110.0,52.52623471036858,3.0,45.0,12,107600,2026-09-25 10:30:00.000,-0.04550035102772232,-0.00574157033965686,9.651361172170782,0.0,0.0,9.81,0.005,0.0,0.0,20.0,-15.0,40.0,45.0,0.0,0.0
52.41758000000342,-1.5035299999998941,110.0,52.695951349752896,3.0,45.0,12,107700,2026-09-25 10:30:00.000,-0.14186137875673394,0.3491455889996619,9.934009757818254,0.0,0.0,9.81,0.005,0.0,0.0,20.0,-15.0,40.0,45.0,0.0,0.0
52.41759000000342,-1.503514999999894,110.0,51.601988653813784,3.0,45.0,12,107800,2026-09-25 10:30:00.000,0.16861359142262536,0.06039075299278581,9.671566476237224,0.0,0.0,9.81,0.005,0.0,0.0,20.0,-15.0,40.0,45.0,0.0,0.0
52.417600000003425,-1.503499999999894,110.0,52.865149658865356,3.0,45.0,12,107900,2026-09-25 10:30:00.000,-0.2881461383843175,0.23029288221998842,10.059188531512211,0.0,0.0,9.81,0.005,0.0,0.0,20.0,-15.0,40.0,45.0,0.0,0.0
52.41761000000343,-1.5034849999998938,110.0,52.650938259742226,3.0,45.0,12,108000,2026-09-25 10:30:00.000,-0.1828065055717478,-0.17404850717429368,9.64124672689989,0.0,0.0,9.81,0.005,0.0,0.0,20.0,-15.0,40.0,45.0,0.0,0.0
52.41762000000343,-1.5034699999998937,110.0,53.0527759442614,3.0,45.0,12,108100,2026-09-25 10:30:00.000,-0.20185022892996993,0.8378496283506539,9.722828257267825,0.0,0.0,9.81,0.005,0.0,0.0,20.0,-15.0,40.0,45.0,0.0,0.0
52.417630000003435,-1.5034549999998936,110.0,51.140291730153386,3.0,45.0,12,108200,2026-09-25 10:30:00.000,0.3311330259510758,-0.055451451534496154,10.112071082930626,0.0,0.0,9.81,0.005,0.0,0.0,20.0,-15.0,40.0,45.0,0.0,0.0
52.41764000000344,-1.5034399999998935,110.0,52.32448562210296,3.0,45.0,12,108300,2026-09-25 10:30:00.000,0.05129644319553546,0.34591167660151034,9.72394271656368,0.0,0.0,9.81,0.005,0.0,0.0,20.0,-15.0,40.0,45.0,0.0,0.0
52.41765000000344,-1.5034249999998934,110.0,52.28446239110361,3.0,45.0,12,108400,2026-09-25 10:30:00.000,0.059892805076666604,0.9598472278932841,9.610457036900687,0.0,0.0,9.81,0.005,0.0,0.0,20.0,-15.0,40.0,45.0,0.0,0.0
52.417660000003444,-1.5034099999998933,110.0,52.85957971319208,3.0,45.0,12,108500,2026-09-25 10:30:00.000,0.04954261451278947,-0.5012657451496115,9.608713118143482,0.0,0.0,9.81,0.005,0.0,0.0,20.0,-15.0,40.0,45.0,0.0,0.0
52.41767000000345,-1.5033949999998932,110.0,51.176954941920336,3.0,45.0,12,108600,2026-09-25 10:30:00.000,0.08564834996475038,0.5293842022501571,9.508536647604721,0.0,0.0,9.81,0.005,0.0,0.0,20.0,-15.0,40.0,45.0,0.0,0.0
52.41768000000345,-1.5033799999998931,110.0,51.1732788945943,3.0,45.0,12,108700,2026-09-25 10:30:00.000,0.030309053374546365,0.22782048328511073,9.627729276208756,0.0,0.0,9.81,0.005,0.0,0.0,20.0,-15.0,40.0,45.0,0.0,0.0
52.417690000003454,-1.503364999999893,110.0,52.66257130115593,3.0,45.0,12,108800,2026-09-25 10:30:00.000,-0.007689605263077666,-0.20370348025145626,9.994623767135666,0.0,0.0,9.81,0.005,0.0,0.0,20.0,-15.0,40.0,45.0,0.0,0.0
52.41770000000346,-1.503349999999893,110.0,52.78790979579509,3.0,45.0,12,108900,2026-09-25 10:30:00.000,0.3450993013626525,0.34969185039767525,10.139507898845087,0.0,0.0,9.81,0.005,0.0,0.0,20.0,-15.0,40.0,45.0,0.0,0.0
52.41771000000346,-1.5033349999998928,110.0,51.792044001863474,3.0,45.0,12,109000,2026-09-25 10:30:00.000,-0.28056853123759806,0.05227526227411715,10.00561768197064,0.0,0.0,9.81,0.005,0.0,0.0,20.0,-15.0,40.0,45.0,0.0,0.0
52.41772000000346,-1.5033199999998927,110.0,53.25754520476047,3.0,45.0,12,109100,2026-09-25 10:30:00.000,-0.3960525007260429,0.7599831884266963,9.71660044273362,0.0,0.0,9.81,0.005,0.0,0.0,20.0,-15.0,40.0,45.0,0.0,0.0
52.417730000003466,-1.5033049999998926,110.0,52.65842936491792,3.0,45.0,12,109200,2026-09-25 10:30:00.000,0.18893577122710617,0.28017424571742255,9.77272690883547,0.0,0.0,9.81,0.005,0.0,0.0,20.0,-15.0,40.0,45.0,0.0,0.0
52.41774000000347,-1.5032899999998925,110.0,53.015946247611815,3.0,45.0,12,109300,2026-09-25 10:30:00.000,-0.39381339875884236,0.11794238516361256,10.220832049474614,0.0,0.0,9.81,0.005,0.0,0.0,20.0,-15.0,40.0,45.0,0.0,0.0
52.41775000000347,-1.5032749999998924,110.0,52.10949213443661,3.0,45.0,12,109400,2026-09-25 10:30:00.000,0.03384468436587651,0.23282220596500638,9.76832384760249,0.0,0.0,9.81,0.005,0.0,0.0,20.0,-15.0,40.0,45.0,0.0,0.0
52.417760000003476,-1.5032599999998923,110.0,52.93222779893604,3.0,45.0,12,109500,2026-09-25 10:30:00.000,0.015108709297673988,0.24898990982283992,9.918257031124323,0.0,0.0,9.81,0.005,0.0,0.0,20.0,-15.0,40.0,45.0,0.0,0.0
52.41777000000348,-1.5032449999998923,110.0,52.59571524617823,3.0,45.0,12,109600,2026-09-25 10:30:00.000,0.2100954970437463,0.021865765368324436,9.857660540053738,0.0,0.0,9.81,0.005,0.0,0.0,20.0,-15.0,40.0,45.0,0.0,0.0
52.41778000000348,-1.5032299999998922,110.0,52.54949838251636,3.0,45.0,12,109700,2026-09-25 10:30:00.000,-0.1977042272076336,0.3527184165158398,9.912753248136722,0.0,0.0,9.81,0.005,0.0,0.0,20.0,-15.0,40.0,45.0,0.0,0.0
52.417790000003485,-1.503214999999892,110.0,52.11062771974407,3.0,45.0,12,109800,2026-09-25 10:30:00.000,-0.49969742604003264,0.17980114807774128,9.883058584734709,0.0,0.0,9.81,0.005,0.0,0.0,20.0,-15.0,40.0,45.0,0.0,0.0
52.41780000000349,-1.503199999999892,110.0,52.58715525477276,3.0,45.0,12,109900,2026-09-25 10:30:00.000,0.04629155422160293,-0.18857376809021667,9.848220802117885,0.0,0.0,9.81,0.005,0.0,0.0,20.0,-15.0,40.0,45.0,0.0,0.0
52.41781000000349,-1.5031849999998919,110.0,51.967982402144735,3.0,45.0,12,110000,2026-09-25 10:30:00.000,-0.31444653004576817,0.31526406310436444,9.888156276327202,0.0,0.0,9.81,0.005,0.0,0.0,20.0,-15.0,40.0,45.0,0.0,0.0
52.417820000003495,-1.5031699999998918,110.0,51.67744215081746,3.0,45.0,12,110100,2026-09-25 10:30:00.000,0.0024880214973192092,0.08677909284005364,9.973163166676493,0.0,0.0,9.81,0.005,0.0,0.0,20.0,-15.0,40.0,45.0,0.0,0.0
52.4178300000035,-1.5031549999998917,110.0,52.11799654202334,3.0,45.0,12,110200,2026-09-25 10:30:00.000,-0.31666394417067456,0.21173452472390072,9.922446156839815,0.0,0.0,9.81,0.005,0.0,0.0,20.0,-15.0,40.0,45.0,0.0,0.0
52.4178400000035,-1.5031399999998916,110.0,52.121321252981,3.0,45.0,12,110300,2026-09-25 10:30:00.000,-0.3425788093128364,0.2333107280085787,9.929087059733487,0.0,0.0,9.81,0.005,0.0,0.0,20.0,-15.0,40.0,45.0,0.0,0.0
52.417850000003504,-1.5031249999998915,110.0,53.09907686257317,3.0,45.0,12,110400,2026-09-25 10:30:00.000,0.0657230617109983,0.44721907334839084,10.081202259823977,0.0,0.0,9.81,0.005,0.0,0.0,20.0,-15.0,40.0,45.0,0.0,0.0
52.41786000000351,-1.5031099999998914,110.0,51.23042959408987,3.0,45.0,12,110500,2026-09-25 10:30:00.000,0.05298060863435167,-0.19697925527436913,9.735706865119472,0.0,0.0,9.81,0.005,0.0,0.0,20.0,-15.0,40.0,45.0,0.0,0.0
52.41787000000351,-1.5030949999998913,110.0,51.99712870752255,3.0,45.0,12,110600,2026-09-25 10:30:00.000,-0.2773627254938793,0.24110121742388063,9.996954887745842,0.0,0.0,9.81,0.005,0.0,0.0,20.0,-15.0,40.0,45.0,0.0,0.0
52.417880000003514,-1.5030799999998912,110.0,52.44774321793104,3.0,45.0,12,110700,2026-09-25 10:30:00.000,0.1009399364546664,0.41017096042501155,9.60632430797107,0.0,0.0,9.81,0.005,0.0,0.0,20.0,-15.0,40.0,45.0,0.0,0.0
52.41789000000352,-1.503064999999891,110.0,52.83689930938878,3.0,45.0,12,110800,2026-09-25 10:30:00.000,-0.39657991917578456,-0.1335353211413697,9.673438578006852,0.0,0.0,9.81,0.005,0.0,0.0,20.0,-15.0,40.0,45.0,0.0,0.0
52.41790000000352,-1.503049999999891,110.0,52.43888070234036,3.0,45.0,12,110900,2026-09-25 10:30:00.000,-0.3402035415479701,0.04422187162963282,9.907857396202054,0.0,0.0,9.81,0.005,0.0,0.0,20.0,-15.0,40.0,45.0,0.0,0.0
52.41791000000352,-1.5030349999998909,110.0,52.813524675605734,3.0,45.0,12,111000,2026-09-25 10:30:00.000,0.07091845078269234,-0.3547592022589754,9.847208885668435,0.0,0.0,9.81,0.005,0.0,0.0,20.0,-15.0,40.0,45.0,0.0,0.0
52.41792000000353,-1.5030199999998908,110.0,52.009179714214305,3.0,45.0,12,111100,2026-09-25 10:30:00.000,0.1052833023435557,0.12926402381176444,9.744207377525251,0.0,0.0,9.81,0.005,0.0,0.0,20.0,-15.0,40.0,45.0,0.0,0.0
52.41793000000353,-1.5030049999998907,110.0,51.619892136542,3.0,45.0,12,111200,2026-09-25 10:30:00.000,-0.1331208090745639,-0.23664034316875862,9.849679775676885,0.0,0.0,9.81,0.005,0.0,0.0,20.0,-15.0,40.0,45.0,0.0,0.0
52.41794000000353,-1.5029899999998906,110.0,52.06907063123999,3.0,45.0,12,111300,2026-09-25 10:30:00.000,-0.07099935718181302,0.21712205291772654,9.619299237107398,0.0,0.0,9.81,0.005,0.0,0.0,20.0,-15.0,40.0,45.0,0.0,0.0
52.417950000003536,-1.5029749999998905,110.0,51.98636916335793,3.0,45.0,12,111400,2026-09-25 10:30:00.000,0.16741844927198865,-0.26090214176963755,9.77294060508169,0.0,0.0,9.81,0.005,0.0,0.0,20.0,-15.0,40.0,45.0,0.0,0.0
52.41796000000354,-1.5029599999998904,110.0,52.112859234829465,3.0,45.0,12,111500,2026-09-25 10:30:00.000,-0.35861162677193803,-0.5852845331753389,9.750923295787322,0.0,0.0,9.81,0.005,0.0,0.0,20.0,-15.0,40.0,45.0,0.0,0.0
52.41797000000354,-1.5029449999998903,110.0,51.91236416571015,3.0,45.0,12,111600,2026-09-25 10:30:00.000,0.11342088092657386,-0.29205463737697357,9.74843898607635,0.0,0.0,9.81,0.005,0.0,0.0,20.0,-15.0,40.0,45.0,0.0,0.0
52.417980000003546,-1.5029299999998902,110.0,51.763381237256745,3.0,45.0,12,111700,2026-09-25 10:30:00.000,0.093171452632551,0.34609513202974557,9.943831680882077,0.0,0.0,9.81,0.005,0.0,0.0,20.0,-15.0,40.0,45.0,0.0,0.0
52.41799000000355,-1.50291499999989,110.0,52.952857918288835,3.0,45.0,12,111800,2026-09-25 10:30:00.000,0.08871175694556901,0.9070208016295472,9.53171661777329,0.0,0.0,9.81,0.005,0.0,0.0,20.0,-15.0,40.0,45.0,0.0,0.0
52.41800000000355,-1.50289999999989,110.0,52.21153638558269,3.0,45.0,12,111900,2026-09-25 10:30:00.000,0.12670480514600096,0.3042185890651441,9.903334960497325,0.0,0.0,9.81,0.005,0.0,0.0,20.0,-15.0,40.0,45.0,0.0,0.0
52.418010000003555,-1.50288499999989,110.0,52.13813883925962,3.0,45.0,12,112000,2026-09-25 10:30:00.000,0.09137634047635608,-0.32914997001175594,9.835635105221977,0.0,0.0,9.81,0.005,0.0,0.0,20.0,-15.0,40.0,45.0,0.0,0.0
52.41802000000356,-1.5028699999998898,110.0,52.8604474072417,3.0,45.0,12,112100,2026-09-25 10:30:00.000,0.008423290617002664,-0.035097635171997016,9.964174074460564,0.0,0.0,9.81,0.005,0.0,0.0,20.0,-15.0,40.0,45.0,0.0,0.0
52.41803000000356,-1.5028549999998897,110.0,51.522767110589704,3.0,45.0,12,112200,2026-09-25 10:30:00.000,0.18129210415706135,0.428678706849974,10.182807744204222,0.0,0.0,9.81,0.005,0.0,0.0,20.0,-15.0,40.0,45.0,0.0,0.0
52.418040000003565,-1.5028399999998896,110.0,51.36876751366854,3.0,45.0,12,112300,2026-09-25 10:30:00.000,-0.02719965100539759,-0.08265950395222788,9.760560381888029,0.0,0.0,9.81,0.005,0.0,0.0,20.0,-15.0,40.0,45.0,0.0,0.0
52.41805000000357,-1.5028249999998895,110.0,51.80638340679066,3.0,45.0,12,112400,2026-09-25 10:30:00.000,-0.19105027007614356,0.03621318114113224,9.388663960308001,0.0,0.0,9.81,0.005,0.0,0.0,20.0,-15.0,40.0,45.0,0.0,0.0
52.41806000000357,-1.5028099999998894,110.0,52.56839570248805,3.0,45.0,12,112500,2026-09-25 10:30:00.000,-0.12394229125688616,-0.018680455139380936,9.649403325896843,0.0,0.0,9.81,0.005,0.0,0.0,20.0,-15.0,40.0,45.0,0.0,0.0
52.418070000003574,-1.5027949999998893,110.0,52.01215455453214,3.0,45.0,12,112600,2026-09-25 10:30:00.000,-0.531110245949659,0.3510954944523904,9.781863456888747,0.0,0.0,9.81,0.005,0.0,0.0,20.0,-15.0,40.0,45.0,0.0,0.0
52.41808000000358,-1.5027799999998892,110.0,52.06031164593396,3.0,45.0,12,112700,2026-09-25 10:30:00.000,0.2680048841270268,0.06340305544261925,9.732306019944303,0.0,0.0,9.81,0.005,0.0,0.0,20.0,-15.0,40.0,45.0,0.0,0.0
52.41809000000358,-1.502764999999889,110.0,52.79402988215734,3.0,45.0,12,112800,2026-09-25 10:30:00.000,0.18371293133731015,0.1338860130299478,9.856602006720907,0.0,0.0,9.81,0.005,0.0,0.0,20.0,-15.0,40.0,45.0,0.0,0.0
52.418100000003584,-1.502749999999889,110.0,53.063297819979624,3.0,45.0,12,112900,2026-09-25 10:30:00.000,-0.10523671857797284,0.14304293953812494,9.67757219117195,0.0,0.0,9.81,0.005,0.0,0.0,20.0,-15.0,40.0,45.0,0.0,0.0
52.41811000000359,-1.502734999999889,110.0,51.905847252373,3.0,45.0,12,113000,2026-09-25 10:30:00.000,-0.2557697087011952,0.14012448247302123,9.607307802464927,0.0,0.0,9.81,0.005,0.0,0.0,20.0,-15.0,40.0,45.0,0.0,0.0
52.41812000000359,-1.5027199999998888,110.0,52.19317413090765,3.0,45.0,12,113100,2026-09-25 10:30:00.000,0.29483933502440024,0.5506372625986561,9.540429860266343,0.0,0.0,9.81,0.005,0.0,0.0,20.0,-15.0,40.0,45.0,0.0,0.0
52.41813000000359,-1.5027049999998887,110.0,50.88980919811241,3.0,45.0,12,113200,2026-09-25 10:30:00.000,0.5479567318387132,0.01081626826477361,9.445238475580245,0.0,0.0,9.81,0.005,0.0,0.0,20.0,-15.0,40.0,45.0,0.0,0.0
52.418140000003596,-1.5026899999998886,110.0,53.04645581586679,3.0,45.0,12,113300,2026-09-25 10:30:00.000,-0.038977466467192405,-0.3160110624585707,9.42264842049474,0.0,0.0,9.81,0.005,0.0,0.0,20.0,-15.0,40.0,45.0,0.0,0.0
52.4181500000036,-1.5026749999998885,110.0,52.14963173540253,3.0,45.0,12,113400,2026-09-25 10:30:00.000,0.10697288475982523,-0.02404977662429418,9.714888731888793,0.0,0.0,9.81,0.005,0.0,0.0,20.0,-15.0,40.0,45.0,0.0,0.0
52.4181600000036,-1.5026599999998884,110.0,51.836561394101494,3.0,45.0,12,113500,2026-09-25 10:30:00.000,0.06478125824528501,0.5344420988050259,9.87211727021543,0.0,0.0,9.81,0.005,0.0,0.0,20.0,-15.0,40.0,45.0,0.0,0.0
52.418170000003606,-1.5026449999998883,110.0,52.65841439931866,3.0,45.0,12,113600,2026-09-25 10:30:00.000,-0.18638310265093827,-0.2153016550976262,9.572012553648136,0.0,0.0,9.81,0.005,0.0,0.0,20.0,-15.0,40.0,45.0,0.0,0.0
52.41818000000361,-1.5026299999998882,110.0,52.099097781694915,3.0,45.0,12,113700,2026-09-25 10:30:00.000,0.018904703934053992,0.1372626090045154,9.944424465929805,0.0,0.0,9.81,0.005,0.0,0.0,20.0,-15.0,40.0,45.0,0.0,0.0
52.41819000000361,-1.5026149999998881,110.0,52.662374419452355,3.0,45.0,12,113800,2026-09-25 10:30:00.000,-0.3455647810310484,-0.005666528075707514,10.15520043308887,0.0,0.0,9.81,0.005,0.0,0.0,20.0,-15.0,40.0,45.0,0.0,0.0
52.418200000003615,-1.502599999999888,110.0,53.222330971330756,3.0,45.0,12,113900,2026-09-25 10:30:00.000,0.17340122482867035,0.45754531188488345,9.91870588862913,0.0,0.0,9.81,0.005,0.0,0.0,20.0,-15.0,40.0,45.0,0.0,0.0
52.41821000000362,-1.502584999999888,110.0,52.39215150886601,3.0,45.0,12,114000,2026-09-25 10:30:00.000,-0.09131737413564303,0.3764189850464208,9.955256689741187,0.0,0.0,9.81,0.005,0.0,0.0,20.0,-15.0,40.0,45.0,0.0,0.0
52.41822000000362,-1.5025699999998878,110.0,51.6746641126777,3.0,45.0,12,114100,2026-09-25 10:30:00.000,-0.2713395365700856,0.6488051490526137,9.748580463977552,0.0,0.0,9.81,0.005,0.0,0.0,20.0,-15.0,40.0,45.0,0.0,0.0
52.418230000003625,-1.5025549999998877,110.0,52.32963272029874,3.0,45.0,12,114200,2026-09-25 10:30:00.000,0.5119339326418109,-0.16567939544141355,9.757656346494775,0.0,0.0,9.81,0.005,0.0,0.0,20.0,-15.0,40.0,45.0,0.0,0.0
52.41824000000363,-1.5025399999998876,110.0,51.90642247042424,3.0,45.0,12,114300,2026-09-25 10:30:00.000,-0.19386321705205628,0.2861854299211519,9.533266059834316,0.0,0.0,9.81,0.005,0.0,0.0,20.0,-15.0,40.0,45.0,0.0,0.0
52.41825000000363,-1.5025249999998875,110.0,52.2536465744551,3.0,45.0,12,114400,2026-09-25 10:30:00.000,0.17274632958972985,-0.06572698882778216,9.572241135965417,0.0,0.0,9.81,0.005,0.0,0.0,20.0,-15.0,40.0,45.0,0.0,0.0
52.418260000003635,-1.5025099999998874,110.0,52.150850717670025,3.0,45.0,12,114500,2026-09-25 10:30:00.000,-0.2034756729982548,0.4024076242633978,9.67046648163744,0.0,0.0,9.81,0.005,0.0,0.0,20.0,-15.0,40.0,45.0,0.0,0.0
52.41827000000364,-1.5024949999998873,110.0,52.289694488309514,3.0,45.0,12,114600,2026-09-25 10:30:00.000,-0.14344724165219797,-0.015555912355015286,10.022830535374903,0.0,0.0,9.81,0.005,0.0,0.0,20.0,-15.0,40.0,45.0,0.0,0.0
52.41828000000364,-1.5024799999998872,110.0,51.26978936328641,3.0,45.0,12,114700,2026-09-25 10:30:00.000,0.018634248824563198,0.10580785495270617,10.02698509873551,0.0,0.0,9.81,0.005,0.0,0.0,20.0,-15.0,40.0,45.0,0.0,0.0
52.418290000003644,-1.5024649999998871,110.0,52.09295779500373,3.0,45.0,12,114800,2026-09-25 10:30:00.000,0.35148765926925674,-0.42061527246304375,9.711343412013182,0.0,0.0,9.81,0.005,0.0,0.0,20.0,-15.0,40.0,45.0,0.0,0.0
52.41830000000365,-1.502449999999887,110.0,52.59623806209342,3.0,45.0,12,114900,2026-09-25 10:30:00.000,0.32688623400216743,0.31663717881846953,9.844794993879658,0.0,0.0,9.81,0.005,0.0,0.0,20.0,-15.0,40.0,45.0,0.0,0.0
52.41831000000365,-1.502434999999887,110.0,51.994016791115335,3.0,45.0,12,115000,2026-09-25 10:30:00.000,0.10385713748011115,0.1879385180032268,9.682828455375676,0.0,0.0,9.81,0.005,0.0,0.0,20.0,-15.0,40.0,45.0,0.0,0.0
52.41832000000365,-1.5024199999998868,110.0,52.24629067300652,3.0,45.0,12,115100,2026-09-25 10:30:00.000,-0.3666677320144916,-0.6388857613523344,9.825962191913957,0.0,0.0,9.81,0.005,0.0,0.0,20.0,-15.0,40.0,45.0,0.0,0.0
52.41833000000366,-1.5024049999998867,110.0,51.73464984702783,3.0,45.0,12,115200,2026-09-25 10:30:00.000,0.26704344939718544,-0.13160298782090368,9.643418749686901,0.0,0.0,9.81,0.005,0.0,0.0,20.0,-15.0,40.0,45.0,0.0,0.0
52.41834000000366,-1.5023899999998866,110.0,51.98208584963404,3.0,45.0,12,115300,2026-09-25 10:30:00.000,0.42452745066113745,0.19217573821477096,10.05387635237061,0.0,0.0,9.81,0.005,0.0,0.0,20.0,-15.0,40.0,45.0,0.0,0.0
52.41835000000366,-1.5023749999998866,110.0,53.123200037092815,3.0,45.0,12,115400,2026-09-25 10:30:00.000,-0.19989242082986972,-0.06629814770813244,10.076535960052249,0.0,0.0,9.81,0.005,0.0,0.0,20.0,-15.0,40.0,45.0,0.0,0.0
52.418360000003666,-1.5023599999998865,110.0,52.456741805492214,3.0,45.0,12,115500,2026-09-25 10:30:00.000,0.15691582168278195,0.40618247831265597,10.221461420442823,0.0,0.0,9.81,0.005,0.0,0.0,20.0,-15.0,40.0,45.0,0.0,0.0
52.41837000000367,-1.5023449999998864,110.0,52.322645260709,3.0,45.0,12,115600,2026-09-25 10:30:00.000,0.5127340956261386,-0.26270810499850994,9.881692499099524,0.0,0.0,9.81,0.005,0.0,0.0,20.0,-15.0,40.0,45.0,0.0,0.0
52.41838000000367,-1.5023299999998863,110.0,51.43768194677801,3.0,45.0,12,115700,2026-09-25 10:30:00.000,-0.36642155294720036,0.7210311765286151,9.970619863576236,0.0,0.0,9.81,0.005,0.0,0.0,20.0,-15.0,40.0,45.0,0.0,0.0
52.418390000003676,-1.5023149999998862,110.0,53.314153426996974,3.0,45.0,12,115800,2026-09-25 10:30:00.000,-0.31487830833552843,0.09877848436675143,9.951519960121976,0.0,0.0,9.81,0.005,0.0,0.0,20.0,-15.0,40.0,45.0,0.0,0.0
52.41840000000368,-1.502299999999886,110.0,52.25453956759539,3.0,45.0,12,115900,2026-09-25 10:30:00.000,0.04080411917774362,-0.45216953091170975,9.837181048608244,0.0,0.0,9.81,0.005,0.0,0.0,20.0,-15.0,40.0,45.0,0.0,0.0
52.41841000000368,-1.502284999999886,110.0,51.58961305220103,3.0,45.0,12,116000,2026-09-25 10:30:00.000,0.4416643372278326,0.06629785040494657,9.70393848935193,0.0,0.0,9.81,0.005,0.0,0.0,20.0,-15.0,40.0,45.0,0.0,0.0
52.418420000003685,-1.5022699999998859,110.0,50.828917497892576,3.0,45.0,12,116100,2026-09-25 10:30:00.000,-0.5106498909750478,0.11920033717449587,9.932273214075185,0.0,0.0,9.81,0.005,0.0,0.0,20.0,-15.0,40.0,45.0,0.0,0.0
52.41843000000369,-1.5022549999998858,110.0,52.05730296949632,3.0,45.0,12,116200,2026-09-25 10:30:00.000,-0.13209993100231207,0.7636421633969053,10.042151546077744,0.0,0.0,9.81,0.005,0.0,0.0,20.0,-15.0,40.0,45.0,0.0,0.0
52.41844000000369,-1.5022399999998857,110.0,51.98227171739654,3.0,45.0,12,116300,2026-09-25 10:30:00.000,0.12490419614971644,-0.18411395086364266,10.05320860704852,0.0,0.0,9.81,0.005,0.0,0.0,20.0,-15.0,40.0,45.0,0.0,0.0
52.418450000003695,-1.5022249999998856,110.0,52.325725325314274,3.0,45.0,12,116400,2026-09-25 10:30:00.000,0.3779028994648157,0.3585415292696148,9.476574317826083,0.0,0.0,9.81,0.005,0.0,0.0,20.0,-15.0,40.0,45.0,0.0,0.0
52.4184600000037,-1.5022099999998855,110.0,52.43908671925483,3.0,45.0,12,116500,2026-09-25 10:30:00.000,0.09498406950406521,0.10298053731576691,9.79956124110182,0.0,0.0,9.81,0.005,0.0,0.0,20.0,-15.0,40.0,45.0,0.0,0.0
52.4184700000037,-1.5021949999998854,110.0,52.588096334844025,3.0,45.0,12,116600,2026-09-25 10:30:00.000,0.04110181639758259,-0.09630245049858963,10.005310419127388,0.0,0.0,9.81,0.005,0.0,0.0,20.0,-15.0,40.0,45.0,0.0,0.0
52.418480000003704,-1.5021799999998853,110.0,51.70214476666516,3.0,45.0,12,116700,2026-09-25 10:30:00.000,-0.25682282019554287,0.2314514820345819,10.295617424946922,0.0,0.0,9.81,0.005,0.0,0.0,20.0,-15.0,40.0,45.0,0.0,0.0
52.41849000000371,-1.5021649999998852,110.0,52.21566031695903,3.0,45.0,12,116800,2026-09-25 10:30:00.000,-0.1193399737773676,0.07202990615165575,10.042435579717816,0.0,0.0,9.81,0.005,0.0,0.0,20.0,-15.0,40.0,45.0,0.0,0.0
52.41850000000371,-1.502149999999885,110.0,51.54217479241002,3.0,45.0,12,116900,2026-09-25 10:30:00.000,-0.20193640326099618,0.12612030097086474,9.739671194018356,0.0,0.0,9.81,0.005,0.0,0.0,20.0,-15.0,40.0,45.0,0.0,0.0
52.418510000003714,-1.502134999999885,110.0,52.44618294995428,3.0,45.0,12,117000,2026-09-25 10:30:00.000,-0.0042495272050286645,0.47932004270596307,9.564115453181238,0.0,0.0,9.81,0.005,0.0,0.0,20.0,-15.0,40.0,45.0,0.0,0.0
52.41852000000372,-1.5021199999998849,110.0,52.511801434986516,3.0,45.0,12,117100,2026-09-25 10:30:00.000,-0.1982288285312052,-0.14566209659187268,9.529742888741797,0.0,0.0,9.81,0.005,0.0,0.0,20.0,-15.0,40.0,45.0,0.0,0.0
52.41853000000372,-1.5021049999998848,110.0,52.860597216712954,3.0,45.0,12,117200,2026-09-25 10:30:00.000,0.059381991964834284,0.06828072347347902,10.060489867645492,0.0,0.0,9.81,0.005,0.0,0.0,20.0,-15.0,40.0,45.0,0.0,0.0
52.41854000000372,-1.5020899999998847,110.0,52.060837632428054,3.0,45.0,12,117300,2026-09-25 10:30:00.000,-0.11018458577528718,0.43969780694104155,9.970717575315174,0.0,0.0,9.81,0.005,0.0,0.0,20.0,-15.0,40.0,45.0,0.0,0.0
52.41855000000373,-1.5020749999998846,110.0,51.78534355591608,3.0,45.0,12,117400,2026-09-25 10:30:00.000,0.00661794899561071,0.22548265786466729,9.921587109144358,0.0,0.0,9.81,0.005,0.0,0.0,20.0,-15.0,40.0,45.0,0.0,0.0
52.41856000000373,-1.5020599999998845,110.0,51.85255544765648,3.0,45.0,12,117500,2026-09-25 10:30:00.000,-0.19598074267027454,0.2643835913934471,9.766139074269779,0.0,0.0,9.81,0.005,0.0,0.0,20.0,-15.0,40.0,45.0,0.0,0.0
52.41857000000373,-1.5020449999998844,110.0,52.03717055200368,3.0,45.0,12,117600,2026-09-25 10:30:00.000,-0.14440656598808835,0.23674802647937448,9.824266900850635,0.0,0.0,9.81,0.005,0.0,0.0,20.0,-15.0,40.0,45.0,0.0,0.0
52.418580000003736,-1.5020299999998843,110.0,51.64654757181565,3.0,45.0,12,117700,2026-09-25 10:30:00.000,0.29784623642547703,-0.047532277924744265,9.953906591646426,0.0,0.0,9.81,0.005,0.0,0.0,20.0,-15.0,40.0,45.0,0.0,0.0
52.41859000000374,-1.5020149999998842,110.0,51.670999044391195,3.0,45.0,12,117800,2026-09-25 10:30:00.000,-0.001421735116282673,-0.1580161920283513,9.910168938195369,0.0,0.0,9.81,0.005,0.0,0.0,20.0,-15.0,40.0,45.0,0.0,0.0
52.41860000000374,-1.501999999999884,110.0,52.24467289070089,3.0,45.0,12,117900,2026-09-25 10:30:00.000,-0.024591190316775993,0.5829192930128718,9.441139217545583,0.0,0.0,9.81,0.005,0.0,0.0,20.0,-15.0,40.0,45.0,0.0,0.0
52.418610000003746,-1.501984999999884,110.0,51.69880961627596,3.0,45.0,12,118000,2026-09-25 10:30:00.000,0.13992081582188945,-0.03584191349707044,9.976307049481957,0.0,0.0,9.81,0.005,0.0,0.0,20.0,-15.0,40.0,45.0,0.0,0.0
52.41862000000375,-1.501969999999884,110.0,52.48669525899632,3.0,45.0,12,118100,2026-09-25 10:30:00.000,-0.4574044582177752,0.3568183229943991,9.755472204711172,0.0,0.0,9.81,0.005,0.0,0.0,20.0,-15.0,40.0,45.0,0.0,0.0
52.41863000000375,-1.5019549999998838,110.0,52.68260093406489,3.0,45.0,12,118200,2026-09-25 10:30:00.000,0.17891327561560144,0.28333431684337906,9.887845945238928,0.0,0.0,9.81,0.005,0.0,0.0,20.0,-15.0,40.0,45.0,0.0,0.0
52.418640000003755,-1.5019399999998837,110.0,51.49718412748322,3.0,45.0,12,118300,2026-09-25 10:30:00.000,0.040097968382603544,-0.026315284088639507,9.838688483520215,0.0,0.0,9.81,0.005,0.0,0.0,20.0,-15.0,40.0,45.0,0.0,0.0
52.41865000000376,-1.5019249999998836,110.0,52.06788580792994,3.0,45.0,12,118400,2026-09-25 10:30:00.000,-0.22310747024163224,0.0024428904582219357,9.818146324664784,0.0,0.0,9.81,0.005,0.0,0.0,20.0,-15.0,40.0,45.0,0.0,0.0
52.41866000000376,-1.5019099999998835,110.0,51.832446605577836,3.0,45.0,12,118500,2026-09-25 10:30:00.000,0.26629683675063215,0.05270626778136248,9.780145587979781,0.0,0.0,9.81,0.005,0.0,0.0,20.0,-15.0,40.0,45.0,0.0,0.0
52.418670000003765,-1.5018949999998834,110.0,52.06824112784106,3.0,45.0,12,118600,2026-09-25 10:30:00.000,0.29983060683372875,0.34963839645239425,9.290014575258239,0.0,0.0,9.81,0.005,0.0,0.0,20.0,-15.0,40.0,45.0,0.0,0.0
52.41868000000377,-1.5018799999998833,110.0,52.047421171962306,3.0,45.0,12,118700,2026-09-25 10:30:00.000,0.17057160878946243,0.3101714823299719,9.841730420466908,0.0,0.0,9.81,0.005,0.0,0.0,20.0,-15.0,40.0,45.0,0.0,0.0
52.41869000000377,-1.5018649999998832,110.0,52.76226109534748,3.0,45.0,12,118800,2026-09-25 10:30:00.000,0.2415274281941726,0.6011333245881654,9.76550812079156,0.0,0.0,9.81,0.005,0.0,0.0,20.0,-15.0,40.0,45.0,0.0,0.0
52.418700000003774,-1.5018499999998831,110.0,51.97390971534101,3.0,45.0,12,118900,2026-09-25 10:30:00.000,0.06338509533942514,-0.34042124201271085,9.873134447403501,0.0,0.0,9.81,0.005,0.0,0.0,20.0,-15.0,40.0,45.0,0.0,0.0
52.41871000000378,-1.501834999999883,110.0,52.91231168081814,3.0,45.0,12,119000,2026-09-25 10:30:00.000,0.1782348484777519,0.16220800387107454,9.801746741585825,0.0,0.0,9.81,0.005,0.0,0.0,20.0,-15.0,40.0,45.0,0.0,0.0
52.41872000000378,-1.501819999999883,110.0,53.24492457959046,3.0,45.0,12,119100,2026-09-25 10:30:00.000,-0.09638959552565662,0.03813229120349033,9.93903078517935,0.0,0.0,9.81,0.005,0.0,0.0,20.0,-15.0,40.0,45.0,0.0,0.0
52.418730000003784,-1.5018049999998828,110.0,52.34176988278668,3.0,45.0,12,119200,2026-09-25 10:30:00.000,0.012540343561585105,-0.17581882267888746,9.72993625495806,0.0,0.0,9.81,0.005,0.0,0.0,20.0,-15.0,40.0,45.0,0.0,0.0
52.41874000000379,-1.5017899999998827,110.0,52.42548447224786,3.0,45.0,12,119300,2026-09-25 10:30:00.000,0.20399848671212203,0.05792563511445093,9.655717224178511,0.0,0.0,9.81,0.005,0.0,0.0,20.0,-15.0,40.0,45.0,0.0,0.0
52.41875000000379,-1.5017749999998826,110.0,52.1772306617029,3.0,45.0,12,119400,2026-09-25 10:30:00.000,-0.052310720864068905,-0.5492157561335383,9.269819742979434,0.0,0.0,9.81,0.005,0.0,0.0,20.0,-15.0,40.0,45.0,0.0,0.0
52.41876000000379,-1.5017599999998825,110.0,52.06011364071341,3.0,45.0,12,119500,2026-09-25 10:30:00.000,0.04988431587828053,-0.11259784758437572,9.761571964956163,0.0,0.0,9.81,0.005,0.0,0.0,20.0,-15.0,40.0,45.0,0.0,0.0
52.418770000003796,-1.5017449999998824,110.0,52.120344551705735,3.0,45.0,12,119600,2026-09-25 10:30:00.000,-0.1451072100969817,-0.07978380953922318,9.540430509334255,0.0,0.0,9.81,0.005,0.0,0.0,20.0,-15.0,40.0,45.0,0.0,0.0
52.4187800000038,-1.5017299999998823,110.0,52.02659006450511,3.0,45.0,12,119700,2026-09-25 10:30:00.000,0.0658683207850387,0.10914653815407079,9.988352855806662,0.0,0.0,9.81,0.005,0.0,0.0,20.0,-15.0,40.0,45.0,0.0,0.0
52.4187900000038,-1.5017149999998822,110.0,52.89280382947269,3.0,45.0,12,119800,2026-09-25 10:30:00.000,-0.12784849694652012,0.18665222488834732,9.742692240314431,0.0,0.0,9.81,0.005,0.0,0.0,20.0,-15.0,40.0,45.0,0.0,0.0
52.418800000003806,-1.5016999999998821,110.0,53.596323099234304,3.0,45.0,12,119900,2026-09-25 10:30:00.000,0.15019065264487522,0.18010196108339555,9.924135366300506,0.0,0.0,9.81,0.005,0.0,0.0,20.0,-15.0,40.0,45.0,0.0,0.0
