No of GPS satellites available,Time since start of day,Latitude,Longitude,velocity,Heading,Height,Vertical velocity,Sampleperiod,Steering Angle,Wheel Speed Front Left,Wheel Speed Front Right,Wheel Speed Rear Left,Wheel Speed Rear Right,Yaw Rate,Indicated Vehicle Speed,Indicated Longitudinal Acceleration,Indicated Lateral Acceleration,Handbrake,Gear Req,Gear,Engine Speed,Coolant Temp,Clutch,Brake Pressure,Brake Pos,Battery,Air Temp,Accel Pedal
12,0.0,52.418800000003806,-1.5016999999998821,51.73614239489624,45.0,0.11,0.0,0.1,0.0,46.35855053306114,46.35855053306114,46.35855053306114,46.35855053306114,0.0,51.73614239489624,0.02,0.01,0,3,3,2100,90,0,0,0,12.6,21,20
12,0.1,52.418800000003806,-1.5016999999998821,52.077759348594725,45.0,0.11,0.0,0.1,0.0,46.664658914511406,46.664658914511406,46.664658914511406,46.664658914511406,0.0,52.077759348594725,0.02,0.01,0,3,3,2100,90,0,0,0,12.6,21,20
12,0.2,52.418800000003806,-1.5016999999998821,52.15982321500733,45.0,0.11,0.0,0.1,0.0,46.738192844988646,46.738192844988646,46.738192844988646,46.738192844988646,0.0,52.15982321500733,0.02,0.01,0,3,3,2100,90,0,0,0,12.6,21,20
12,0.30000000000000004,52.418800000003806,-1.5016999999998821,52.66112224508419,45.0,0.11,0.0,0.1,0.0,47.18738552426898,47.18738552426898,47.18738552426898,47.18738552426898,0.0,52.66112224508419,0.02,0.01,0,3,3,2100,90,0,0,0,12.6,21,20
12,0.4,52.418800000003806,-1.5016999999998821,52.17260381163128,45.0,0.11,0.0,0.1,0.0,46.749644992501146,46.749644992501146,46.749644992501146,46.749644992501146,0.0,52.17260381163128,0.02,0.01,0,3,3,2100,90,0,0,0,12.6,21,20
12,0.5,52.418800000003806,-1.5016999999998821,52.13123026744272,45.0,0.11,0.0,0.1,0.0,46.712571924231824,46.712571924231824,46.712571924231824,46.712571924231824,0.0,52.13123026744272,0.02,0.01,0,3,3,2100,90,0,0,0,12.6,21,20
12,0.6000000000000001,52.418800000003806,-1.5016999999998821,52.03378082131337,45.0,0.11,0.0,0.1,0.0,46.62525163200123,46.62525163200123,46.62525163200123,46.62525163200123,0.0,52.03378082131337,0.02,0.01,0,3,3,2100,90,0,0,0,12.6,21,20
12,0.7000000000000001,52.418800000003806,-1.5016999999998821,52.08280247624487,45.0,0.11,0.0,0.1,0.0,46.669177846097554,46.669177846097554,46.669177846097554,46.669177846097554,0.0,52.08280247624487,0.02,0.01,0,3,3,2100,90,0,0,0,12.6,21,20
12,0.8,52.418800000003806,-1.5016999999998821,52.07012317508824,45.0,0.11,0.0,0.1,0.0,46.65781646513283,46.65781646513283,46.65781646513283,46.65781646513283,0.0,52.07012317508824,0.02,0.01,0,3,3,2100,90,0,0,0,12.6,21,20
12,0.9,52.418800000003806,-1.5016999999998821,51.980338763729264,45.0,0.11,0.0,0.1,0.0,46.57736448362837,46.57736448362837,46.57736448362837,46.57736448362837,0.0,51.980338763729264,0.02,0.01,0,3,3,2100,90,0,0,0,12.6,21,20
12,1.0,52.418800000003806,-1.5016999999998821,51.85989160142552,45.0,0.11,0.0,0.1,0.0,46.46943691884007,46.46943691884007,46.46943691884007,46.46943691884007,0.0,51.85989160142552,0.02,0.01,0,3,3,2100,90,0,0,0,12.6,21,20
12,1.1,52.418800000003806,-1.5016999999998821,51.87250200092696,45.0,0.11,0.0,0.1,0.0,46.480736559970396,46.480736559970396,46.480736559970396,46.480736559970396,0.0,51.87250200092696,0.02,0.01,0,3,3,2100,90,0,0,0,12.6,21,20
12,1.2000000000000002,52.418800000003806,-1.5016999999998821,52.06727250450842,45.0,0.11,0.0,0.1,0.0,46.655262100814,46.655262100814,46.655262100814,46.655262100814,0.0,52.06727250450842,0.02,0.01,0,3,3,2100,90,0,0,0,12.6,21,20
12,1.3,52.418800000003806,-1.5016999999998821,52.17883163412817,45.0,0.11,0.0,0.1,0.0,46.755225478609475,46.755225478609475,46.755225478609475,46.755225478609475,0.0,52.17883163412817,0.02,0.01,0,3,3,2100,90,0,0,0,12.6,21,20
12,1.4000000000000001,52.418800000003806,-1.5016999999998821,52.17546918721767,45.0,0.11,0.0,0.1,0.0,46.752212533349166,46.752212533349166,46.752212533349166,46.752212533349166,0.0,52.17546918721767,0.02,0.01,0,3,3,2100,90,0,0,0,12.6,21,20
12,1.5,52.418800000003806,-1.5016999999998821,52.25276938110341,45.0,0.11,0.0,0.1,0.0,46.82147794005682,46.82147794005682,46.82147794005682,46.82147794005682,0.0,52.25276938110341,0.02,0.01,0,3,3,2100,90,0,0,0,12.6,21,20
12,1.6,52.418800000003806,-1.5016999999998821,52.409732716364914,45.0,0.11,0.0,0.1,0.0,46.96212608993272,46.96212608993272,46.96212608993272,46.96212608993272,0.0,52.409732716364914,0.02,0.01,0,3,3,2100,90,0,0,0,12.6,21,20
12,1.7000000000000002,52.418800000003806,-1.5016999999998821,52.20396238112911,45.0,0.11,0.0,0.1,0.0,46.7777440691121,46.7777440691121,46.7777440691121,46.7777440691121,0.0,52.20396238112911,0.02,0.01,0,3,3,2100,90,0,0,0,12.6,21,20
12,1.8,52.418800000003806,-1.5016999999998821,52.3613677450313,45.0,0.11,0.0,0.1,0.0,46.91878830199937,46.91878830199937,46.91878830199937,46.91878830199937,0.0,52.3613677450313,0.02,0.01,0,3,3,2100,90,0,0,0,12.6,21,20
12,1.9000000000000001,52.418800000003806,-1.5016999999998821,52.39269327619456,45.0,0.11,0.0,0.1,0.0,46.946857774367885,46.946857774367885,46.946857774367885,46.946857774367885,0.0,52.39269327619456,0.02,0.01,0,3,3,2100,90,0,0,0,12.6,21,20
12,2.0,52.418800000003806,-1.5016999999998821,52.125454617346726,45.0,0.11,0.0,0.1,0.0,46.707396610525734,46.707396610525734,46.707396610525734,46.707396610525734,0.0,52.125454617346726,0.02,0.01,0,3,3,2100,90,0,0,0,12.6,21,20
12,2.1,52.418800000003806,-1.5016999999998821,52.336332307048814,45.0,0.11,0.0,0.1,0.0,46.89635511384302,46.89635511384302,46.89635511384302,46.89635511384302,0.0,52.336332307048814,0.02,0.01,0,3,3,2100,90,0,0,0,12.6,21,20
12,2.2,52.418800000003806,-1.5016999999998821,52.3000072797184,45.0,0.11,0.0,0.1,0.0,46.86380580619928,46.86380580619928,46.86380580619928,46.86380580619928,0.0,52.3000072797184,0.02,0.01,0,3,3,2100,90,0,0,0,12.6,21,20
12,2.3000000000000003,52.418800000003806,-1.5016999999998821,52.16240394624627,45.0,0.11,0.0,0.1,0.0,46.74050532817766,46.74050532817766,46.74050532817766,46.74050532817766,0.0,52.16240394624627,0.02,0.01,0,3,3,2100,90,0,0,0,12.6,21,20
12,2.4000000000000004,52.418800000003806,-1.5016999999998821,52.082620456552895,45.0,0.11,0.0,0.1,0.0,46.66901474601514,46.66901474601514,46.66901474601514,46.66901474601514,0.0,52.082620456552895,0.02,0.01,0,3,3,2100,90,0,0,0,12.6,21,20
12,2.5,52.418800000003806,-1.5016999999998821,52.01607275908677,45.0,0.11,0.0,0.1,0.0,46.609384192730076,46.609384192730076,46.609384192730076,46.609384192730076,0.0,52.01607275908677,0.02,0.01,0,3,3,2100,90,0,0,0,12.6,21,20
12,2.6,52.418800000003806,-1.5016999999998821,52.14559127044056,45.0,0.11,0.0,0.1,0.0,46.72544020648795,46.72544020648795,46.72544020648795,46.72544020648795,0.0,52.14559127044056,0.02,0.01,0,3,3,2100,90,0,0,0,12.6,21,20
12,2.7,52.418800000003806,-1.5016999999998821,52.17572857360095,45.0,0.11,0.0,0.1,0.0,46.75244495842379,46.75244495842379,46.75244495842379,46.75244495842379,0.0,52.17572857360095,0.02,0.01,0,3,3,2100,90,0,0,0,12.6,21,20
12,2.8000000000000003,52.418800000003806,-1.5016999999998821,52.283249709108425,45.0,0.11,0.0,0.1,0.0,46.84879006192511,46.84879006192511,46.84879006192511,46.84879006192511,0.0,52.283249709108425,0.02,0.01,0,3,3,2100,90,0,0,0,12.6,21,20
12,2.9000000000000004,52.418800000003806,-1.5016999999998821,51.995990275931945,45.0,0.11,0.0,0.1,0.0,46.59138913613973,46.59138913613973,46.59138913613973,46.59138913613973,0.0,51.995990275931945,0.02,0.01,0,3,3,2100,90,0,0,0,12.6,21,20
12,3.0,52.418800000003806,-1.5016999999998821,52.10785388997989,45.0,0.11,0.0,0.1,0.0,46.691625349444344,46.691625349444344,46.691625349444344,46.691625349444344,0.0,52.10785388997989,0.02,0.01,0,3,3,2100,90,0,0,0,12.6,21,20
12,3.1,52.418800000003806,-1.5016999999998821,52.10508008803669,45.0,0.11,0.0,0.1,0.0,46.68913986383215,46.68913986383215,46.68913986383215,46.68913986383215,0.0,52.10508008803669,0.02,0.01,0,3,3,2100,90,0,0,0,12.6,21,20
12,3.2,52.418800000003806,-1.5016999999998821,52.281929426552416,45.0,0.11,0.0,0.1,0.0,46.8476070130398,46.8476070130398,46.8476070130398,46.8476070130398,0.0,52.281929426552416,0.02,0.01,0,3,3,2100,90,0,0,0,12.6,21,20
12,3.3000000000000003,52.418800000003806,-1.5016999999998821,52.01217215783024,45.0,0.11,0.0,0.1,0.0,46.60588903031383,46.60588903031383,46.60588903031383,46.60588903031383,0.0,52.01217215783024,0.02,0.01,0,3,3,2100,90,0,0,0,12.6,21,20
12,3.4000000000000004,52.418800000003806,-1.5016999999998821,52.22813623620132,45.0,0.11,0.0,0.1,0.0,46.79940522957108,46.79940522957108,46.79940522957108,46.79940522957108,0.0,52.22813623620132,0.02,0.01,0,3,3,2100,90,0,0,0,12.6,21,20
12,3.5,52.418800000003806,-1.5016999999998821,52.088810800797305,45.0,0.11,0.0,0.1,0.0,46.674561649459946,46.674561649459946,46.674561649459946,46.674561649459946,0.0,52.088810800797305,0.02,0.01,0,3,3,2100,90,0,0,0,12.6,21,20
12,3.6,52.418800000003806,-1.5016999999998821,52.08537346211441,45.0,0.11,0.0,0.1,0.0,46.67148159687671,46.67148159687671,46.67148159687671,46.67148159687671,0.0,52.08537346211441,0.02,0.01,0,3,3,2100,90,0,0,0,12.6,21,20
12,3.7,52.418800000003806,-1.5016999999998821,51.972790092604036,45.0,0.11,0.0,0.1,0.0,46.57060044140147,46.57060044140147,46.57060044140147,46.57060044140147,0.0,51.972790092604036,0.02,0.01,0,3,3,2100,90,0,0,0,12.6,21,20
12,3.8000000000000003,52.418800000003806,-1.5016999999998821,52.080346048592205,45.0,0.11,0.0,0.1,0.0,46.66697674605036,46.66697674605036,46.66697674605036,46.66697674605036,0.0,52.080346048592205,0.02,0.01,0,3,3,2100,90,0,0,0,12.6,21,20
12,3.9000000000000004,52.418800000003806,-1.5016999999998821,52.255929719440886,45.0,0.11,0.0,0.1,0.0,46.824309784445234,46.824309784445234,46.824309784445234,46.824309784445234,0.0,52.255929719440886,0.02,0.01,0,3,3,2100,90,0,0,0,12.6,21,20
12,4.0,52.418800000003806,-1.5016999999998821,52.58420792444177,45.0,0.11,0.0,0.1,0.0,47.11846588211628,47.11846588211628,47.11846588211628,47.11846588211628,0.0,52.58420792444177,0.02,0.01,0,3,3,2100,90,0,0,0,12.6,21,20
12,4.1000000000000005,52.418800000003806,-1.5016999999998821,52.02785235493054,45.0,0.11,0.0,0.1,0.0,46.619939386138476,46.619939386138476,46.619939386138476,46.619939386138476,0.0,52.02785235493054,0.02,0.01,0,3,3,2100,90,0,0,0,12.6,21,20
12,4.2,52.418800000003806,-1.5016999999998821,52.49416649414506,45.0,0.11,0.0,0.1,0.0,47.03778359690418,47.03778359690418,47.03778359690418,47.03778359690418,0.0,52.49416649414506,0.02,0.01,0,3,3,2100,90,0,0,0,12.6,21,20
12,4.3,52.418800000003806,-1.5016999999998821,52.25188233608298,45.0,0.11,0.0,0.1,0.0,46.82068309684855,46.82068309684855,46.82068309684855,46.82068309684855,0.0,52.25188233608298,0.02,0.01,0,3,3,2100,90,0,0,0,12.6,21,20
12,4.4,52.418800000003806,-1.5016999999998821,52.666954515901516,45.0,0.11,0.0,0.1,0.0,47.192611573388454,47.192611573388454,47.192611573388454,47.192611573388454,0.0,52.666954515901516,0.02,0.01,0,3,3,2100,90,0,0,0,12.6,21,20
12,4.5,52.418800000003806,-1.5016999999998821,52.26466154310517,45.0,0.11,0.0,0.1,0.0,46.832133999198184,46.832133999198184,46.832133999198184,46.832133999198184,0.0,52.26466154310517,0.02,0.01,0,3,3,2100,90,0,0,0,12.6,21,20
12,4.6000000000000005,52.418800000003806,-1.5016999999998821,52.141130887626744,45.0,0.11,0.0,0.1,0.0,46.72144344769421,46.72144344769421,46.72144344769421,46.72144344769421,0.0,52.141130887626744,0.02,0.01,0,3,3,2100,90,0,0,0,12.6,21,20
12,4.7,52.418800000003806,-1.5016999999998821,52.34024966771894,45.0,0.11,0.0,0.1,0.0,46.89986529365497,46.89986529365497,46.89986529365497,46.89986529365497,0.0,52.34024966771894,0.02,0.01,0,3,3,2100,90,0,0,0,12.6,21,20
12,4.800000000000001,52.418800000003806,-1.5016999999998821,52.42807113699505,45.0,0.11,0.0,0.1,0.0,46.97855836648302,46.97855836648302,46.97855836648302,46.97855836648302,0.0,52.42807113699505,0.02,0.01,0,3,3,2100,90,0,0,0,12.6,21,20
12,4.9,52.418800000003806,-1.5016999999998821,52.07064976372779,45.0,0.11,0.0,0.1,0.0,46.658288318752504,46.658288318752504,46.658288318752504,46.658288318752504,0.0,52.07064976372779,0.02,0.01,0,3,3,2100,90,0,0,0,12.6,21,20
12,5.0,52.418800000003806,-1.5016999999998821,52.216113563873954,45.0,0.11,0.0,0.1,0.0,46.78863222569351,46.78863222569351,46.78863222569351,46.78863222569351,0.0,52.216113563873954,0.02,0.01,0,3,3,2100,90,0,0,0,12.6,21,20
12,5.1000000000000005,52.418800000003806,-1.5016999999998821,51.676793922203075,45.0,0.11,0.0,0.1,0.0,46.30537089803143,46.30537089803143,46.30537089803143,46.30537089803143,0.0,51.676793922203075,0.02,0.01,0,3,3,2100,90,0,0,0,12.6,21,20
12,5.2,52.418800000003806,-1.5016999999998821,51.9700673161296,45.0,0.11,0.0,0.1,0.0,46.56816067753549,46.56816067753549,46.56816067753549,46.56816067753549,0.0,51.9700673161296,0.02,0.01,0,3,3,2100,90,0,0,0,12.6,21,20
12,5.300000000000001,52.418800000003806,-1.5016999999998821,51.86448695669223,45.0,0.11,0.0,0.1,0.0,46.473554620691964,46.473554620691964,46.473554620691964,46.473554620691964,0.0,51.86448695669223,0.02,0.01,0,3,3,2100,90,0,0,0,12.6,21,20
12,5.4,52.418800000003806,-1.5016999999998821,52.20303620057741,45.0,0.11,0.0,0.1,0.0,46.776914158223484,46.776914158223484,46.776914158223484,46.776914158223484,0.0,52.20303620057741,0.02,0.01,0,3,3,2100,90,0,0,0,12.6,21,20
12,5.5,52.418800000003806,-1.5016999999998821,52.214736634018266,45.0,0.11,0.0,0.1,0.0,46.78739841757909,46.78739841757909,46.78739841757909,46.78739841757909,0.0,52.214736634018266,0.02,0.01,0,3,3,2100,90,0,0,0,12.6,21,20
12,5.6000000000000005,52.418800000003806,-1.5016999999998821,52.19775879997327,45.0,0.11,0.0,0.1,0.0,46.77218530463555,46.77218530463555,46.77218530463555,46.77218530463555,0.0,52.19775879997327,0.02,0.01,0,3,3,2100,90,0,0,0,12.6,21,20
12,5.7,52.418800000003806,-1.5016999999998821,52.54518955291492,45.0,0.11,0.0,0.1,0.0,47.08350318361552,47.08350318361552,47.08350318361552,47.08350318361552,0.0,52.54518955291492,0.02,0.01,0,3,3,2100,90,0,0,0,12.6,21,20
12,5.800000000000001,52.418800000003806,-1.5016999999998821,52.12482769065844,45.0,0.11,0.0,0.1,0.0,46.70683484826025,46.70683484826025,46.70683484826025,46.70683484826025,0.0,52.12482769065844,0.02,0.01,0,3,3,2100,90,0,0,0,12.6,21,20
12,5.9,52.418800000003806,-1.5016999999998821,52.145360844801615,45.0,0.11,0.0,0.1,0.0,46.725233731901085,46.725233731901085,46.725233731901085,46.725233731901085,0.0,52.145360844801615,0.02,0.01,0,3,3,2100,90,0,0,0,12.6,21,20
12,6.0,52.418800000003806,-1.5016999999998821,51.88269249131383,45.0,0.11,0.0,0.1,0.0,46.48986782375791,46.48986782375791,46.48986782375791,46.48986782375791,0.0,51.88269249131383,0.02,0.01,0,3,3,2100,90,0,0,0,12.6,21,20
12,6.1000000000000005,52.418800000003806,-1.5016999999998821,52.129297933223775,45.0,0.11,0.0,0.1,0.0,46.71084044195678,46.71084044195678,46.71084044195678,46.71084044195678,0.0,52.129297933223775,0.02,0.01,0,3,3,2100,90,0,0,0,12.6,21,20
12,6.2,52.418800000003806,-1.5016999999998821,51.92016197788467,45.0,0.11,0.0,0.1,0.0,46.523442632513145,46.523442632513145,46.523442632513145,46.523442632513145,0.0,51.92016197788467,0.02,0.01,0,3,3,2100,90,0,0,0,12.6,21,20
12,6.300000000000001,52.418800000003806,-1.5016999999998821,52.28668107677252,45.0,0.11,0.0,0.1,0.0,46.851864764133076,46.851864764133076,46.851864764133076,46.851864764133076,0.0,52.28668107677252,0.02,0.01,0,3,3,2100,90,0,0,0,12.6,21,20
12,6.4,52.418800000003806,-1.5016999999998821,52.47525738746205,45.0,0.11,0.0,0.1,0.0,47.020839952922984,47.020839952922984,47.020839952922984,47.020839952922984,0.0,52.47525738746205,0.02,0.01,0,3,3,2100,90,0,0,0,12.6,21,20
12,6.5,52.418800000003806,-1.5016999999998821,52.21130953124745,45.0,0.11,0.0,0.1,0.0,46.78432753696008,46.78432753696008,46.78432753696008,46.78432753696008,0.0,52.21130953124745,0.02,0.01,0,3,3,2100,90,0,0,0,12.6,21,20
12,6.6000000000000005,52.418800000003806,-1.5016999999998821,52.31243165132661,45.0,0.11,0.0,0.1,0.0,46.87493875566901,46.87493875566901,46.87493875566901,46.87493875566901,0.0,52.31243165132661,0.02,0.01,0,3,3,2100,90,0,0,0,12.6,21,20
12,6.7,52.418800000003806,-1.5016999999998821,52.007997548368444,45.0,0.11,0.0,0.1,0.0,46.60214834083194,46.60214834083194,46.60214834083194,46.60214834083194,0.0,52.007997548368444,0.02,0.01,0,3,3,2100,90,0,0,0,12.6,21,20
12,6.800000000000001,52.418800000003806,-1.5016999999998821,52.321322908446646,45.0,0.11,0.0,0.1,0.0,46.88290583194144,46.88290583194144,46.88290583194144,46.88290583194144,0.0,52.321322908446646,0.02,0.01,0,3,3,2100,90,0,0,0,12.6,21,20
12,6.9,52.418800000003806,-1.5016999999998821,52.51734588963402,45.0,0.11,0.0,0.1,0.0,47.05855366454661,47.05855366454661,47.05855366454661,47.05855366454661,0.0,52.51734588963402,0.02,0.01,0,3,3,2100,90,0,0,0,12.6,21,20
12,7.0,52.418800000003806,-1.5016999999998821,51.82198947251686,45.0,0.11,0.0,0.1,0.0,46.43547443773912,46.43547443773912,46.43547443773912,46.43547443773912,0.0,51.82198947251686,0.02,0.01,0,3,3,2100,90,0,0,0,12.6,21,20
12,7.1000000000000005,52.418800000003806,-1.5016999999998821,52.36578351773841,45.0,0.11,0.0,0.1,0.0,46.922745087579216,46.922745087579216,46.922745087579216,46.922745087579216,0.0,52.36578351773841,0.02,0.01,0,3,3,2100,90,0,0,0,12.6,21,20
12,7.2,52.418800000003806,-1.5016999999998821,52.01646697707135,45.0,0.11,0.0,0.1,0.0,46.60973743465175,46.60973743465175,46.60973743465175,46.60973743465175,0.0,52.01646697707135,0.02,0.01,0,3,3,2100,90,0,0,0,12.6,21,20
12,7.300000000000001,52.418800000003806,-1.5016999999998821,51.961767090156776,45.0,0.11,0.0,0.1,0.0,46.56072319906521,46.56072319906521,46.56072319906521,46.56072319906521,0.0,51.961767090156776,0.02,0.01,0,3,3,2100,90,0,0,0,12.6,21,20
12,7.4,52.418800000003806,-1.5016999999998821,52.271412804006765,45.0,0.11,0.0,0.1,0.0,46.83818351613509,46.83818351613509,46.83818351613509,46.83818351613509,0.0,52.271412804006765,0.02,0.01,0,3,3,2100,90,0,0,0,12.6,21,20
12,7.5,52.418800000003806,-1.5016999999998821,52.25093644054475,45.0,0.11,0.0,0.1,0.0,46.81983552020139,46.81983552020139,46.81983552020139,46.81983552020139,0.0,52.25093644054475,0.02,0.01,0,3,3,2100,90,0,0,0,12.6,21,20
12,7.6000000000000005,52.418800000003806,-1.5016999999998821,52.17224854409087,45.0,0.11,0.0,0.1,0.0,46.74932665241117,46.74932665241117,46.74932665241117,46.74932665241117,0.0,52.17224854409087,0.02,0.01,0,3,3,2100,90,0,0,0,12.6,21,20
12,7.7,52.418800000003806,-1.5016999999998821,51.8507847986766,45.0,0.11,0.0,0.1,0.0,46.461276701323115,46.461276701323115,46.461276701323115,46.461276701323115,0.0,51.8507847986766,0.02,0.01,0,3,3,2100,90,0,0,0,12.6,21,20
12,7.800000000000001,52.418800000003806,-1.5016999999998821,52.35069349642252,45.0,0.11,0.0,0.1,0.0,46.909223563102614,46.909223563102614,46.909223563102614,46.909223563102614,0.0,52.35069349642252,0.02,0.01,0,3,3,2100,90,0,0,0,12.6,21,20
12,7.9,52.418800000003806,-1.5016999999998821,52.351037005147674,45.0,0.11,0.0,0.1,0.0,46.909531366619774,46.909531366619774,46.909531366619774,46.909531366619774,0.0,52.351037005147674,0.02,0.01,0,3,3,2100,90,0,0,0,12.6,21,20
12,8.0,52.418800000003806,-1.5016999999998821,51.85646286257404,45.0,0.11,0.0,0.1,0.0,46.46636457219896,46.46636457219896,46.46636457219896,46.46636457219896,0.0,51.85646286257404,0.02,0.01,0,3,3,2100,90,0,0,0,12.6,21,20
12,8.1,52.418800000003806,-1.5016999999998821,52.416956453001916,45.0,0.11,0.0,0.1,0.0,46.96859897222394,46.96859897222394,46.96859897222394,46.96859897222394,0.0,52.416956453001916,0.02,0.01,0,3,3,2100,90,0,0,0,12.6,21,20
12,8.200000000000001,52.418800000003806,-1.5016999999998821,52.14801703138581,45.0,0.11,0.0,0.1,0.0,46.72761382740664,46.72761382740664,46.72761382740664,46.72761382740664,0.0,52.14801703138581,0.02,0.01,0,3,3,2100,90,0,0,0,12.6,21,20
12,8.3,52.418800000003806,-1.5016999999998821,51.91317979320035,45.0,0.11,0.0,0.1,0.0,46.51718619462397,46.51718619462397,46.51718619462397,46.51718619462397,0.0,51.91317979320035,0.02,0.01,0,3,3,2100,90,0,0,0,12.6,21,20
12,8.4,52.418800000003806,-1.5016999999998821,52.12939173179211,45.0,0.11,0.0,0.1,0.0,46.710924490853145,46.710924490853145,46.710924490853145,46.710924490853145,0.0,52.12939173179211,0.02,0.01,0,3,3,2100,90,0,0,0,12.6,21,20
12,8.5,52.418800000003806,-1.5016999999998821,52.16811233732315,45.0,0.11,0.0,0.1,0.0,46.74562037394548,46.74562037394548,46.74562037394548,46.74562037394548,0.0,52.16811233732315,0.02,0.01,0,3,3,2100,90,0,0,0,12.6,21,20
12,8.6,52.418800000003806,-1.5016999999998821,52.11338763995653,45.0,0.11,0.0,0.1,0.0,46.69658390677108,46.69658390677108,46.69658390677108,46.69658390677108,0.0,52.11338763995653,0.02,0.01,0,3,3,2100,90,0,0,0,12.6,21,20
12,8.700000000000001,52.418800000003806,-1.5016999999998821,52.317174838144275,45.0,0.11,0.0,0.1,0.0,46.87918892306834,46.87918892306834,46.87918892306834,46.87918892306834,0.0,52.317174838144275,0.02,0.01,0,3,3,2100,90,0,0,0,12.6,21,20
12,8.8,52.418800000003806,-1.5016999999998821,52.33278601679732,45.0,0.11,0.0,0.1,0.0,46.893177434406205,46.893177434406205,46.893177434406205,46.893177434406205,0.0,52.33278601679732,0.02,0.01,0,3,3,2100,90,0,0,0,12.6,21,20
12,8.9,52.418800000003806,-1.5016999999998821,52.336926177845726,45.0,0.11,0.0,0.1,0.0,46.89688725613416,46.89688725613416,46.89688725613416,46.89688725613416,0.0,52.336926177845726,0.02,0.01,0,3,3,2100,90,0,0,0,12.6,21,20
12,9.0,52.418800000003806,-1.5016999999998821,52.222092230994434,45.0,0.11,0.0,0.1,0.0,46.79398945429609,46.79398945429609,46.79398945429609,46.79398945429609,0.0,52.222092230994434,0.02,0.01,0,3,3,2100,90,0,0,0,12.6,21,20
12,9.1,52.418800000003806,-1.5016999999998821,52.16035345225075,45.0,0.11,0.0,0.1,0.0,46.73866796796662,46.73866796796662,46.73866796796662,46.73866796796662,0.0,52.16035345225075,0.02,0.01,0,3,3,2100,90,0,0,0,12.6,21,20
12,9.200000000000001,52.418800000003806,-1.5016999999998821,52.2364440743705,45.0,0.11,0.0,0.1,0.0,46.80684952900583,46.80684952900583,46.80684952900583,46.80684952900583,0.0,52.2364440743705,0.02,0.01,0,3,3,2100,90,0,0,0,12.6,21,20
12,9.3,52.418800000003806,-1.5016999999998821,52.070120004548045,45.0,0.11,0.0,0.1,0.0,46.657813624146996,46.657813624146996,46.657813624146996,46.657813624146996,0.0,52.070120004548045,0.02,0.01,0,3,3,2100,90,0,0,0,12.6,21,20
12,9.4,52.418800000003806,-1.5016999999998821,51.49454438219,45.0,0.11,0.0,0.1,0.0,46.14206485859319,46.14206485859319,46.14206485859319,46.14206485859319,0.0,51.49454438219,0.02,0.01,0,3,3,2100,90,0,0,0,12.6,21,20
12,9.5,52.418800000003806,-1.5016999999998821,52.56847807236828,45.0,0.11,0.0,0.1,0.0,47.10437103258806,47.10437103258806,47.10437103258806,47.10437103258806,0.0,52.56847807236828,0.02,0.01,0,3,3,2100,90,0,0,0,12.6,21,20
12,9.600000000000001,52.418800000003806,-1.5016999999998821,52.25741493098924,45.0,0.11,0.0,0.1,0.0,46.82564061916599,46.82564061916599,46.82564061916599,46.82564061916599,0.0,52.25741493098924,0.02,0.01,0,3,3,2100,90,0,0,0,12.6,21,20
12,9.700000000000001,52.418800000003806,-1.5016999999998821,52.25379960942999,45.0,0.11,0.0,0.1,0.0,46.82240108371863,46.82240108371863,46.82240108371863,46.82240108371863,0.0,52.25379960942999,0.02,0.01,0,3,3,2100,90,0,0,0,12.6,21,20
12,9.8,52.418800000003806,-1.5016999999998821,52.0222673159124,45.0,0.11,0.0,0.1,0.0,46.61493487088924,46.61493487088924,46.61493487088924,46.61493487088924,0.0,52.0222673159124,0.02,0.01,0,3,3,2100,90,0,0,0,12.6,21,20
12,9.9,52.418800000003806,-1.5016999999998821,52.557123155423184,45.0,0.11,0.0,0.1,0.0,47.09419637582723,47.09419637582723,47.09419637582723,47.09419637582723,0.0,52.557123155423184,0.02,0.01,0,3,3,2100,90,0,0,0,12.6,21,20
12,10.0,52.418800000003806,-1.5016999999998821,52.22561344274814,45.0,0.11,0.0,0.1,0.0,46.7971446619607,46.7971446619607,46.7971446619607,46.7971446619607,0.0,52.22561344274814,0.02,0.01,0,3,3,2100,90,0,0,0,12.6,21,20
12,10.100000000000001,52.418800000003806,-1.5016999999998821,52.27314093961621,45.0,0.11,0.0,0.1,0.0,46.83973202474571,46.83973202474571,46.83973202474571,46.83973202474571,0.0,52.27314093961621,0.02,0.01,0,3,3,2100,90,0,0,0,12.6,21,20
12,10.200000000000001,52.418800000003806,-1.5016999999998821,52.32175861199401,45.0,0.11,0.0,0.1,0.0,46.88329624730646,46.88329624730646,46.88329624730646,46.88329624730646,0.0,52.32175861199401,0.02,0.01,0,3,3,2100,90,0,0,0,12.6,21,20
12,10.3,52.418800000003806,-1.5016999999998821,51.91634359562958,45.0,0.11,0.0,0.1,0.0,46.520021143037255,46.520021143037255,46.520021143037255,46.520021143037255,0.0,51.91634359562958,0.02,0.01,0,3,3,2100,90,0,0,0,12.6,21,20
12,10.4,52.418800000003806,-1.5016999999998821,52.32395886201833,45.0,0.11,0.0,0.1,0.0,46.88526779750746,46.88526779750746,46.88526779750746,46.88526779750746,0.0,52.32395886201833,0.02,0.01,0,3,3,2100,90,0,0,0,12.6,21,20
12,10.5,52.418800000003806,-1.5016999999998821,52.00001285157922,45.0,0.11,0.0,0.1,0.0,46.594993594605036,46.594993594605036,46.594993594605036,46.594993594605036,0.0,52.00001285157922,0.02,0.01,0,3,3,2100,90,0,0,0,12.6,21,20
12,10.600000000000001,52.418800000003806,-1.5016999999998821,52.287587587379605,45.0,0.11,0.0,0.1,0.0,46.852677049623296,46.852677049623296,46.852677049623296,46.852677049623296,0.0,52.287587587379605,0.02,0.01,0,3,3,2100,90,0,0,0,12.6,21,20
12,10.700000000000001,52.418800000003806,-1.5016999999998821,52.35145150290773,45.0,0.11,0.0,0.1,0.0,46.90990278038327,46.90990278038327,46.90990278038327,46.90990278038327,0.0,52.35145150290773,0.02,0.01,0,3,3,2100,90,0,0,0,12.6,21,20
12,10.8,52.418800000003806,-1.5016999999998821,52.093196260929155,45.0,0.11,0.0,0.1,0.0,46.67849127323401,46.67849127323401,46.67849127323401,46.67849127323401,0.0,52.093196260929155,0.02,0.01,0,3,3,2100,90,0,0,0,12.6,21,20
12,10.9,52.418800000003806,-1.5016999999998821,52.57435248360747,45.0,0.11,0.0,0.1,0.0,47.109634841942174,47.109634841942174,47.109634841942174,47.109634841942174,0.0,52.57435248360747,0.02,0.01,0,3,3,2100,90,0,0,0,12.6,21,20
12,11.0,52.418800000003806,-1.5016999999998821,52.3617306748419,45.0,0.11,0.0,0.1,0.0,46.91911350792285,46.91911350792285,46.91911350792285,46.91911350792285,0.0,52.3617306748419,0.02,0.01,0,3,3,2100,90,0,0,0,12.6,21,20
12,11.100000000000001,52.418800000003806,-1.5016999999998821,51.82834571606296,45.0,0.11,0.0,0.1,0.0,46.44116999647219,46.44116999647219,46.44116999647219,46.44116999647219,0.0,51.82834571606296,0.02,0.01,0,3,3,2100,90,0,0,0,12.6,21,20
12,11.200000000000001,52.418800000003806,-1.5016999999998821,52.2392502542304,45.0,0.11,0.0,0.1,0.0,46.80936402708817,46.80936402708817,46.80936402708817,46.80936402708817,0.0,52.2392502542304,0.02,0.01,0,3,3,2100,90,0,0,0,12.6,21,20
12,11.3,52.418800000003806,-1.5016999999998821,52.0778757337943,45.0,0.11,0.0,0.1,0.0,46.664763202324636,46.664763202324636,46.664763202324636,46.664763202324636,0.0,52.0778757337943,0.02,0.01,0,3,3,2100,90,0,0,0,12.6,21,20
12,11.4,52.418800000003806,-1.5016999999998821,52.187916422743406,45.0,0.11,0.0,0.1,0.0,46.763365970200184,46.763365970200184,46.763365970200184,46.763365970200184,0.0,52.187916422743406,0.02,0.01,0,3,3,2100,90,0,0,0,12.6,21,20
12,11.5,52.418800000003806,-1.5016999999998821,52.1420931967672,45.0,0.11,0.0,0.1,0.0,46.72230573187025,46.72230573187025,46.72230573187025,46.72230573187025,0.0,52.1420931967672,0.02,0.01,0,3,3,2100,90,0,0,0,12.6,21,20
12,11.600000000000001,52.418800000003806,-1.5016999999998821,52.3971789703197,45.0,0.11,0.0,0.1,0.0,46.95087721354812,46.95087721354812,46.95087721354812,46.95087721354812,0.0,52.3971789703197,0.02,0.01,0,3,3,2100,90,0,0,0,12.6,21,20
12,11.700000000000001,52.418800000003806,-1.5016999999998821,52.2848242065154,45.0,0.11,0.0,0.1,0.0,46.85020090189552,46.85020090189552,46.85020090189552,46.85020090189552,0.0,52.2848242065154,0.02,0.01,0,3,3,2100,90,0,0,0,12.6,21,20
12,11.8,52.418800000003806,-1.5016999999998821,52.276489322987594,45.0,0.11,0.0,0.1,0.0,46.84273236826845,46.84273236826845,46.84273236826845,46.84273236826845,0.0,52.276489322987594,0.02,0.01,0,3,3,2100,90,0,0,0,12.6,21,20
12,11.9,52.418800000003806,-1.5016999999998821,51.98109811035481,45.0,0.11,0.0,0.1,0.0,46.57804490175162,46.57804490175162,46.57804490175162,46.57804490175162,0.0,51.98109811035481,0.02,0.01,0,3,3,2100,90,0,0,0,12.6,21,20
12,12.0,52.418800000003806,-1.5016999999998821,52.54288633146815,45.0,0.11,0.0,0.1,0.0,47.081439365114825,47.081439365114825,47.081439365114825,47.081439365114825,0.0,52.54288633146815,0.02,0.01,0,3,3,2100,90,0,0,0,12.6,21,20
12,12.100000000000001,52.418800000003806,-1.5016999999998821,52.09995660061959,45.0,0.11,0.0,0.1,0.0,46.68454892528637,46.68454892528637,46.68454892528637,46.68454892528637,0.0,52.09995660061959,0.02,0.01,0,3,3,2100,90,0,0,0,12.6,21,20
12,12.200000000000001,52.418800000003806,-1.5016999999998821,51.861080257558484,45.0,0.11,0.0,0.1,0.0,46.47050202290187,46.47050202290187,46.47050202290187,46.47050202290187,0.0,51.861080257558484,0.02,0.01,0,3,3,2100,90,0,0,0,12.6,21,20
12,12.3,52.418800000003806,-1.5016999999998821,51.99026016848447,45.0,0.11,0.0,0.1,0.0,46.586254631258484,46.586254631258484,46.586254631258484,46.586254631258484,0.0,51.99026016848447,0.02,0.01,0,3,3,2100,90,0,0,0,12.6,21,20
12,12.4,52.418800000003806,-1.5016999999998821,52.05223701840039,45.0,0.11,0.0,0.1,0.0,46.641789443011106,46.641789443011106,46.641789443011106,46.641789443011106,0.0,52.05223701840039,0.02,0.01,0,3,3,2100,90,0,0,0,12.6,21,20
12,12.5,52.418800000003806,-1.5016999999998821,52.42692002987863,45.0,0.11,0.0,0.1,0.0,46.977526908493395,46.977526908493395,46.977526908493395,46.977526908493395,0.0,52.42692002987863,0.02,0.01,0,3,3,2100,90,0,0,0,12.6,21,20
12,12.600000000000001,52.418800000003806,-1.5016999999998821,52.36687488847065,45.0,0.11,0.0,0.1,0.0,46.92372301834287,46.92372301834287,46.92372301834287,46.92372301834287,0.0,52.36687488847065,0.02,0.01,0,3,3,2100,90,0,0,0,12.6,21,20
12,12.700000000000001,52.418800000003806,-1.5016999999998821,52.102801812403534,45.0,0.11,0.0,0.1,0.0,46.687098398211056,46.687098398211056,46.687098398211056,46.687098398211056,0.0,52.102801812403534,0.02,0.01,0,3,3,2100,90,0,0,0,12.6,21,20
12,12.8,52.418800000003806,-1.5016999999998821,51.94305425218668,45.0,0.11,0.0,0.1,0.0,46.54395542310634,46.54395542310634,46.54395542310634,46.54395542310634,0.0,51.94305425218668,0.02,0.01,0,3,3,2100,90,0,0,0,12.6,21,20
12,12.9,52.418800000003806,-1.5016999999998821,52.48419862044699,45.0,0.11,0.0,0.1,0.0,47.02885181043637,47.02885181043637,47.02885181043637,47.02885181043637,0.0,52.48419862044699,0.02,0.01,0,3,3,2100,90,0,0,0,12.6,21,20
12,13.0,52.418800000003806,-1.5016999999998821,52.39307391624486,45.0,0.11,0.0,0.1,0.0,46.94719884968177,46.94719884968177,46.94719884968177,46.94719884968177,0.0,52.39307391624486,0.02,0.01,0,3,3,2100,90,0,0,0,12.6,21,20
12,13.100000000000001,52.418800000003806,-1.5016999999998821,52.48259217870296,45.0,0.11,0.0,0.1,0.0,47.02741234650802,47.02741234650802,47.02741234650802,47.02741234650802,0.0,52.48259217870296,0.02,0.01,0,3,3,2100,90,0,0,0,12.6,21,20
12,13.200000000000001,52.418800000003806,-1.5016999999998821,52.40958483167577,45.0,0.11,0.0,0.1,0.0,46.9619935767704,46.9619935767704,46.9619935767704,46.9619935767704,0.0,52.40958483167577,0.02,0.01,0,3,3,2100,90,0,0,0,12.6,21,20
12,13.3,52.418800000003806,-1.5016999999998821,52.19184700059278,45.0,0.11,0.0,0.1,0.0,46.76688799336271,46.76688799336271,46.76688799336271,46.76688799336271,0.0,52.19184700059278,0.02,0.01,0,3,3,2100,90,0,0,0,12.6,21,20
12,13.4,52.418800000003806,-1.5016999999998821,52.11237964793263,45.0,0.11,0.0,0.1,0.0,46.69568068811167,46.69568068811167,46.69568068811167,46.69568068811167,0.0,52.11237964793263,0.02,0.01,0,3,3,2100,90,0,0,0,12.6,21,20
12,13.5,52.418800000003806,-1.5016999999998821,52.21660540080122,45.0,0.11,0.0,0.1,0.0,46.78907293978604,46.78907293978604,46.78907293978604,46.78907293978604,0.0,52.21660540080122,0.02,0.01,0,3,3,2100,90,0,0,0,12.6,21,20
12,13.600000000000001,52.418800000003806,-1.5016999999998821,51.96105703048838,45.0,0.11,0.0,0.1,0.0,46.56008694488206,46.56008694488206,46.56008694488206,46.56008694488206,0.0,51.96105703048838,0.02,0.01,0,3,3,2100,90,0,0,0,12.6,21,20
12,13.700000000000001,52.418800000003806,-1.5016999999998821,52.05107058341549,45.0,0.11,0.0,0.1,0.0,46.6407442503723,46.6407442503723,46.6407442503723,46.6407442503723,0.0,52.05107058341549,0.02,0.01,0,3,3,2100,90,0,0,0,12.6,21,20
12,13.8,52.418800000003806,-1.5016999999998821,52.22383284418357,45.0,0.11,0.0,0.1,0.0,46.79554914353366,46.79554914353366,46.79554914353366,46.79554914353366,0.0,52.22383284418357,0.02,0.01,0,3,3,2100,90,0,0,0,12.6,21,20
12,13.9,52.418800000003806,-1.5016999999998821,52.523416925256726,45.0,0.11,0.0,0.1,0.0,47.063993660624305,47.063993660624305,47.063993660624305,47.063993660624305,0.0,52.523416925256726,0.02,0.01,0,3,3,2100,90,0,0,0,12.6,21,20
12,14.0,52.418800000003806,-1.5016999999998821,52.198109496705364,45.0,0.11,0.0,0.1,0.0,46.77249954901914,46.77249954901914,46.77249954901914,46.77249954901914,0.0,52.198109496705364,0.02,0.01,0,3,3,2100,90,0,0,0,12.6,21,20
12,14.100000000000001,52.418800000003806,-1.5016999999998821,52.16511798597845,45.0,0.11,0.0,0.1,0.0,46.742937263421545,46.742937263421545,46.742937263421545,46.742937263421545,0.0,52.16511798597845,0.02,0.01,0,3,3,2100,90,0,0,0,12.6,21,20
12,14.200000000000001,52.418800000003806,-1.5016999999998821,52.1844663501683,45.0,0.11,0.0,0.1,0.0,46.76027450731927,46.76027450731927,46.76027450731927,46.76027450731927,0.0,52.1844663501683,0.02,0.01,0,3,3,2100,90,0,0,0,12.6,21,20
12,14.3,52.418800000003806,-1.5016999999998821,52.00320678767587,45.0,0.11,0.0,0.1,0.0,46.59785554451243,46.59785554451243,46.59785554451243,46.59785554451243,0.0,52.00320678767587,0.02,0.01,0,3,3,2100,90,0,0,0,12.6,21,20
12,14.4,52.418800000003806,-1.5016999999998821,52.389810118284494,45.0,0.11,0.0,0.1,0.0,46.94427429953808,46.94427429953808,46.94427429953808,46.94427429953808,0.0,52.389810118284494,0.02,0.01,0,3,3,2100,90,0,0,0,12.6,21,20
12,14.5,52.418800000003806,-1.5016999999998821,52.18337924985458,45.0,0.11,0.0,0.1,0.0,46.7593004030955,46.7593004030955,46.7593004030955,46.7593004030955,0.0,52.18337924985458,0.02,0.01,0,3,3,2100,90,0,0,0,12.6,21,20
12,14.600000000000001,52.418800000003806,-1.5016999999998821,52.18340674854756,45.0,0.11,0.0,0.1,0.0,46.7593250435014,46.7593250435014,46.7593250435014,46.7593250435014,0.0,52.18340674854756,0.02,0.01,0,3,3,2100,90,0,0,0,12.6,21,20
12,14.700000000000001,52.418800000003806,-1.5016999999998821,52.4032421011669,45.0,0.11,0.0,0.1,0.0,46.95631012649364,46.95631012649364,46.95631012649364,46.95631012649364,0.0,52.4032421011669,0.02,0.01,0,3,3,2100,90,0,0,0,12.6,21,20
12,14.8,52.418800000003806,-1.5016999999998821,52.233116879890176,45.0,0.11,0.0,0.1,0.0,46.8038681719446,46.8038681719446,46.8038681719446,46.8038681719446,0.0,52.233116879890176,0.02,0.01,0,3,3,2100,90,0,0,0,12.6,21,20
12,14.9,52.418800000003806,-1.5016999999998821,52.27425074423633,45.0,0.11,0.0,0.1,0.0,46.840726473330044,46.840726473330044,46.840726473330044,46.840726473330044,0.0,52.27425074423633,0.02,0.01,0,3,3,2100,90,0,0,0,12.6,21,20
12,15.0,52.418800000003806,-1.5016999999998821,52.133432674455364,45.0,0.11,0.0,0.1,0.0,46.71454540721807,46.71454540721807,46.71454540721807,46.71454540721807,0.0,52.133432674455364,0.02,0.01,0,3,3,2100,90,0,0,0,12.6,21,20
12,15.100000000000001,52.418800000003806,-1.5016999999998821,52.443439898356246,45.0,0.11,0.0,0.1,0.0,46.99232965802531,46.99232965802531,46.99232965802531,46.99232965802531,0.0,52.443439898356246,0.02,0.01,0,3,3,2100,90,0,0,0,12.6,21,20
12,15.200000000000001,52.418800000003806,-1.5016999999998821,52.4831186806228,45.0,0.11,0.0,0.1,0.0,47.02788412242186,47.02788412242186,47.02788412242186,47.02788412242186,0.0,52.4831186806228,0.02,0.01,0,3,3,2100,90,0,0,0,12.6,21,20
12,15.3,52.418800000003806,-1.5016999999998821,52.0056484402461,45.0,0.11,0.0,0.1,0.0,46.60004340523844,46.60004340523844,46.60004340523844,46.60004340523844,0.0,52.0056484402461,0.02,0.01,0,3,3,2100,90,0,0,0,12.6,21,20
12,15.4,52.418800000003806,-1.5016999999998821,51.76322351060932,45.0,0.11,0.0,0.1,0.0,46.38281676577896,46.38281676577896,46.38281676577896,46.38281676577896,0.0,51.76322351060932,0.02,0.01,0,3,3,2100,90,0,0,0,12.6,21,20
12,15.5,52.418800000003806,-1.5016999999998821,52.54537678414913,45.0,0.11,0.0,0.1,0.0,47.08367095353864,47.08367095353864,47.08367095353864,47.08367095353864,0.0,52.54537678414913,0.02,0.01,0,3,3,2100,90,0,0,0,12.6,21,20
12,15.600000000000001,52.418800000003806,-1.5016999999998821,51.96351337855976,45.0,0.11,0.0,0.1,0.0,46.56228797361985,46.56228797361985,46.56228797361985,46.56228797361985,0.0,51.96351337855976,0.02,0.01,0,3,3,2100,90,0,0,0,12.6,21,20
12,15.700000000000001,52.418800000003806,-1.5016999999998821,52.175921953505885,45.0,0.11,0.0,0.1,0.0,46.7526182379085,46.7526182379085,46.7526182379085,46.7526182379085,0.0,52.175921953505885,0.02,0.01,0,3,3,2100,90,0,0,0,12.6,21,20
12,15.8,52.418800000003806,-1.5016999999998821,52.22122503699753,45.0,0.11,0.0,0.1,0.0,46.79321239874331,46.79321239874331,46.79321239874331,46.79321239874331,0.0,52.22122503699753,0.02,0.01,0,3,3,2100,90,0,0,0,12.6,21,20
12,15.9,52.418800000003806,-1.5016999999998821,52.17538024828714,45.0,0.11,0.0,0.1,0.0,46.75213283896697,46.75213283896697,46.75213283896697,46.75213283896697,0.0,52.17538024828714,0.02,0.01,0,3,3,2100,90,0,0,0,12.6,21,20
12,16.0,52.418800000003806,-1.5016999999998821,52.044230985503646,45.0,0.11,0.0,0.1,0.0,46.63461557840829,46.63461557840829,46.63461557840829,46.63461557840829,0.0,52.044230985503646,0.02,0.01,0,3,3,2100,90,0,0,0,12.6,21,20
12,16.1,52.418800000003806,-1.5016999999998821,52.03705066527379,45.0,0.11,0.0,0.1,0.0,46.628181599707695,46.628181599707695,46.628181599707695,46.628181599707695,0.0,52.03705066527379,0.02,0.01,0,3,3,2100,90,0,0,0,12.6,21,20
12,16.2,52.418800000003806,-1.5016999999998821,52.55906247776944,45.0,0.11,0.0,0.1,0.0,47.095934119865085,47.095934119865085,47.095934119865085,47.095934119865085,0.0,52.55906247776944,0.02,0.01,0,3,3,2100,90,0,0,0,12.6,21,20
12,16.3,52.418800000003806,-1.5016999999998821,52.363959924210754,45.0,0.11,0.0,0.1,0.0,46.9211110431996,46.9211110431996,46.9211110431996,46.9211110431996,0.0,52.363959924210754,0.02,0.01,0,3,3,2100,90,0,0,0,12.6,21,20
12,16.400000000000002,52.418800000003806,-1.5016999999998821,52.24651283132986,45.0,0.11,0.0,0.1,0.0,46.81587171266116,46.81587171266116,46.81587171266116,46.81587171266116,0.0,52.24651283132986,0.02,0.01,0,3,3,2100,90,0,0,0,12.6,21,20
12,16.5,52.418800000003806,-1.5016999999998821,52.662028640776626,45.0,0.11,0.0,0.1,0.0,47.18819770678909,47.18819770678909,47.18819770678909,47.18819770678909,0.0,52.662028640776626,0.02,0.01,0,3,3,2100,90,0,0,0,12.6,21,20
12,16.6,52.418800000003806,-1.5016999999998821,52.111137577163426,45.0,0.11,0.0,0.1,0.0,46.6945677214726,46.6945677214726,46.6945677214726,46.6945677214726,0.0,52.111137577163426,0.02,0.01,0,3,3,2100,90,0,0,0,12.6,21,20
12,16.7,52.418800000003806,-1.5016999999998821,52.25699818669983,45.0,0.11,0.0,0.1,0.0,46.825267192383365,46.825267192383365,46.825267192383365,46.825267192383365,0.0,52.25699818669983,0.02,0.01,0,3,3,2100,90,0,0,0,12.6,21,20
12,16.8,52.418800000003806,-1.5016999999998821,51.86796410808549,45.0,0.11,0.0,0.1,0.0,46.47667034774685,46.47667034774685,46.47667034774685,46.47667034774685,0.0,51.86796410808549,0.02,0.01,0,3,3,2100,90,0,0,0,12.6,21,20
12,16.900000000000002,52.418800000003806,-1.5016999999998821,52.112665564900794,45.0,0.11,0.0,0.1,0.0,46.695936886111824,46.695936886111824,46.695936886111824,46.695936886111824,0.0,52.112665564900794,0.02,0.01,0,3,3,2100,90,0,0,0,12.6,21,20
12,17.0,52.418800000003806,-1.5016999999998821,52.030552638455966,45.0,0.11,0.0,0.1,0.0,46.62235899503222,46.62235899503222,46.62235899503222,46.62235899503222,0.0,52.030552638455966,0.02,0.01,0,3,3,2100,90,0,0,0,12.6,21,20
12,17.1,52.418800000003806,-1.5016999999998821,51.89773570262966,45.0,0.11,0.0,0.1,0.0,46.503347403790016,46.503347403790016,46.503347403790016,46.503347403790016,0.0,51.89773570262966,0.02,0.01,0,3,3,2100,90,0,0,0,12.6,21,20
12,17.2,52.418800000003806,-1.5016999999998821,52.44113563258237,45.0,0.11,0.0,0.1,0.0,46.990264903747644,46.990264903747644,46.990264903747644,46.990264903747644,0.0,52.44113563258237,0.02,0.01,0,3,3,2100,90,0,0,0,12.6,21,20
12,17.3,52.418800000003806,-1.5016999999998821,52.69144543713226,45.0,0.11,0.0,0.1,0.0,47.21455684330847,47.21455684330847,47.21455684330847,47.21455684330847,0.0,52.69144543713226,0.02,0.01,0,3,3,2100,90,0,0,0,12.6,21,20
12,17.400000000000002,52.418800000003806,-1.5016999999998821,52.347294607292675,45.0,0.11,0.0,0.1,0.0,46.9061779635239,46.9061779635239,46.9061779635239,46.9061779635239,0.0,52.347294607292675,0.02,0.01,0,3,3,2100,90,0,0,0,12.6,21,20
12,17.5,52.418800000003806,-1.5016999999998821,51.93720057608131,45.0,0.11,0.0,0.1,0.0,46.53871019362124,46.53871019362124,46.53871019362124,46.53871019362124,0.0,51.93720057608131,0.02,0.01,0,3,3,2100,90,0,0,0,12.6,21,20
12,17.6,52.418800000003806,-1.5016999999998821,52.14387382068159,45.0,0.11,0.0,0.1,0.0,46.72390127301218,46.72390127301218,46.72390127301218,46.72390127301218,0.0,52.14387382068159,0.02,0.01,0,3,3,2100,90,0,0,0,12.6,21,20
12,17.7,52.418800000003806,-1.5016999999998821,52.271992868600194,45.0,0.11,0.0,0.1,0.0,46.83870328727616,46.83870328727616,46.83870328727616,46.83870328727616,0.0,52.271992868600194,0.02,0.01,0,3,3,2100,90,0,0,0,12.6,21,20
12,17.8,52.418800000003806,-1.5016999999998821,52.14459611981613,45.0,0.11,0.0,0.1,0.0,46.724548494458894,46.724548494458894,46.724548494458894,46.724548494458894,0.0,52.14459611981613,0.02,0.01,0,3,3,2100,90,0,0,0,12.6,21,20
12,17.900000000000002,52.418800000003806,-1.5016999999998821,52.40592433733868,45.0,0.11,0.0,0.1,0.0,46.958713563923546,46.958713563923546,46.958713563923546,46.958713563923546,0.0,52.40592433733868,0.02,0.01,0,3,3,2100,90,0,0,0,12.6,21,20
12,18.0,52.418800000003806,-1.5016999999998821,51.97533629799551,45.0,0.11,0.0,0.1,0.0,46.572881987451176,46.572881987451176,46.572881987451176,46.572881987451176,0.0,51.97533629799551,0.02,0.01,0,3,3,2100,90,0,0,0,12.6,21,20
12,18.1,52.418800000003806,-1.5016999999998821,52.061602523207874,45.0,0.11,0.0,0.1,0.0,46.650181472408484,46.650181472408484,46.650181472408484,46.650181472408484,0.0,52.061602523207874,0.02,0.01,0,3,3,2100,90,0,0,0,12.6,21,20
12,18.2,52.418800000003806,-1.5016999999998821,51.906654829846595,45.0,0.11,0.0,0.1,0.0,46.51133945326756,46.51133945326756,46.51133945326756,46.51133945326756,0.0,51.906654829846595,0.02,0.01,0,3,3,2100,90,0,0,0,12.6,21,20
12,18.3,52.418800000003806,-1.5016999999998821,52.29139909896958,45.0,0.11,0.0,0.1,0.0,46.856092382589225,46.856092382589225,46.856092382589225,46.856092382589225,0.0,52.29139909896958,0.02,0.01,0,3,3,2100,90,0,0,0,12.6,21,20
12,18.400000000000002,52.418800000003806,-1.5016999999998821,52.23371710115047,45.0,0.11,0.0,0.1,0.0,46.80440600461512,46.80440600461512,46.80440600461512,46.80440600461512,0.0,52.23371710115047,0.02,0.01,0,3,3,2100,90,0,0,0,12.6,21,20
12,18.5,52.418800000003806,-1.5016999999998821,51.95283036643609,45.0,0.11,0.0,0.1,0.0,46.552715382111195,46.552715382111195,46.552715382111195,46.552715382111195,0.0,51.95283036643609,0.02,0.01,0,3,3,2100,90,0,0,0,12.6,21,20
12,18.6,52.418800000003806,-1.5016999999998821,52.01776368081655,45.0,0.11,0.0,0.1,0.0,46.61089935557038,46.61089935557038,46.61089935557038,46.61089935557038,0.0,52.01776368081655,0.02,0.01,0,3,3,2100,90,0,0,0,12.6,21,20
12,18.7,52.418800000003806,-1.5016999999998821,52.153660732435675,45.0,0.11,0.0,0.1,0.0,46.73267090720042,46.73267090720042,46.73267090720042,46.73267090720042,0.0,52.153660732435675,0.02,0.01,0,3,3,2100,90,0,0,0,12.6,21,20
12,18.8,52.418800000003806,-1.5016999999998821,52.19498576725271,45.0,0.11,0.0,0.1,0.0,46.76970050829096,46.76970050829096,46.76970050829096,46.76970050829096,0.0,52.19498576725271,0.02,0.01,0,3,3,2100,90,0,0,0,12.6,21,20
12,18.900000000000002,52.418800000003806,-1.5016999999998821,51.970647823864034,45.0,0.11,0.0,0.1,0.0,46.568680845756305,46.568680845756305,46.568680845756305,46.568680845756305,0.0,51.970647823864034,0.02,0.01,0,3,3,2100,90,0,0,0,12.6,21,20
12,19.0,52.418800000003806,-1.5016999999998821,52.092526885362965,45.0,0.11,0.0,0.1,0.0,46.677891474339575,46.677891474339575,46.677891474339575,46.677891474339575,0.0,52.092526885362965,0.02,0.01,0,3,3,2100,90,0,0,0,12.6,21,20
12,19.1,52.418800000003806,-1.5016999999998821,52.50091940595959,45.0,0.11,0.0,0.1,0.0,47.043834593153754,47.043834593153754,47.043834593153754,47.043834593153754,0.0,52.50091940595959,0.02,0.01,0,3,3,2100,90,0,0,0,12.6,21,20
12,19.200000000000003,52.418800000003806,-1.5016999999998821,52.489109007733084,45.0,0.11,0.0,0.1,0.0,47.03325179904398,47.03325179904398,47.03325179904398,47.03325179904398,0.0,52.489109007733084,0.02,0.01,0,3,3,2100,90,0,0,0,12.6,21,20
12,19.3,52.418800000003806,-1.5016999999998821,52.333648733602054,45.0,0.11,0.0,0.1,0.0,46.893950478138045,46.893950478138045,46.893950478138045,46.893950478138045,0.0,52.333648733602054,0.02,0.01,0,3,3,2100,90,0,0,0,12.6,21,20
12,19.400000000000002,52.418800000003806,-1.5016999999998821,52.32045848767845,45.0,0.11,0.0,0.1,0.0,46.88213126136061,46.88213126136061,46.88213126136061,46.88213126136061,0.0,52.32045848767845,0.02,0.01,0,3,3,2100,90,0,0,0,12.6,21,20
12,19.5,52.418800000003806,-1.5016999999998821,52.16735556034933,45.0,0.11,0.0,0.1,0.0,46.744942258377534,46.744942258377534,46.744942258377534,46.744942258377534,0.0,52.16735556034933,0.02,0.01,0,3,3,2100,90,0,0,0,12.6,21,20
12,19.6,52.418800000003806,-1.5016999999998821,52.33666410941782,45.0,0.11,0.0,0.1,0.0,46.89665242779374,46.89665242779374,46.89665242779374,46.89665242779374,0.0,52.33666410941782,0.02,0.01,0,3,3,2100,90,0,0,0,12.6,21,20
12,19.700000000000003,52.418800000003806,-1.5016999999998821,52.55809684132291,45.0,0.11,0.0,0.1,0.0,47.095068854232,47.095068854232,47.095068854232,47.095068854232,0.0,52.55809684132291,0.02,0.01,0,3,3,2100,90,0,0,0,12.6,21,20
12,19.8,52.418800000003806,-1.5016999999998821,51.98335642440319,45.0,0.11,0.0,0.1,0.0,46.580068480648016,46.580068480648016,46.580068480648016,46.580068480648016,0.0,51.98335642440319,0.02,0.01,0,3,3,2100,90,0,0,0,12.6,21,20
12,19.900000000000002,52.418800000003806,-1.5016999999998821,52.54143817223922,45.0,0.11,0.0,0.1,0.0,47.08014173139715,47.08014173139715,47.08014173139715,47.08014173139715,0.0,52.54143817223922,0.02,0.01,0,3,3,2100,90,0,0,0,12.6,21,20
12,20.0,52.418800000003806,-1.5016999999998821,52.10013238999132,45.0,0.11,0.0,0.1,0.0,46.684706442644554,46.684706442644554,46.684706442644554,46.684706442644554,0.0,52.10013238999132,0.02,0.01,0,3,3,2100,90,0,0,0,12.6,21,20
12,20.1,52.418800000003806,-1.5016999999998821,52.141836227849986,45.0,0.11,0.0,0.1,0.0,46.72207547298386,46.72207547298386,46.72207547298386,46.72207547298386,0.0,52.141836227849986,0.02,0.01,0,3,3,2100,90,0,0,0,12.6,21,20
12,20.200000000000003,52.418800000003806,-1.5016999999998821,52.29654987460346,45.0,0.11,0.0,0.1,0.0,46.86070777294216,46.86070777294216,46.86070777294216,46.86070777294216,0.0,52.29654987460346,0.02,0.01,0,3,3,2100,90,0,0,0,12.6,21,20
12,20.3,52.418800000003806,-1.5016999999998821,52.333578750435436,45.0,0.11,0.0,0.1,0.0,46.893887769207375,46.893887769207375,46.893887769207375,46.893887769207375,0.0,52.333578750435436,0.02,0.01,0,3,3,2100,90,0,0,0,12.6,21,20
12,20.400000000000002,52.418800000003806,-1.5016999999998821,51.98292243310855,45.0,0.11,0.0,0.1,0.0,46.579679599559626,46.579679599559626,46.579679599559626,46.579679599559626,0.0,51.98292243310855,0.02,0.01,0,3,3,2100,90,0,0,0,12.6,21,20
12,20.5,52.418800000003806,-1.5016999999998821,52.12870211483033,45.0,0.11,0.0,0.1,0.0,46.71030655450746,46.71030655450746,46.71030655450746,46.71030655450746,0.0,52.12870211483033,0.02,0.01,0,3,3,2100,90,0,0,0,12.6,21,20
12,20.6,52.418800000003806,-1.5016999999998821,52.342871629863204,45.0,0.11,0.0,0.1,0.0,46.90221472209964,46.90221472209964,46.90221472209964,46.90221472209964,0.0,52.342871629863204,0.02,0.01,0,3,3,2100,90,0,0,0,12.6,21,20
12,20.700000000000003,52.418800000003806,-1.5016999999998821,52.12347519634566,45.0,0.11,0.0,0.1,0.0,46.7056229357936,46.7056229357936,46.7056229357936,46.7056229357936,0.0,52.12347519634566,0.02,0.01,0,3,3,2100,90,0,0,0,12.6,21,20
12,20.8,52.418800000003806,-1.5016999999998821,52.458542887186766,45.0,0.11,0.0,0.1,0.0,47.00586280213868,47.00586280213868,47.00586280213868,47.00586280213868,0.0,52.458542887186766,0.02,0.01,0,3,3,2100,90,0,0,0,12.6,21,20
12,20.900000000000002,52.418800000003806,-1.5016999999998821,52.08968076392331,45.0,0.11,0.0,0.1,0.0,46.675341186311215,46.675341186311215,46.675341186311215,46.675341186311215,0.0,52.08968076392331,0.02,0.01,0,3,3,2100,90,0,0,0,12.6,21,20
12,21.0,52.418800000003806,-1.5016999999998821,52.05112473689363,45.0,0.11,0.0,0.1,0.0,46.64079277499429,46.64079277499429,46.64079277499429,46.64079277499429,0.0,52.05112473689363,0.02,0.01,0,3,3,2100,90,0,0,0,12.6,21,20
12,21.1,52.418800000003806,-1.5016999999998821,52.10766339815825,45.0,0.11,0.0,0.1,0.0,46.6914546578479,46.6914546578479,46.6914546578479,46.6914546578479,0.0,52.10766339815825,0.02,0.01,0,3,3,2100,90,0,0,0,12.6,21,20
12,21.200000000000003,52.418800000003806,-1.5016999999998821,51.95556930574154,45.0,0.11,0.0,0.1,0.0,46.55516962880066,46.55516962880066,46.55516962880066,46.55516962880066,0.0,51.95556930574154,0.02,0.01,0,3,3,2100,90,0,0,0,12.6,21,20
12,21.3,52.418800000003806,-1.5016999999998821,51.95484711846063,45.0,0.11,0.0,0.1,0.0,46.554522507581204,46.554522507581204,46.554522507581204,46.554522507581204,0.0,51.95484711846063,0.02,0.01,0,3,3,2100,90,0,0,0,12.6,21,20
12,21.400000000000002,52.418800000003806,-1.5016999999998821,52.435656486654786,45.0,0.11,0.0,0.1,0.0,46.985355274780275,46.985355274780275,46.985355274780275,46.985355274780275,0.0,52.435656486654786,0.02,0.01,0,3,3,2100,90,0,0,0,12.6,21,20
12,21.5,52.418800000003806,-1.5016999999998821,52.34034537876465,45.0,0.11,0.0,0.1,0.0,46.899951056240724,46.899951056240724,46.899951056240724,46.899951056240724,0.0,52.34034537876465,0.02,0.01,0,3,3,2100,90,0,0,0,12.6,21,20
12,21.6,52.418800000003806,-1.5016999999998821,51.8169301543988,45.0,0.11,0.0,0.1,0.0,46.43094099856523,46.43094099856523,46.43094099856523,46.43094099856523,0.0,51.8169301543988,0.02,0.01,0,3,3,2100,90,0,0,0,12.6,21,20
12,21.700000000000003,52.418800000003806,-1.5016999999998821,51.924322708256234,45.0,0.11,0.0,0.1,0.0,46.52717088553426,46.52717088553426,46.52717088553426,46.52717088553426,0.0,51.924322708256234,0.02,0.01,0,3,3,2100,90,0,0,0,12.6,21,20
12,21.8,52.418800000003806,-1.5016999999998821,52.28773823135036,45.0,0.11,0.0,0.1,0.0,46.85281203526018,46.85281203526018,46.85281203526018,46.85281203526018,0.0,52.28773823135036,0.02,0.01,0,3,3,2100,90,0,0,0,12.6,21,20
12,21.900000000000002,52.418800000003806,-1.5016999999998821,52.35415866814439,45.0,0.11,0.0,0.1,0.0,46.912328555684944,46.912328555684944,46.912328555684944,46.912328555684944,0.0,52.35415866814439,0.02,0.01,0,3,3,2100,90,0,0,0,12.6,21,20
12,22.0,52.418800000003806,-1.5016999999998821,52.324009067364365,45.0,0.11,0.0,0.1,0.0,46.88531278437667,46.88531278437667,46.88531278437667,46.88531278437667,0.0,52.324009067364365,0.02,0.01,0,3,3,2100,90,0,0,0,12.6,21,20
12,22.1,52.418800000003806,-1.5016999999998821,52.09968194189616,45.0,0.11,0.0,0.1,0.0,46.684302815319136,46.684302815319136,46.684302815319136,46.684302815319136,0.0,52.09968194189616,0.02,0.01,0,3,3,2100,90,0,0,0,12.6,21,20
12,22.200000000000003,52.418800000003806,-1.5016999999998821,52.042566717168675,45.0,0.11,0.0,0.1,0.0,46.63312429853824,46.63312429853824,46.63312429853824,46.63312429853824,0.0,52.042566717168675,0.02,0.01,0,3,3,2100,90,0,0,0,12.6,21,20
12,22.3,52.418800000003806,-1.5016999999998821,52.11101464275389,45.0,0.11,0.0,0.1,0.0,46.694457565191655,46.694457565191655,46.694457565191655,46.694457565191655,0.0,52.11101464275389,0.02,0.01,0,3,3,2100,90,0,0,0,12.6,21,20
12,22.400000000000002,52.418800000003806,-1.5016999999998821,51.99801161416573,45.0,0.11,0.0,0.1,0.0,46.59320037111625,46.59320037111625,46.59320037111625,46.59320037111625,0.0,51.99801161416573,0.02,0.01,0,3,3,2100,90,0,0,0,12.6,21,20
12,22.5,52.418800000003806,-1.5016999999998821,51.88420384303813,45.0,0.11,0.0,0.1,0.0,46.49122208157539,46.49122208157539,46.49122208157539,46.49122208157539,0.0,51.88420384303813,0.02,0.01,0,3,3,2100,90,0,0,0,12.6,21,20
12,22.6,52.418800000003806,-1.5016999999998821,51.847388783471445,45.0,0.11,0.0,0.1,0.0,46.45823367694574,46.45823367694574,46.45823367694574,46.45823367694574,0.0,51.847388783471445,0.02,0.01,0,3,3,2100,90,0,0,0,12.6,21,20
12,22.700000000000003,52.418800000003806,-1.5016999999998821,51.94975017710365,45.0,0.11,0.0,0.1,0.0,46.54995535582764,46.54995535582764,46.54995535582764,46.54995535582764,0.0,51.94975017710365,0.02,0.01,0,3,3,2100,90,0,0,0,12.6,21,20
12,22.8,52.418800000003806,-1.5016999999998821,52.063567198570915,45.0,0.11,0.0,0.1,0.0,46.65194193420333,46.65194193420333,46.65194193420333,46.65194193420333,0.0,52.063567198570915,0.02,0.01,0,3,3,2100,90,0,0,0,12.6,21,20
12,22.900000000000002,52.418800000003806,-1.5016999999998821,52.28102680033881,45.0,0.11,0.0,0.1,0.0,46.8467982081889,46.8467982081889,46.8467982081889,46.8467982081889,0.0,52.28102680033881,0.02,0.01,0,3,3,2100,90,0,0,0,12.6,21,20
12,23.0,52.418800000003806,-1.5016999999998821,52.22844669196501,45.0,0.11,0.0,0.1,0.0,46.79968341573925,46.79968341573925,46.79968341573925,46.79968341573925,0.0,52.22844669196501,0.02,0.01,0,3,3,2100,90,0,0,0,12.6,21,20
12,23.1,52.418800000003806,-1.5016999999998821,52.53693115250631,45.0,0.11,0.0,0.1,0.0,47.07610318324938,47.07610318324938,47.07610318324938,47.07610318324938,0.0,52.53693115250631,0.02,0.01,0,3,3,2100,90,0,0,0,12.6,21,20
12,23.200000000000003,52.418800000003806,-1.5016999999998821,52.142388507750155,45.0,0.11,0.0,0.1,0.0,46.72257034744637,46.72257034744637,46.72257034744637,46.72257034744637,0.0,52.142388507750155,0.02,0.01,0,3,3,2100,90,0,0,0,12.6,21,20
12,23.3,52.418800000003806,-1.5016999999998821,51.99580789981128,45.0,0.11,0.0,0.1,0.0,46.591225716676774,46.591225716676774,46.591225716676774,46.591225716676774,0.0,51.99580789981128,0.02,0.01,0,3,3,2100,90,0,0,0,12.6,21,20
12,23.400000000000002,52.418800000003806,-1.5016999999998821,51.943796595554346,45.0,0.11,0.0,0.1,0.0,46.54462060533544,46.54462060533544,46.54462060533544,46.54462060533544,0.0,51.943796595554346,0.02,0.01,0,3,3,2100,90,0,0,0,12.6,21,20
12,23.5,52.418800000003806,-1.5016999999998821,52.582979229631455,45.0,0.11,0.0,0.1,0.0,47.11736490110345,47.11736490110345,47.11736490110345,47.11736490110345,0.0,52.582979229631455,0.02,0.01,0,3,3,2100,90,0,0,0,12.6,21,20
12,23.6,52.418800000003806,-1.5016999999998821,51.985982804399576,45.0,0.11,0.0,0.1,0.0,46.58242186774155,46.58242186774155,46.58242186774155,46.58242186774155,0.0,51.985982804399576,0.02,0.01,0,3,3,2100,90,0,0,0,12.6,21,20
12,23.700000000000003,52.418800000003806,-1.5016999999998821,52.29531142849583,45.0,0.11,0.0,0.1,0.0,46.85959805420773,46.85959805420773,46.85959805420773,46.85959805420773,0.0,52.29531142849583,0.02,0.01,0,3,3,2100,90,0,0,0,12.6,21,20
12,23.8,52.418800000003806,-1.5016999999998821,52.184944460173575,45.0,0.11,0.0,0.1,0.0,46.76070292130249,46.76070292130249,46.76070292130249,46.76070292130249,0.0,52.184944460173575,0.02,0.01,0,3,3,2100,90,0,0,0,12.6,21,20
12,23.900000000000002,52.418800000003806,-1.5016999999998821,51.930598671192335,45.0,0.11,0.0,0.1,0.0,46.53279450823686,46.53279450823686,46.53279450823686,46.53279450823686,0.0,51.930598671192335,0.02,0.01,0,3,3,2100,90,0,0,0,12.6,21,20
12,24.0,52.418800000003806,-1.5016999999998821,52.5034757960679,45.0,0.11,0.0,0.1,0.0,47.04612526529382,47.04612526529382,47.04612526529382,47.04612526529382,0.0,52.5034757960679,0.02,0.01,0,3,3,2100,90,0,0,0,12.6,21,20
12,24.1,52.418800000003806,-1.5016999999998821,52.131304945998544,45.0,0.11,0.0,0.1,0.0,46.71263884050049,46.71263884050049,46.71263884050049,46.71263884050049,0.0,52.131304945998544,0.02,0.01,0,3,3,2100,90,0,0,0,12.6,21,20
12,24.200000000000003,52.418800000003806,-1.5016999999998821,52.08001734214503,45.0,0.11,0.0,0.1,0.0,46.66668220622314,46.66668220622314,46.66668220622314,46.66668220622314,0.0,52.08001734214503,0.02,0.01,0,3,3,2100,90,0,0,0,12.6,21,20
12,24.3,52.418800000003806,-1.5016999999998821,51.992011081260614,45.0,0.11,0.0,0.1,0.0,46.58782354951668,46.58782354951668,46.58782354951668,46.58782354951668,0.0,51.992011081260614,0.02,0.01,0,3,3,2100,90,0,0,0,12.6,21,20
12,24.400000000000002,52.418800000003806,-1.5016999999998821,52.49110814688361,45.0,0.11,0.0,0.1,0.0,47.03504314236883,47.03504314236883,47.03504314236883,47.03504314236883,0.0,52.49110814688361,0.02,0.01,0,3,3,2100,90,0,0,0,12.6,21,20
12,24.5,52.418800000003806,-1.5016999999998821,52.03729869383612,45.0,0.11,0.0,0.1,0.0,46.6284038475234,46.6284038475234,46.6284038475234,46.6284038475234,0.0,52.03729869383612,0.02,0.01,0,3,3,2100,90,0,0,0,12.6,21,20
12,24.6,52.418800000003806,-1.5016999999998821,51.879354535497285,45.0,0.11,0.0,0.1,0.0,46.486876823922294,46.486876823922294,46.486876823922294,46.486876823922294,0.0,51.879354535497285,0.02,0.01,0,3,3,2100,90,0,0,0,12.6,21,20
12,24.700000000000003,52.418800000003806,-1.5016999999998821,52.231757192486754,45.0,0.11,0.0,0.1,0.0,46.80264981405623,46.80264981405623,46.80264981405623,46.80264981405623,0.0,52.231757192486754,0.02,0.01,0,3,3,2100,90,0,0,0,12.6,21,20
12,24.8,52.418800000003806,-1.5016999999998821,51.70923527220444,45.0,0.11,0.0,0.1,0.0,46.33444020806849,46.33444020806849,46.33444020806849,46.33444020806849,0.0,51.70923527220444,0.02,0.01,0,3,3,2100,90,0,0,0,12.6,21,20
12,24.900000000000002,52.418800000003806,-1.5016999999998821,51.857041615607514,45.0,0.11,0.0,0.1,0.0,46.46688316810709,46.46688316810709,46.46688316810709,46.46688316810709,0.0,51.857041615607514,0.02,0.01,0,3,3,2100,90,0,0,0,12.6,21,20
12,25.0,52.418800000003806,-1.5016999999998821,52.26943771848974,45.0,0.11,0.0,0.1,0.0,46.83641372624528,46.83641372624528,46.83641372624528,46.83641372624528,0.0,52.26943771848974,0.02,0.01,0,3,3,2100,90,0,0,0,12.6,21,20
12,25.1,52.418800000003806,-1.5016999999998821,52.48219227389159,45.0,0.11,0.0,0.1,0.0,47.02705400886343,47.02705400886343,47.02705400886343,47.02705400886343,0.0,52.48219227389159,0.02,0.01,0,3,3,2100,90,0,0,0,12.6,21,20
12,25.200000000000003,52.418800000003806,-1.5016999999998821,52.34347265819003,45.0,0.11,0.0,0.1,0.0,46.90275327794805,46.90275327794805,46.90275327794805,46.90275327794805,0.0,52.34347265819003,0.02,0.01,0,3,3,2100,90,0,0,0,12.6,21,20
12,25.3,52.418800000003806,-1.5016999999998821,51.94733343465614,45.0,0.11,0.0,0.1,0.0,46.547789816000126,46.547789816000126,46.547789816000126,46.547789816000126,0.0,51.94733343465614,0.02,0.01,0,3,3,2100,90,0,0,0,12.6,21,20
12,25.400000000000002,52.418800000003806,-1.5016999999998821,52.28421708936543,45.0,0.11,0.0,0.1,0.0,46.84965689011239,46.84965689011239,46.84965689011239,46.84965689011239,0.0,52.28421708936543,0.02,0.01,0,3,3,2100,90,0,0,0,12.6,21,20
12,25.5,52.418800000003806,-1.5016999999998821,52.31429171154482,45.0,0.11,0.0,0.1,0.0,46.87660547629464,46.87660547629464,46.87660547629464,46.87660547629464,0.0,52.31429171154482,0.02,0.01,0,3,3,2100,90,0,0,0,12.6,21,20
12,25.6,52.418800000003806,-1.5016999999998821,51.93294349429966,45.0,0.11,0.0,0.1,0.0,46.534895604211165,46.534895604211165,46.534895604211165,46.534895604211165,0.0,51.93294349429966,0.02,0.01,0,3,3,2100,90,0,0,0,12.6,21,20
12,25.700000000000003,52.418800000003806,-1.5016999999998821,51.834474799904235,45.0,0.11,0.0,0.1,0.0,46.446662007082644,46.446662007082644,46.446662007082644,46.446662007082644,0.0,51.834474799904235,0.02,0.01,0,3,3,2100,90,0,0,0,12.6,21,20
12,25.8,52.418800000003806,-1.5016999999998821,52.44071038994073,45.0,0.11,0.0,0.1,0.0,46.98988386195406,46.98988386195406,46.98988386195406,46.98988386195406,0.0,52.44071038994073,0.02,0.01,0,3,3,2100,90,0,0,0,12.6,21,20
12,25.900000000000002,52.418800000003806,-1.5016999999998821,52.18172916323193,45.0,0.11,0.0,0.1,0.0,46.75782183085298,46.75782183085298,46.75782183085298,46.75782183085298,0.0,52.18172916323193,0.02,0.01,0,3,3,2100,90,0,0,0,12.6,21,20
12,26.0,52.418800000003806,-1.5016999999998821,52.45065506635543,45.0,0.11,0.0,0.1,0.0,46.99879486232565,46.99879486232565,46.99879486232565,46.99879486232565,0.0,52.45065506635543,0.02,0.01,0,3,3,2100,90,0,0,0,12.6,21,20
12,26.1,52.418800000003806,-1.5016999999998821,52.052675073301764,45.0,0.11,0.0,0.1,0.0,46.642181965324156,46.642181965324156,46.642181965324156,46.642181965324156,0.0,52.052675073301764,0.02,0.01,0,3,3,2100,90,0,0,0,12.6,21,20
12,26.200000000000003,52.418800000003806,-1.5016999999998821,52.38623194176233,45.0,0.11,0.0,0.1,0.0,46.94106804817413,46.94106804817413,46.94106804817413,46.94106804817413,0.0,52.38623194176233,0.02,0.01,0,3,3,2100,90,0,0,0,12.6,21,20
12,26.3,52.418800000003806,-1.5016999999998821,52.44326690278609,45.0,0.11,0.0,0.1,0.0,46.99217464407356,46.99217464407356,46.99217464407356,46.99217464407356,0.0,52.44326690278609,0.02,0.01,0,3,3,2100,90,0,0,0,12.6,21,20
12,26.400000000000002,52.418800000003806,-1.5016999999998821,51.735308786078264,45.0,0.11,0.0,0.1,0.0,46.357803571754715,46.357803571754715,46.357803571754715,46.357803571754715,0.0,51.735308786078264,0.02,0.01,0,3,3,2100,90,0,0,0,12.6,21,20
12,26.5,52.418800000003806,-1.5016999999998821,52.24571045522727,45.0,0.11,0.0,0.1,0.0,46.81515273765884,46.81515273765884,46.81515273765884,46.81515273765884,0.0,52.24571045522727,0.02,0.01,0,3,3,2100,90,0,0,0,12.6,21,20
12,26.6,52.418800000003806,-1.5016999999998821,52.08710489050555,45.0,0.11,0.0,0.1,0.0,46.673033056008556,46.673033056008556,46.673033056008556,46.673033056008556,0.0,52.08710489050555,0.02,0.01,0,3,3,2100,90,0,0,0,12.6,21,20
12,26.700000000000003,52.418800000003806,-1.5016999999998821,51.97182134332252,45.0,0.11,0.0,0.1,0.0,46.56973238648971,46.56973238648971,46.56973238648971,46.56973238648971,0.0,51.97182134332252,0.02,0.01,0,3,3,2100,90,0,0,0,12.6,21,20
12,26.8,52.418800000003806,-1.5016999999998821,52.634405064770334,45.0,0.11,0.0,0.1,0.0,47.16344539853972,47.16344539853972,47.16344539853972,47.16344539853972,0.0,52.634405064770334,0.02,0.01,0,3,3,2100,90,0,0,0,12.6,21,20
12,26.900000000000002,52.418800000003806,-1.5016999999998821,52.48702024857124,45.0,0.11,0.0,0.1,0.0,47.0313801510495,47.0313801510495,47.0313801510495,47.0313801510495,0.0,52.48702024857124,0.02,0.01,0,3,3,2100,90,0,0,0,12.6,21,20
12,27.0,52.418800000003806,-1.5016999999998821,52.07076605619123,45.0,0.11,0.0,0.1,0.0,46.65839252346884,46.65839252346884,46.65839252346884,46.65839252346884,0.0,52.07076605619123,0.02,0.01,0,3,3,2100,90,0,0,0,12.6,21,20
12,27.1,52.418800000003806,-1.5016999999998821,52.322303842055554,45.0,0.11,0.0,0.1,0.0,46.88378480470928,46.88378480470928,46.88378480470928,46.88378480470928,0.0,52.322303842055554,0.02,0.01,0,3,3,2100,90,0,0,0,12.6,21,20
12,27.200000000000003,52.418800000003806,-1.5016999999998821,51.924667148026536,45.0,0.11,0.0,0.1,0.0,46.52747952332127,46.52747952332127,46.52747952332127,46.52747952332127,0.0,51.924667148026536,0.02,0.01,0,3,3,2100,90,0,0,0,12.6,21,20
12,27.3,52.418800000003806,-1.5016999999998821,52.071344500332884,45.0,0.11,0.0,0.1,0.0,46.65891084259219,46.65891084259219,46.65891084259219,46.65891084259219,0.0,52.071344500332884,0.02,0.01,0,3,3,2100,90,0,0,0,12.6,21,20
12,27.400000000000002,52.418800000003806,-1.5016999999998821,52.018645128076116,45.0,0.11,0.0,0.1,0.0,46.611689182863906,46.611689182863906,46.611689182863906,46.611689182863906,0.0,52.018645128076116,0.02,0.01,0,3,3,2100,90,0,0,0,12.6,21,20
12,27.5,52.418800000003806,-1.5016999999998821,52.1758514067325,45.0,0.11,0.0,0.1,0.0,46.752555023953846,46.752555023953846,46.752555023953846,46.752555023953846,0.0,52.1758514067325,0.02,0.01,0,3,3,2100,90,0,0,0,12.6,21,20
12,27.6,52.418800000003806,-1.5016999999998821,52.415675440381605,45.0,0.11,0.0,0.1,0.0,46.96745111145305,46.96745111145305,46.96745111145305,46.96745111145305,0.0,52.415675440381605,0.02,0.01,0,3,3,2100,90,0,0,0,12.6,21,20
12,27.700000000000003,52.418800000003806,-1.5016999999998821,52.24055113059934,45.0,0.11,0.0,0.1,0.0,46.81052968691697,46.81052968691697,46.81052968691697,46.81052968691697,0.0,52.24055113059934,0.02,0.01,0,3,3,2100,90,0,0,0,12.6,21,20
12,27.8,52.418800000003806,-1.5016999999998821,52.04549645791875,45.0,0.11,0.0,0.1,0.0,46.63574951426411,46.63574951426411,46.63574951426411,46.63574951426411,0.0,52.04549645791875,0.02,0.01,0,3,3,2100,90,0,0,0,12.6,21,20
12,27.900000000000002,52.418800000003806,-1.5016999999998821,52.766725312603235,45.0,0.11,0.0,0.1,0.0,47.282011928855944,47.282011928855944,47.282011928855944,47.282011928855944,0.0,52.766725312603235,0.02,0.01,0,3,3,2100,90,0,0,0,12.6,21,20
12,28.0,52.418800000003806,-1.5016999999998821,52.17409924128872,45.0,0.11,0.0,0.1,0.0,46.75098498323362,46.75098498323362,46.75098498323362,46.75098498323362,0.0,52.17409924128872,0.02,0.01,0,3,3,2100,90,0,0,0,12.6,21,20
12,28.1,52.418800000003806,-1.5016999999998821,52.6450877010377,45.0,0.11,0.0,0.1,0.0,47.173017653259585,47.173017653259585,47.173017653259585,47.173017653259585,0.0,52.6450877010377,0.02,0.01,0,3,3,2100,90,0,0,0,12.6,21,20
12,28.200000000000003,52.418800000003806,-1.5016999999998821,52.10561824515145,45.0,0.11,0.0,0.1,0.0,46.68962208346904,46.68962208346904,46.68962208346904,46.68962208346904,0.0,52.10561824515145,0.02,0.01,0,3,3,2100,90,0,0,0,12.6,21,20
12,28.3,52.418800000003806,-1.5016999999998821,52.358362032538494,45.0,0.11,0.0,0.1,0.0,46.91609501123521,46.91609501123521,46.91609501123521,46.91609501123521,0.0,52.358362032538494,0.02,0.01,0,3,3,2100,90,0,0,0,12.6,21,20
12,28.400000000000002,52.418800000003806,-1.5016999999998821,52.387099100765774,45.0,0.11,0.0,0.1,0.0,46.94184507237076,46.94184507237076,46.94184507237076,46.94184507237076,0.0,52.387099100765774,0.02,0.01,0,3,3,2100,90,0,0,0,12.6,21,20
12,28.5,52.418800000003806,-1.5016999999998821,52.2416891133702,45.0,0.11,0.0,0.1,0.0,46.81154938474032,46.81154938474032,46.81154938474032,46.81154938474032,0.0,52.2416891133702,0.02,0.01,0,3,3,2100,90,0,0,0,12.6,21,20
12,28.6,52.418800000003806,-1.5016999999998821,52.43100338917108,45.0,0.11,0.0,0.1,0.0,46.981185832590576,46.981185832590576,46.981185832590576,46.981185832590576,0.0,52.43100338917108,0.02,0.01,0,3,3,2100,90,0,0,0,12.6,21,20
12,28.700000000000003,52.418800000003806,-1.5016999999998821,51.927632347269515,45.0,0.11,0.0,0.1,0.0,46.53013651189025,46.53013651189025,46.53013651189025,46.53013651189025,0.0,51.927632347269515,0.02,0.01,0,3,3,2100,90,0,0,0,12.6,21,20
12,28.8,52.418800000003806,-1.5016999999998821,52.62479300448741,45.0,0.11,0.0,0.1,0.0,47.15483244129696,47.15483244129696,47.15483244129696,47.15483244129696,0.0,52.62479300448741,0.02,0.01,0,3,3,2100,90,0,0,0,12.6,21,20
12,28.900000000000002,52.418800000003806,-1.5016999999998821,52.119643459241665,45.0,0.11,0.0,0.1,0.0,46.70218947960723,46.70218947960723,46.70218947960723,46.70218947960723,0.0,52.119643459241665,0.02,0.01,0,3,3,2100,90,0,0,0,12.6,21,20
12,29.0,52.418800000003806,-1.5016999999998821,51.875726512834824,45.0,0.11,0.0,0.1,0.0,46.483625907558086,46.483625907558086,46.483625907558086,46.483625907558086,0.0,51.875726512834824,0.02,0.01,0,3,3,2100,90,0,0,0,12.6,21,20
12,29.1,52.418800000003806,-1.5016999999998821,52.40679083660046,45.0,0.11,0.0,0.1,0.0,46.95948999695381,46.95948999695381,46.95948999695381,46.95948999695381,0.0,52.40679083660046,0.02,0.01,0,3,3,2100,90,0,0,0,12.6,21,20
12,29.200000000000003,52.418800000003806,-1.5016999999998821,52.072554605827435,45.0,0.11,0.0,0.1,0.0,46.65999516651203,46.65999516651203,46.65999516651203,46.65999516651203,0.0,52.072554605827435,0.02,0.01,0,3,3,2100,90,0,0,0,12.6,21,20
12,29.3,52.418800000003806,-1.5016999999998821,52.47467251278883,45.0,0.11,0.0,0.1,0.0,47.020315871674576,47.020315871674576,47.020315871674576,47.020315871674576,0.0,52.47467251278883,0.02,0.01,0,3,3,2100,90,0,0,0,12.6,21,20
12,29.400000000000002,52.418800000003806,-1.5016999999998821,52.144481001933656,45.0,0.11,0.0,0.1,0.0,46.72444534223445,46.72444534223445,46.72444534223445,46.72444534223445,0.0,52.144481001933656,0.02,0.01,0,3,3,2100,90,0,0,0,12.6,21,20
12,29.5,52.418800000003806,-1.5016999999998821,52.66754614229637,45.0,0.11,0.0,0.1,0.0,47.19314170456664,47.19314170456664,47.19314170456664,47.19314170456664,0.0,52.66754614229637,0.02,0.01,0,3,3,2100,90,0,0,0,12.6,21,20
12,29.6,52.418800000003806,-1.5016999999998821,52.381567300514476,45.0,0.11,0.0,0.1,0.0,46.93688826210975,46.93688826210975,46.93688826210975,46.93688826210975,0.0,52.381567300514476,0.02,0.01,0,3,3,2100,90,0,0,0,12.6,21,20
12,29.700000000000003,52.418800000003806,-1.5016999999998821,52.35106510193045,45.0,0.11,0.0,0.1,0.0,46.90955654294844,46.90955654294844,46.90955654294844,46.90955654294844,0.0,52.35106510193045,0.02,0.01,0,3,3,2100,90,0,0,0,12.6,21,20
12,29.8,52.418800000003806,-1.5016999999998821,52.23499884663615,45.0,0.11,0.0,0.1,0.0,46.805554522075404,46.805554522075404,46.805554522075404,46.805554522075404,0.0,52.23499884663615,0.02,0.01,0,3,3,2100,90,0,0,0,12.6,21,20
12,29.900000000000002,52.418800000003806,-1.5016999999998821,52.30920761136081,45.0,0.11,0.0,0.1,0.0,46.872049830968464,46.872049830968464,46.872049830968464,46.872049830968464,0.0,52.30920761136081,0.02,0.01,0,3,3,2100,90,0,0,0,12.6,21,20
12,30.0,52.418800000003806,-1.5016999999998821,52.01432746420202,45.0,0.11,0.0,0.1,0.0,46.60782030842475,46.60782030842475,46.60782030842475,46.60782030842475,0.0,52.01432746420202,0.02,0.01,0,3,3,2100,90,0,0,0,12.6,21,20
12,30.1,52.418800000003806,-1.5016999999998821,51.90392167635542,45.0,0.11,0.0,0.1,0.0,46.508890390999476,46.508890390999476,46.508890390999476,46.508890390999476,0.0,51.90392167635542,0.02,0.01,0,3,3,2100,90,0,0,0,12.6,21,20
12,30.200000000000003,52.418800000003806,-1.5016999999998821,52.05179977155873,45.0,0.11,0.0,0.1,0.0,46.64139764476588,46.64139764476588,46.64139764476588,46.64139764476588,0.0,52.05179977155873,0.02,0.01,0,3,3,2100,90,0,0,0,12.6,21,20
12,30.3,52.418800000003806,-1.5016999999998821,51.79339513577984,45.0,0.11,0.0,0.1,0.0,46.409852272204155,46.409852272204155,46.409852272204155,46.409852272204155,0.0,51.79339513577984,0.02,0.01,0,3,3,2100,90,0,0,0,12.6,21,20
12,30.400000000000002,52.418800000003806,-1.5016999999998821,52.50161683381958,45.0,0.11,0.0,0.1,0.0,47.04445952851217,47.04445952851217,47.04445952851217,47.04445952851217,0.0,52.50161683381958,0.02,0.01,0,3,3,2100,90,0,0,0,12.6,21,20
12,30.5,52.418800000003806,-1.5016999999998821,51.94875177391368,45.0,0.11,0.0,0.1,0.0,46.549060729313325,46.549060729313325,46.549060729313325,46.549060729313325,0.0,51.94875177391368,0.02,0.01,0,3,3,2100,90,0,0,0,12.6,21,20
12,30.6,52.418800000003806,-1.5016999999998821,52.33592446630583,45.0,0.11,0.0,0.1,0.0,46.89598966514859,46.89598966514859,46.89598966514859,46.89598966514859,0.0,52.33592446630583,0.02,0.01,0,3,3,2100,90,0,0,0,12.6,21,20
12,30.700000000000003,52.418800000003806,-1.5016999999998821,52.43201392752242,45.0,0.11,0.0,0.1,0.0,46.98209133290539,46.98209133290539,46.98209133290539,46.98209133290539,0.0,52.43201392752242,0.02,0.01,0,3,3,2100,90,0,0,0,12.6,21,20
12,30.8,52.418800000003806,-1.5016999999998821,52.2395191267683,45.0,0.11,0.0,0.1,0.0,46.80960495230135,46.80960495230135,46.80960495230135,46.80960495230135,0.0,52.2395191267683,0.02,0.01,0,3,3,2100,90,0,0,0,12.6,21,20
12,30.900000000000002,52.418800000003806,-1.5016999999998821,52.0114390111967,45.0,0.11,0.0,0.1,0.0,46.605232088885934,46.605232088885934,46.605232088885934,46.605232088885934,0.0,52.0114390111967,0.02,0.01,0,3,3,2100,90,0,0,0,12.6,21,20
12,31.0,52.418800000003806,-1.5016999999998821,52.38877178208399,45.0,0.11,0.0,0.1,0.0,46.94334389075627,46.94334389075627,46.94334389075627,46.94334389075627,0.0,52.38877178208399,0.02,0.01,0,3,3,2100,90,0,0,0,12.6,21,20
12,31.1,52.418800000003806,-1.5016999999998821,52.14025794245149,45.0,0.11,0.0,0.1,0.0,46.72066123875582,46.72066123875582,46.72066123875582,46.72066123875582,0.0,52.14025794245149,0.02,0.01,0,3,3,2100,90,0,0,0,12.6,21,20
12,31.200000000000003,52.418800000003806,-1.5016999999998821,52.298779113900395,45.0,0.11,0.0,0.1,0.0,46.8627052991939,46.8627052991939,46.8627052991939,46.8627052991939,0.0,52.298779113900395,0.02,0.01,0,3,3,2100,90,0,0,0,12.6,21,20
12,31.3,52.418800000003806,-1.5016999999998821,52.54095802972496,45.0,0.11,0.0,0.1,0.0,47.07971149616932,47.07971149616932,47.07971149616932,47.07971149616932,0.0,52.54095802972496,0.02,0.01,0,3,3,2100,90,0,0,0,12.6,21,20
12,31.400000000000002,52.418800000003806,-1.5016999999998821,52.02240524984344,45.0,0.11,0.0,0.1,0.0,46.61505846760164,46.61505846760164,46.61505846760164,46.61505846760164,0.0,52.02240524984344,0.02,0.01,0,3,3,2100,90,0,0,0,12.6,21,20
12,31.5,52.418800000003806,-1.5016999999998821,52.30578058165669,45.0,0.11,0.0,0.1,0.0,46.8689790158214,46.8689790158214,46.8689790158214,46.8689790158214,0.0,52.30578058165669,0.02,0.01,0,3,3,2100,90,0,0,0,12.6,21,20
12,31.6,52.418800000003806,-1.5016999999998821,52.332683836039834,45.0,0.11,0.0,0.1,0.0,46.89308587458766,46.89308587458766,46.89308587458766,46.89308587458766,0.0,52.332683836039834,0.02,0.01,0,3,3,2100,90,0,0,0,12.6,21,20
12,31.700000000000003,52.418800000003806,-1.5016999999998821,52.32784800415679,45.0,0.11,0.0,0.1,0.0,46.88875269189677,46.88875269189677,46.88875269189677,46.88875269189677,0.0,52.32784800415679,0.02,0.01,0,3,3,2100,90,0,0,0,12.6,21,20
12,31.8,52.418800000003806,-1.5016999999998821,52.10380695190305,45.0,0.11,0.0,0.1,0.0,46.68799906084503,46.68799906084503,46.68799906084503,46.68799906084503,0.0,52.10380695190305,0.02,0.01,0,3,3,2100,90,0,0,0,12.6,21,20
12,31.900000000000002,52.418800000003806,-1.5016999999998821,52.04450118249445,45.0,0.11,0.0,0.1,0.0,46.634857690407216,46.634857690407216,46.634857690407216,46.634857690407216,0.0,52.04450118249445,0.02,0.01,0,3,3,2100,90,0,0,0,12.6,21,20
12,32.0,52.418800000003806,-1.5016999999998821,52.20689186535109,45.0,0.11,0.0,0.1,0.0,46.780369054974095,46.780369054974095,46.780369054974095,46.780369054974095,0.0,52.20689186535109,0.02,0.01,0,3,3,2100,90,0,0,0,12.6,21,20
12,32.1,52.418800000003806,-1.5016999999998821,51.96784470930211,45.0,0.11,0.0,0.1,0.0,46.56616909435673,46.56616909435673,46.56616909435673,46.56616909435673,0.0,51.96784470930211,0.02,0.01,0,3,3,2100,90,0,0,0,12.6,21,20
12,32.2,52.418800000003806,-1.5016999999998821,52.22192299149574,45.0,0.11,0.0,0.1,0.0,46.793837805999765,46.793837805999765,46.793837805999765,46.793837805999765,0.0,52.22192299149574,0.02,0.01,0,3,3,2100,90,0,0,0,12.6,21,20
12,32.300000000000004,52.418800000003806,-1.5016999999998821,52.00788773520223,45.0,0.11,0.0,0.1,0.0,46.60204994193748,46.60204994193748,46.60204994193748,46.60204994193748,0.0,52.00788773520223,0.02,0.01,0,3,3,2100,90,0,0,0,12.6,21,20
12,32.4,52.418800000003806,-1.5016999999998821,52.25161266409053,45.0,0.11,0.0,0.1,0.0,46.82044145527826,46.82044145527826,46.82044145527826,46.82044145527826,0.0,52.25161266409053,0.02,0.01,0,3,3,2100,90,0,0,0,12.6,21,20
12,32.5,52.418800000003806,-1.5016999999998821,52.06910389422101,45.0,0.11,0.0,0.1,0.0,46.6569031310224,46.6569031310224,46.6569031310224,46.6569031310224,0.0,52.06910389422101,0.02,0.01,0,3,3,2100,90,0,0,0,12.6,21,20
12,32.6,52.418800000003806,-1.5016999999998821,52.70566683365578,45.0,0.11,0.0,0.1,0.0,47.22730003015751,47.22730003015751,47.22730003015751,47.22730003015751,0.0,52.70566683365578,0.02,0.01,0,3,3,2100,90,0,0,0,12.6,21,20
12,32.7,52.418800000003806,-1.5016999999998821,52.241796455698776,45.0,0.11,0.0,0.1,0.0,46.811645569622556,46.811645569622556,46.811645569622556,46.811645569622556,0.0,52.241796455698776,0.02,0.01,0,3,3,2100,90,0,0,0,12.6,21,20
12,32.800000000000004,52.418800000003806,-1.5016999999998821,52.17799724744525,45.0,0.11,0.0,0.1,0.0,46.75447782029144,46.75447782029144,46.75447782029144,46.75447782029144,0.0,52.17799724744525,0.02,0.01,0,3,3,2100,90,0,0,0,12.6,21,20
12,32.9,52.418800000003806,-1.5016999999998821,52.40612425773972,45.0,0.11,0.0,0.1,0.0,46.95889270406785,46.95889270406785,46.95889270406785,46.95889270406785,0.0,52.40612425773972,0.02,0.01,0,3,3,2100,90,0,0,0,12.6,21,20
12,33.0,52.418800000003806,-1.5016999999998821,52.43799483320995,45.0,0.11,0.0,0.1,0.0,46.98745056739243,46.98745056739243,46.98745056739243,46.98745056739243,0.0,52.43799483320995,0.02,0.01,0,3,3,2100,90,0,0,0,12.6,21,20
12,33.1,52.418800000003806,-1.5016999999998821,51.638613709801,45.0,0.11,0.0,0.1,0.0,46.271159238172935,46.271159238172935,46.271159238172935,46.271159238172935,0.0,51.638613709801,0.02,0.01,0,3,3,2100,90,0,0,0,12.6,21,20
12,33.2,52.418800000003806,-1.5016999999998821,52.14911410956194,45.0,0.11,0.0,0.1,0.0,46.72859687236733,46.72859687236733,46.72859687236733,46.72859687236733,0.0,52.14911410956194,0.02,0.01,0,3,3,2100,90,0,0,0,12.6,21,20
12,33.300000000000004,52.418800000003806,-1.5016999999998821,52.2209805240744,45.0,0.11,0.0,0.1,0.0,46.792993301141934,46.792993301141934,46.792993301141934,46.792993301141934,0.0,52.2209805240744,0.02,0.01,0,3,3,2100,90,0,0,0,12.6,21,20
12,33.4,52.418800000003806,-1.5016999999998821,52.3535582306517,45.0,0.11,0.0,0.1,0.0,46.91179052925779,46.91179052925779,46.91179052925779,46.91179052925779,0.0,52.3535582306517,0.02,0.01,0,3,3,2100,90,0,0,0,12.6,21,20
12,33.5,52.418800000003806,-1.5016999999998821,51.959401973844656,45.0,0.11,0.0,0.1,0.0,46.55860391921564,46.55860391921564,46.55860391921564,46.55860391921564,0.0,51.959401973844656,0.02,0.01,0,3,3,2100,90,0,0,0,12.6,21,20
12,33.6,52.418800000003806,-1.5016999999998821,52.212420904016525,45.0,0.11,0.0,0.1,0.0,46.78532339069581,46.78532339069581,46.78532339069581,46.78532339069581,0.0,52.212420904016525,0.02,0.01,0,3,3,2100,90,0,0,0,12.6,21,20
12,33.7,52.418800000003806,-1.5016999999998821,52.241040999531705,45.0,0.11,0.0,0.1,0.0,46.81096863757321,46.81096863757321,46.81096863757321,46.81096863757321,0.0,52.241040999531705,0.02,0.01,0,3,3,2100,90,0,0,0,12.6,21,20
12,33.800000000000004,52.418800000003806,-1.5016999999998821,51.86018084193777,45.0,0.11,0.0,0.1,0.0,46.46969609492631,46.46969609492631,46.46969609492631,46.46969609492631,0.0,51.86018084193777,0.02,0.01,0,3,3,2100,90,0,0,0,12.6,21,20
12,33.9,52.418800000003806,-1.5016999999998821,52.11322133038968,45.0,0.11,0.0,0.1,0.0,46.69643488386172,46.69643488386172,46.69643488386172,46.69643488386172,0.0,52.11322133038968,0.02,0.01,0,3,3,2100,90,0,0,0,12.6,21,20
12,34.0,52.418800000003806,-1.5016999999998821,52.2365652129704,45.0,0.11,0.0,0.1,0.0,46.80695807613835,46.80695807613835,46.80695807613835,46.80695807613835,0.0,52.2365652129704,0.02,0.01,0,3,3,2100,90,0,0,0,12.6,21,20
12,34.1,52.418800000003806,-1.5016999999998821,52.10160311597955,45.0,0.11,0.0,0.1,0.0,46.68602429747271,46.68602429747271,46.68602429747271,46.68602429747271,0.0,52.10160311597955,0.02,0.01,0,3,3,2100,90,0,0,0,12.6,21,20
12,34.2,52.418800000003806,-1.5016999999998821,52.21402948154384,45.0,0.11,0.0,0.1,0.0,46.78676476840846,46.78676476840846,46.78676476840846,46.78676476840846,0.0,52.21402948154384,0.02,0.01,0,3,3,2100,90,0,0,0,12.6,21,20
12,34.300000000000004,52.418800000003806,-1.5016999999998821,51.960009556574825,45.0,0.11,0.0,0.1,0.0,46.559148348185325,46.559148348185325,46.559148348185325,46.559148348185325,0.0,51.960009556574825,0.02,0.01,0,3,3,2100,90,0,0,0,12.6,21,20
12,34.4,52.418800000003806,-1.5016999999998821,52.210234783475805,45.0,0.11,0.0,0.1,0.0,46.7833645013224,46.7833645013224,46.7833645013224,46.7833645013224,0.0,52.210234783475805,0.02,0.01,0,3,3,2100,90,0,0,0,12.6,21,20
12,34.5,52.418800000003806,-1.5016999999998821,52.21174031116987,45.0,0.11,0.0,0.1,0.0,46.78471354047479,46.78471354047479,46.78471354047479,46.78471354047479,0.0,52.21174031116987,0.02,0.01,0,3,3,2100,90,0,0,0,12.6,21,20
12,34.6,52.418800000003806,-1.5016999999998821,52.159371647337736,45.0,0.11,0.0,0.1,0.0,46.73778821446034,46.73778821446034,46.73778821446034,46.73778821446034,0.0,52.159371647337736,0.02,0.01,0,3,3,2100,90,0,0,0,12.6,21,20
12,34.7,52.418800000003806,-1.5016999999998821,52.05607486031517,45.0,0.11,0.0,0.1,0.0,46.64522836945804,46.64522836945804,46.64522836945804,46.64522836945804,0.0,52.05607486031517,0.02,0.01,0,3,3,2100,90,0,0,0,12.6,21,20
12,34.800000000000004,52.418800000003806,-1.5016999999998821,52.148410456040885,45.0,0.11,0.0,0.1,0.0,46.727966358459575,46.727966358459575,46.727966358459575,46.727966358459575,0.0,52.148410456040885,0.02,0.01,0,3,3,2100,90,0,0,0,12.6,21,20
12,34.9,52.418800000003806,-1.5016999999998821,52.23002938838981,45.0,0.11,0.0,0.1,0.0,46.80110160249983,46.80110160249983,46.80110160249983,46.80110160249983,0.0,52.23002938838981,0.02,0.01,0,3,3,2100,90,0,0,0,12.6,21,20
12,35.0,52.418800000003806,-1.5016999999998821,52.4948258859969,45.0,0.11,0.0,0.1,0.0,47.038374449818015,47.038374449818015,47.038374449818015,47.038374449818015,0.0,52.4948258859969,0.02,0.01,0,3,3,2100,90,0,0,0,12.6,21,20
12,35.1,52.418800000003806,-1.5016999999998821,52.0483806071554,45.0,0.11,0.0,0.1,0.0,46.63833387737939,46.63833387737939,46.63833387737939,46.63833387737939,0.0,52.0483806071554,0.02,0.01,0,3,3,2100,90,0,0,0,12.6,21,20
12,35.2,52.418800000003806,-1.5016999999998821,52.394186968749814,45.0,0.11,0.0,0.1,0.0,46.94819620855718,46.94819620855718,46.94819620855718,46.94819620855718,0.0,52.394186968749814,0.02,0.01,0,3,3,2100,90,0,0,0,12.6,21,20
12,35.300000000000004,52.418800000003806,-1.5016999999998821,52.08075108039365,45.0,0.11,0.0,0.1,0.0,46.667339677772084,46.667339677772084,46.667339677772084,46.667339677772084,0.0,52.08075108039365,0.02,0.01,0,3,3,2100,90,0,0,0,12.6,21,20
12,35.4,52.418800000003806,-1.5016999999998821,51.89015274553368,45.0,0.11,0.0,0.1,0.0,46.4965526393671,46.4965526393671,46.4965526393671,46.4965526393671,0.0,51.89015274553368,0.02,0.01,0,3,3,2100,90,0,0,0,12.6,21,20
12,35.5,52.418800000003806,-1.5016999999998821,51.96327333339543,45.0,0.11,0.0,0.1,0.0,46.562072879386584,46.562072879386584,46.562072879386584,46.562072879386584,0.0,51.96327333339543,0.02,0.01,0,3,3,2100,90,0,0,0,12.6,21,20
12,35.6,52.418800000003806,-1.5016999999998821,51.843427592384316,45.0,0.11,0.0,0.1,0.0,46.45468422256659,46.45468422256659,46.45468422256659,46.45468422256659,0.0,51.843427592384316,0.02,0.01,0,3,3,2100,90,0,0,0,12.6,21,20
12,35.7,52.418800000003806,-1.5016999999998821,52.27661681473102,45.0,0.11,0.0,0.1,0.0,46.84284660818192,46.84284660818192,46.84284660818192,46.84284660818192,0.0,52.27661681473102,0.02,0.01,0,3,3,2100,90,0,0,0,12.6,21,20
12,35.800000000000004,52.418800000003806,-1.5016999999998821,51.595309194852,45.0,0.11,0.0,0.1,0.0,46.23235590936559,46.23235590936559,46.23235590936559,46.23235590936559,0.0,51.595309194852,0.02,0.01,0,3,3,2100,90,0,0,0,12.6,21,20
12,35.9,52.418800000003806,-1.5016999999998821,51.89953268877646,45.0,0.11,0.0,0.1,0.0,46.504957606430516,46.504957606430516,46.504957606430516,46.504957606430516,0.0,51.89953268877646,0.02,0.01,0,3,3,2100,90,0,0,0,12.6,21,20
12,36.0,52.418800000003806,-1.5016999999998821,52.01120647080925,45.0,0.11,0.0,0.1,0.0,46.605023719363125,46.605023719363125,46.605023719363125,46.605023719363125,0.0,52.01120647080925,0.02,0.01,0,3,3,2100,90,0,0,0,12.6,21,20
12,36.1,52.418800000003806,-1.5016999999998821,51.87112661499003,45.0,0.11,0.0,0.1,0.0,46.47950413529573,46.47950413529573,46.47950413529573,46.47950413529573,0.0,51.87112661499003,0.02,0.01,0,3,3,2100,90,0,0,0,12.6,21,20
12,36.2,52.418800000003806,-1.5016999999998821,52.66405695626645,45.0,0.11,0.0,0.1,0.0,47.19001519378714,47.19001519378714,47.19001519378714,47.19001519378714,0.0,52.66405695626645,0.02,0.01,0,3,3,2100,90,0,0,0,12.6,21,20
12,36.300000000000004,52.418800000003806,-1.5016999999998821,52.26904221119795,45.0,0.11,0.0,0.1,0.0,46.83605932903042,46.83605932903042,46.83605932903042,46.83605932903042,0.0,52.26904221119795,0.02,0.01,0,3,3,2100,90,0,0,0,12.6,21,20
12,36.4,52.418800000003806,-1.5016999999998821,52.14411246104764,45.0,0.11,0.0,0.1,0.0,46.724115108465625,46.724115108465625,46.724115108465625,46.724115108465625,0.0,52.14411246104764,0.02,0.01,0,3,3,2100,90,0,0,0,12.6,21,20
12,36.5,52.418800000003806,-1.5016999999998821,52.64774556353659,45.0,0.11,0.0,0.1,0.0,47.175399250480815,47.175399250480815,47.175399250480815,47.175399250480815,0.0,52.64774556353659,0.02,0.01,0,3,3,2100,90,0,0,0,12.6,21,20
12,36.6,52.418800000003806,-1.5016999999998821,52.35443171963373,45.0,0.11,0.0,0.1,0.0,46.912573225478255,46.912573225478255,46.912573225478255,46.912573225478255,0.0,52.35443171963373,0.02,0.01,0,3,3,2100,90,0,0,0,12.6,21,20
12,36.7,52.418800000003806,-1.5016999999998821,52.20269640313667,45.0,0.11,0.0,0.1,0.0,46.77660968022999,46.77660968022999,46.77660968022999,46.77660968022999,0.0,52.20269640313667,0.02,0.01,0,3,3,2100,90,0,0,0,12.6,21,20
12,36.800000000000004,52.418800000003806,-1.5016999999998821,52.126822596142006,45.0,0.11,0.0,0.1,0.0,46.70862239797671,46.70862239797671,46.70862239797671,46.70862239797671,0.0,52.126822596142006,0.02,0.01,0,3,3,2100,90,0,0,0,12.6,21,20
12,36.9,52.418800000003806,-1.5016999999998821,52.266592309658506,45.0,0.11,0.0,0.1,0.0,46.83386407675493,46.83386407675493,46.83386407675493,46.83386407675493,0.0,52.266592309658506,0.02,0.01,0,3,3,2100,90,0,0,0,12.6,21,20
12,37.0,52.418800000003806,-1.5016999999998821,52.427124815845914,45.0,0.11,0.0,0.1,0.0,46.977710408464084,46.977710408464084,46.977710408464084,46.977710408464084,0.0,52.427124815845914,0.02,0.01,0,3,3,2100,90,0,0,0,12.6,21,20
12,37.1,52.418800000003806,-1.5016999999998821,51.98442062757972,45.0,0.11,0.0,0.1,0.0,46.581022067723765,46.581022067723765,46.581022067723765,46.581022067723765,0.0,51.98442062757972,0.02,0.01,0,3,3,2100,90,0,0,0,12.6,21,20
12,37.2,52.418800000003806,-1.5016999999998821,52.32340696688862,45.0,0.11,0.0,0.1,0.0,46.884773267821345,46.884773267821345,46.884773267821345,46.884773267821345,0.0,52.32340696688862,0.02,0.01,0,3,3,2100,90,0,0,0,12.6,21,20
12,37.300000000000004,52.418800000003806,-1.5016999999998821,52.22424480364152,45.0,0.11,0.0,0.1,0.0,46.7959182828329,46.7959182828329,46.7959182828329,46.7959182828329,0.0,52.22424480364152,0.02,0.01,0,3,3,2100,90,0,0,0,12.6,21,20
12,37.4,52.418800000003806,-1.5016999999998821,52.11909667401728,45.0,0.11,0.0,0.1,0.0,46.70169952868932,46.70169952868932,46.70169952868932,46.70169952868932,0.0,52.11909667401728,0.02,0.01,0,3,3,2100,90,0,0,0,12.6,21,20
12,37.5,52.418800000003806,-1.5016999999998821,52.034066157088866,45.0,0.11,0.0,0.1,0.0,46.62550730921941,46.62550730921941,46.62550730921941,46.62550730921941,0.0,52.034066157088866,0.02,0.01,0,3,3,2100,90,0,0,0,12.6,21,20
12,37.6,52.418800000003806,-1.5016999999998821,52.27750605030088,45.0,0.11,0.0,0.1,0.0,46.8436434142481,46.8436434142481,46.8436434142481,46.8436434142481,0.0,52.27750605030088,0.02,0.01,0,3,3,2100,90,0,0,0,12.6,21,20
12,37.7,52.418800000003806,-1.5016999999998821,51.98397993725782,45.0,0.11,0.0,0.1,0.0,46.58062718392277,46.58062718392277,46.58062718392277,46.58062718392277,0.0,51.98397993725782,0.02,0.01,0,3,3,2100,90,0,0,0,12.6,21,20
12,37.800000000000004,52.418800000003806,-1.5016999999998821,52.4199659625988,45.0,0.11,0.0,0.1,0.0,46.97129566541111,46.97129566541111,46.97129566541111,46.97129566541111,0.0,52.4199659625988,0.02,0.01,0,3,3,2100,90,0,0,0,12.6,21,20
12,37.9,52.418800000003806,-1.5016999999998821,52.239265819273896,45.0,0.11,0.0,0.1,0.0,46.80937797425977,46.80937797425977,46.80937797425977,46.80937797425977,0.0,52.239265819273896,0.02,0.01,0,3,3,2100,90,0,0,0,12.6,21,20
12,38.0,52.418800000003806,-1.5016999999998821,52.33960265714085,45.0,0.11,0.0,0.1,0.0,46.899285535072444,46.899285535072444,46.899285535072444,46.899285535072444,0.0,52.33960265714085,0.02,0.01,0,3,3,2100,90,0,0,0,12.6,21,20
12,38.1,52.418800000003806,-1.5016999999998821,52.0439906399677,45.0,0.11,0.0,0.1,0.0,46.63440021502482,46.63440021502482,46.63440021502482,46.63440021502482,0.0,52.0439906399677,0.02,0.01,0,3,3,2100,90,0,0,0,12.6,21,20
12,38.2,52.418800000003806,-1.5016999999998821,52.39855693806267,45.0,0.11,0.0,0.1,0.0,46.95211195166906,46.95211195166906,46.95211195166906,46.95211195166906,0.0,52.39855693806267,0.02,0.01,0,3,3,2100,90,0,0,0,12.6,21,20
12,38.300000000000004,52.418800000003806,-1.5016999999998821,51.680801392133795,45.0,0.11,0.0,0.1,0.0,46.308961820908415,46.308961820908415,46.308961820908415,46.308961820908415,0.0,51.680801392133795,0.02,0.01,0,3,3,2100,90,0,0,0,12.6,21,20
12,38.400000000000006,52.418800000003806,-1.5016999999998821,52.312045709266464,45.0,0.11,0.0,0.1,0.0,46.87459292945024,46.87459292945024,46.87459292945024,46.87459292945024,0.0,52.312045709266464,0.02,0.01,0,3,3,2100,90,0,0,0,12.6,21,20
12,38.5,52.418800000003806,-1.5016999999998821,52.23145172792936,45.0,0.11,0.0,0.1,0.0,46.80237610029513,46.80237610029513,46.80237610029513,46.80237610029513,0.0,52.23145172792936,0.02,0.01,0,3,3,2100,90,0,0,0,12.6,21,20
12,38.6,52.418800000003806,-1.5016999999998821,52.488993894186095,45.0,0.11,0.0,0.1,0.0,47.03314865070438,47.03314865070438,47.03314865070438,47.03314865070438,0.0,52.488993894186095,0.02,0.01,0,3,3,2100,90,0,0,0,12.6,21,20
12,38.7,52.418800000003806,-1.5016999999998821,51.875245734690466,45.0,0.11,0.0,0.1,0.0,46.48319510276923,46.48319510276923,46.48319510276923,46.48319510276923,0.0,51.875245734690466,0.02,0.01,0,3,3,2100,90,0,0,0,12.6,21,20
12,38.800000000000004,52.418800000003806,-1.5016999999998821,52.102502334643084,45.0,0.11,0.0,0.1,0.0,46.68683004896334,46.68683004896334,46.68683004896334,46.68683004896334,0.0,52.102502334643084,0.02,0.01,0,3,3,2100,90,0,0,0,12.6,21,20
12,38.900000000000006,52.418800000003806,-1.5016999999998821,52.525953055854856,45.0,0.11,0.0,0.1,0.0,47.06626617908141,47.06626617908141,47.06626617908141,47.06626617908141,0.0,52.525953055854856,0.02,0.01,0,3,3,2100,90,0,0,0,12.6,21,20
12,39.0,52.418800000003806,-1.5016999999998821,52.229417046632584,45.0,0.11,0.0,0.1,0.0,46.80055290916898,46.80055290916898,46.80055290916898,46.80055290916898,0.0,52.229417046632584,0.02,0.01,0,3,3,2100,90,0,0,0,12.6,21,20
12,39.1,52.418800000003806,-1.5016999999998821,52.28881447833549,45.0,0.11,0.0,0.1,0.0,46.85377641427911,46.85377641427911,46.85377641427911,46.85377641427911,0.0,52.28881447833549,0.02,0.01,0,3,3,2100,90,0,0,0,12.6,21,20
12,39.2,52.418800000003806,-1.5016999999998821,52.009049247728065,45.0,0.11,0.0,0.1,0.0,46.60309072377067,46.60309072377067,46.60309072377067,46.60309072377067,0.0,52.009049247728065,0.02,0.01,0,3,3,2100,90,0,0,0,12.6,21,20
12,39.300000000000004,52.418800000003806,-1.5016999999998821,52.23959206199598,45.0,0.11,0.0,0.1,0.0,46.809670306448005,46.809670306448005,46.809670306448005,46.809670306448005,0.0,52.23959206199598,0.02,0.01,0,3,3,2100,90,0,0,0,12.6,21,20
12,39.400000000000006,52.418800000003806,-1.5016999999998821,52.06019470157101,45.0,0.11,0.0,0.1,0.0,46.648919983486564,46.648919983486564,46.648919983486564,46.648919983486564,0.0,52.06019470157101,0.02,0.01,0,3,3,2100,90,0,0,0,12.6,21,20
12,39.5,52.418800000003806,-1.5016999999998821,52.478279630350265,45.0,0.11,0.0,0.1,0.0,47.02354805586941,47.02354805586941,47.02354805586941,47.02354805586941,0.0,52.478279630350265,0.02,0.01,0,3,3,2100,90,0,0,0,12.6,21,20
12,39.6,52.418800000003806,-1.5016999999998821,51.82298448978395,45.0,0.11,0.0,0.1,0.0,46.43636603027235,46.43636603027235,46.43636603027235,46.43636603027235,0.0,51.82298448978395,0.02,0.01,0,3,3,2100,90,0,0,0,12.6,21,20
12,39.7,52.418800000003806,-1.5016999999998821,52.213036737605925,45.0,0.11,0.0,0.1,0.0,46.785875212908536,46.785875212908536,46.785875212908536,46.785875212908536,0.0,52.213036737605925,0.02,0.01,0,3,3,2100,90,0,0,0,12.6,21,20
12,39.800000000000004,52.418800000003806,-1.5016999999998821,51.89007351304685,45.0,0.11,0.0,0.1,0.0,46.49648164251509,46.49648164251509,46.49648164251509,46.49648164251509,0.0,51.89007351304685,0.02,0.01,0,3,3,2100,90,0,0,0,12.6,21,20
12,39.900000000000006,52.418800000003806,-1.5016999999998821,52.52259398508054,45.0,0.11,0.0,0.1,0.0,47.06325625903274,47.06325625903274,47.06325625903274,47.06325625903274,0.0,52.52259398508054,0.02,0.01,0,3,3,2100,90,0,0,0,12.6,21,20
12,40.0,52.418800000003806,-1.5016999999998821,0.0,45.0,0.11,0.0,0.1,0.0,0.0,0.0,0.0,0.0,0.0,0.0,0.02,0.01,0,3,3,850,90,0,0,0,12.6,21,20
12,40.1,52.418800000003806,-1.5016999999998821,0.0,45.0,0.11,0.0,0.1,0.0,0.0,0.0,0.0,0.0,0.0,0.0,0.02,0.01,0,3,3,850,90,0,0,0,12.6,21,20
12,40.2,52.418800000003806,-1.5016999999998821,0.0,45.0,0.11,0.0,0.1,0.0,0.0,0.0,0.0,0.0,0.0,0.0,0.02,0.01,0,3,3,850,90,0,0,0,12.6,21,20
12,40.300000000000004,52.418800000003806,-1.5016999999998821,0.0,45.0,0.11,0.0,0.1,0.0,0.0,0.0,0.0,0.0,0.0,0.0,0.02,0.01,0,3,3,850,90,0,0,0,12.6,21,20
12,40.400000000000006,52.418800000003806,-1.5016999999998821,0.0,45.0,0.11,0.0,0.1,0.0,0.0,0.0,0.0,0.0,0.0,0.0,0.02,0.01,0,3,3,850,90,0,0,0,12.6,21,20
12,40.5,52.418800000003806,-1.5016999999998821,0.0,45.0,0.11,0.0,0.1,0.0,0.0,0.0,0.0,0.0,0.0,0.0,0.02,0.01,0,3,3,850,90,0,0,0,12.6,21,20
12,40.6,52.418800000003806,-1.5016999999998821,0.0,45.0,0.11,0.0,0.1,0.0,0.0,0.0,0.0,0.0,0.0,0.0,0.02,0.01,0,3,3,850,90,0,0,0,12.6,21,20
12,40.7,52.418800000003806,-1.5016999999998821,0.0,45.0,0.11,0.0,0.1,0.0,0.0,0.0,0.0,0.0,0.0,0.0,0.02,0.01,0,3,3,850,90,0,0,0,12.6,21,20
12,40.800000000000004,52.418800000003806,-1.5016999999998821,0.0,45.0,0.11,0.0,0.1,0.0,0.0,0.0,0.0,0.0,0.0,0.0,0.02,0.01,0,3,3,850,90,0,0,0,12.6,21,20
12,40.900000000000006,52.418800000003806,-1.5016999999998821,0.0,45.0,0.11,0.0,0.1,0.0,0.0,0.0,0.0,0.0,0.0,0.0,0.02,0.01,0,3,3,850,90,0,0,0,12.6,21,20
12,41.0,52.418800000003806,-1.5016999999998821,0.0,45.0,0.11,0.0,0.1,0.0,0.0,0.0,0.0,0.0,0.0,0.0,0.02,0.01,0,3,3,850,90,0,0,0,12.6,21,20
12,41.1,52.418800000003806,-1.5016999999998821,0.0,45.0,0.11,0.0,0.1,0.0,0.0,0.0,0.0,0.0,0.0,0.0,0.02,0.01,0,3,3,850,90,0,0,0,12.6,21,20
12,41.2,52.418800000003806,-1.5016999999998821,0.0,45.0,0.11,0.0,0.1,0.0,0.0,0.0,0.0,0.0,0.0,0.0,0.02,0.01,0,3,3,850,90,0,0,0,12.6,21,20
12,41.300000000000004,52.418800000003806,-1.5016999999998821,0.0,45.0,0.11,0.0,0.1,0.0,0.0,0.0,0.0,0.0,0.0,0.0,0.02,0.01,0,3,3,850,90,0,0,0,12.6,21,20
12,41.400000000000006,52.418800000003806,-1.5016999999998821,0.0,45.0,0.11,0.0,0.1,0.0,0.0,0.0,0.0,0.0,0.0,0.0,0.02,0.01,0,3,3,850,90,0,0,0,12.6,21,20
12,41.5,52.418800000003806,-1.5016999999998821,0.0,45.0,0.11,0.0,0.1,0.0,0.0,0.0,0.0,0.0,0.0,0.0,0.02,0.01,0,3,3,850,90,0,0,0,12.6,21,20
12,41.6,52.418800000003806,-1.5016999999998821,0.0,45.0,0.11,0.0,0.1,0.0,0.0,0.0,0.0,0.0,0.0,0.0,0.02,0.01,0,3,3,850,90,0,0,0,12.6,21,20
12,41.7,52.418800000003806,-1.5016999999998821,0.0,45.0,0.11,0.0,0.1,0.0,0.0,0.0,0.0,0.0,0.0,0.0,0.02,0.01,0,3,3,850,90,0,0,0,12.6,21,20
12,41.800000000000004,52.418800000003806,-1.5016999999998821,0.0,45.0,0.11,0.0,0.1,0.0,0.0,0.0,0.0,0.0,0.0,0.0,0.02,0.01,0,3,3,850,90,0,0,0,12.6,21,20
12,41.900000000000006,52.418800000003806,-1.5016999999998821,0.0,45.0,0.11,0.0,0.1,0.0,0.0,0.0,0.0,0.0,0.0,0.0,0.02,0.01,0,3,3,850,90,0,0,0,12.6,21,20
12,42.0,52.418800000003806,-1.5016999999998821,0.0,45.0,0.11,0.0,0.1,0.0,0.0,0.0,0.0,0.0,0.0,0.0,0.02,0.01,0,3,3,850,90,0,0,0,12.6,21,20
12,42.1,52.418800000003806,-1.5016999999998821,0.0,45.0,0.11,0.0,0.1,0.0,0.0,0.0,0.0,0.0,0.0,0.0,0.02,0.01,0,3,3,850,90,0,0,0,12.6,21,20
12,42.2,52.418800000003806,-1.5016999999998821,0.0,45.0,0.11,0.0,0.1,0.0,0.0,0.0,0.0,0.0,0.0,0.0,0.02,0.01,0,3,3,850,90,0,0,0,12.6,21,20
12,42.300000000000004,52.418800000003806,-1.5016999999998821,0.0,45.0,0.11,0.0,0.1,0.0,0.0,0.0,0.0,0.0,0.0,0.0,0.02,0.01,0,3,3,850,90,0,0,0,12.6,21,20
12,42.400000000000006,52.418800000003806,-1.5016999999998821,0.0,45.0,0.11,0.0,0.1,0.0,0.0,0.0,0.0,0.0,0.0,0.0,0.02,0.01,0,3,3,850,90,0,0,0,12.6,21,20
12,42.5,52.418800000003806,-1.5016999999998821,0.0,45.0,0.11,0.0,0.1,0.0,0.0,0.0,0.0,0.0,0.0,0.0,0.02,0.01,0,3,3,850,90,0,0,0,12.6,21,20
12,42.6,52.418800000003806,-1.5016999999998821,0.0,45.0,0.11,0.0,0.1,0.0,0.0,0.0,0.0,0.0,0.0,0.0,0.02,0.01,0,3,3,850,90,0,0,0,12.6,21,20
12,42.7,52.418800000003806,-1.5016999999998821,0.0,45.0,0.11,0.0,0.1,0.0,0.0,0.0,0.0,0.0,0.0,0.0,0.02,0.01,0,3,3,850,90,0,0,0,12.6,21,20
12,42.800000000000004,52.418800000003806,-1.5016999999998821,0.0,45.0,0.11,0.0,0.1,0.0,0.0,0.0,0.0,0.0,0.0,0.0,0.02,0.01,0,3,3,850,90,0,0,0,12.6,21,20
12,42.900000000000006,52.418800000003806,-1.5016999999998821,0.0,45.0,0.11,0.0,0.1,0.0,0.0,0.0,0.0,0.0,0.0,0.0,0.02,0.01,0,3,3,850,90,0,0,0,12.6,21,20
12,43.0,52.418800000003806,-1.5016999999998821,0.0,45.0,0.11,0.0,0.1,0.0,0.0,0.0,0.0,0.0,0.0,0.0,0.02,0.01,0,3,3,850,90,0,0,0,12.6,21,20
12,43.1,52.418800000003806,-1.5016999999998821,0.0,45.0,0.11,0.0,0.1,0.0,0.0,0.0,0.0,0.0,0.0,0.0,0.02,0.01,0,3,3,850,90,0,0,0,12.6,21,20
12,43.2,52.418800000003806,-1.5016999999998821,0.0,45.0,0.11,0.0,0.1,0.0,0.0,0.0,0.0,0.0,0.0,0.0,0.02,0.01,0,3,3,850,90,0,0,0,12.6,21,20
12,43.300000000000004,52.418800000003806,-1.5016999999998821,0.0,45.0,0.11,0.0,0.1,0.0,0.0,0.0,0.0,0.0,0.0,0.0,0.02,0.01,0,3,3,850,90,0,0,0,12.6,21,20
12,43.400000000000006,52.418800000003806,-1.5016999999998821,0.0,45.0,0.11,0.0,0.1,0.0,0.0,0.0,0.0,0.0,0.0,0.0,0.02,0.01,0,3,3,850,90,0,0,0,12.6,21,20
12,43.5,52.418800000003806,-1.5016999999998821,0.0,45.0,0.11,0.0,0.1,0.0,0.0,0.0,0.0,0.0,0.0,0.0,0.02,0.01,0,3,3,850,90,0,0,0,12.6,21,20
12,43.6,52.418800000003806,-1.5016999999998821,0.0,45.0,0.11,0.0,0.1,0.0,0.0,0.0,0.0,0.0,0.0,0.0,0.02,0.01,0,3,3,850,90,0,0,0,12.6,21,20
12,43.7,52.418800000003806,-1.5016999999998821,0.0,45.0,0.11,0.0,0.1,0.0,0.0,0.0,0.0,0.0,0.0,0.0,0.02,0.01,0,3,3,850,90,0,0,0,12.6,21,20
12,43.800000000000004,52.418800000003806,-1.5016999999998821,0.0,45.0,0.11,0.0,0.1,0.0,0.0,0.0,0.0,0.0,0.0,0.0,0.02,0.01,0,3,3,850,90,0,0,0,12.6,21,20
12,43.900000000000006,52.418800000003806,-1.5016999999998821,0.0,45.0,0.11,0.0,0.1,0.0,0.0,0.0,0.0,0.0,0.0,0.0,0.02,0.01,0,3,3,850,90,0,0,0,12.6,21,20
12,44.0,52.418800000003806,-1.5016999999998821,0.0,45.0,0.11,0.0,0.1,0.0,0.0,0.0,0.0,0.0,0.0,0.0,0.02,0.01,0,3,3,850,90,0,0,0,12.6,21,20
12,44.1,52.418800000003806,-1.5016999999998821,0.0,45.0,0.11,0.0,0.1,0.0,0.0,0.0,0.0,0.0,0.0,0.0,0.02,0.01,0,3,3,850,90,0,0,0,12.6,21,20
12,44.2,52.418800000003806,-1.5016999999998821,0.0,45.0,0.11,0.0,0.1,0.0,0.0,0.0,0.0,0.0,0.0,0.0,0.02,0.01,0,3,3,850,90,0,0,0,12.6,21,20
12,44.300000000000004,52.418800000003806,-1.5016999999998821,0.0,45.0,0.11,0.0,0.1,0.0,0.0,0.0,0.0,0.0,0.0,0.0,0.02,0.01,0,3,3,850,90,0,0,0,12.6,21,20
12,44.400000000000006,52.418800000003806,-1.5016999999998821,0.0,45.0,0.11,0.0,0.1,0.0,0.0,0.0,0.0,0.0,0.0,0.0,0.02,0.01,0,3,3,850,90,0,0,0,12.6,21,20
12,44.5,52.418800000003806,-1.5016999999998821,0.0,45.0,0.11,0.0,0.1,0.0,0.0,0.0,0.0,0.0,0.0,0.0,0.02,0.01,0,3,3,850,90,0,0,0,12.6,21,20
12,44.6,52.418800000003806,-1.5016999999998821,0.0,45.0,0.11,0.0,0.1,0.0,0.0,0.0,0.0,0.0,0.0,0.0,0.02,0.01,0,3,3,850,90,0,0,0,12.6,21,20
12,44.7,52.418800000003806,-1.5016999999998821,0.0,45.0,0.11,0.0,0.1,0.0,0.0,0.0,0.0,0.0,0.0,0.0,0.02,0.01,0,3,3,850,90,0,0,0,12.6,21,20
12,44.800000000000004,52.418800000003806,-1.5016999999998821,0.0,45.0,0.11,0.0,0.1,0.0,0.0,0.0,0.0,0.0,0.0,0.0,0.02,0.01,0,3,3,850,90,0,0,0,12.6,21,20
12,44.900000000000006,52.418800000003806,-1.5016999999998821,0.0,45.0,0.11,0.0,0.1,0.0,0.0,0.0,0.0,0.0,0.0,0.0,0.02,0.01,0,3,3,850,90,0,0,0,12.6,21,20
12,45.0,52.418800000003806,-1.5016999999998821,0.0,45.0,0.11,0.0,0.1,0.0,0.0,0.0,0.0,0.0,0.0,0.0,0.02,0.01,0,3,3,850,90,0,0,0,12.6,21,20
12,45.1,52.418800000003806,-1.5016999999998821,0.0,45.0,0.11,0.0,0.1,0.0,0.0,0.0,0.0,0.0,0.0,0.0,0.02,0.01,0,3,3,850,90,0,0,0,12.6,21,20
12,45.2,52.418800000003806,-1.5016999999998821,0.0,45.0,0.11,0.0,0.1,0.0,0.0,0.0,0.0,0.0,0.0,0.0,0.02,0.01,0,3,3,850,90,0,0,0,12.6,21,20
12,45.300000000000004,52.418800000003806,-1.5016999999998821,0.0,45.0,0.11,0.0,0.1,0.0,0.0,0.0,0.0,0.0,0.0,0.0,0.02,0.01,0,3,3,850,90,0,0,0,12.6,21,20
12,45.400000000000006,52.418800000003806,-1.5016999999998821,0.0,45.0,0.11,0.0,0.1,0.0,0.0,0.0,0.0,0.0,0.0,0.0,0.02,0.01,0,3,3,850,90,0,0,0,12.6,21,20
12,45.5,52.418800000003806,-1.5016999999998821,0.0,45.0,0.11,0.0,0.1,0.0,0.0,0.0,0.0,0.0,0.0,0.0,0.02,0.01,0,3,3,850,90,0,0,0,12.6,21,20
12,45.6,52.418800000003806,-1.5016999999998821,0.0,45.0,0.11,0.0,0.1,0.0,0.0,0.0,0.0,0.0,0.0,0.0,0.02,0.01,0,3,3,850,90,0,0,0,12.6,21,20
12,45.7,52.418800000003806,-1.5016999999998821,0.0,45.0,0.11,0.0,0.1,0.0,0.0,0.0,0.0,0.0,0.0,0.0,0.02,0.01,0,3,3,850,90,0,0,0,12.6,21,20
12,45.800000000000004,52.418800000003806,-1.5016999999998821,0.0,45.0,0.11,0.0,0.1,0.0,0.0,0.0,0.0,0.0,0.0,0.0,0.02,0.01,0,3,3,850,90,0,0,0,12.6,21,20
12,45.900000000000006,52.418800000003806,-1.5016999999998821,0.0,45.0,0.11,0.0,0.1,0.0,0.0,0.0,0.0,0.0,0.0,0.0,0.02,0.01,0,3,3,850,90,0,0,0,12.6,21,20
12,46.0,52.418800000003806,-1.5016999999998821,0.0,45.0,0.11,0.0,0.1,0.0,0.0,0.0,0.0,0.0,0.0,0.0,0.02,0.01,0,3,3,850,90,0,0,0,12.6,21,20
12,46.1,52.418800000003806,-1.5016999999998821,0.0,45.0,0.11,0.0,0.1,0.0,0.0,0.0,0.0,0.0,0.0,0.0,0.02,0.01,0,3,3,850,90,0,0,0,12.6,21,20
12,46.2,52.418800000003806,-1.5016999999998821,0.0,45.0,0.11,0.0,0.1,0.0,0.0,0.0,0.0,0.0,0.0,0.0,0.02,0.01,0,3,3,850,90,0,0,0,12.6,21,20
12,46.300000000000004,52.418800000003806,-1.5016999999998821,0.0,45.0,0.11,0.0,0.1,0.0,0.0,0.0,0.0,0.0,0.0,0.0,0.02,0.01,0,3,3,850,90,0,0,0,12.6,21,20
12,46.400000000000006,52.418800000003806,-1.5016999999998821,0.0,45.0,0.11,0.0,0.1,0.0,0.0,0.0,0.0,0.0,0.0,0.0,0.02,0.01,0,3,3,850,90,0,0,0,12.6,21,20
12,46.5,52.418800000003806,-1.5016999999998821,0.0,45.0,0.11,0.0,0.1,0.0,0.0,0.0,0.0,0.0,0.0,0.0,0.02,0.01,0,3,3,850,90,0,0,0,12.6,21,20
12,46.6,52.418800000003806,-1.5016999999998821,0.0,45.0,0.11,0.0,0.1,0.0,0.0,0.0,0.0,0.0,0.0,0.0,0.02,0.01,0,3,3,850,90,0,0,0,12.6,21,20
12,46.7,52.418800000003806,-1.5016999999998821,0.0,45.0,0.11,0.0,0.1,0.0,0.0,0.0,0.0,0.0,0.0,0.0,0.02,0.01,0,3,3,850,90,0,0,0,12.6,21,20
12,46.800000000000004,52.418800000003806,-1.5016999999998821,0.0,45.0,0.11,0.0,0.1,0.0,0.0,0.0,0.0,0.0,0.0,0.0,0.02,0.01,0,3,3,850,90,0,0,0,12.6,21,20
12,46.900000000000006,52.418800000003806,-1.5016999999998821,0.0,45.0,0.11,0.0,0.1,0.0,0.0,0.0,0.0,0.0,0.0,0.0,0.02,0.01,0,3,3,850,90,0,0,0,12.6,21,20
12,47.0,52.418800000003806,-1.5016999999998821,0.0,45.0,0.11,0.0,0.1,0.0,0.0,0.0,0.0,0.0,0.0,0.0,0.02,0.01,0,3,3,850,90,0,0,0,12.6,21,20
12,47.1,52.418800000003806,-1.5016999999998821,0.0,45.0,0.11,0.0,0.1,0.0,0.0,0.0,0.0,0.0,0.0,0.0,0.02,0.01,0,3,3,850,90,0,0,0,12.6,21,20
12,47.2,52.418800000003806,-1.5016999999998821,0.0,45.0,0.11,0.0,0.1,0.0,0.0,0.0,0.0,0.0,0.0,0.0,0.02,0.01,0,3,3,850,90,0,0,0,12.6,21,20
12,47.300000000000004,52.418800000003806,-1.5016999999998821,0.0,45.0,0.11,0.0,0.1,0.0,0.0,0.0,0.0,0.0,0.0,0.0,0.02,0.01,0,3,3,850,90,0,0,0,12.6,21,20
12,47.400000000000006,52.418800000003806,-1.5016999999998821,0.0,45.0,0.11,0.0,0.1,0.0,0.0,0.0,0.0,0.0,0.0,0.0,0.02,0.01,0,3,3,850,90,0,0,0,12.6,21,20
12,47.5,52.418800000003806,-1.5016999999998821,0.0,45.0,0.11,0.0,0.1,0.0,0.0,0.0,0.0,0.0,0.0,0.0,0.02,0.01,0,3,3,850,90,0,0,0,12.6,21,20
12,47.6,52.418800000003806,-1.5016999999998821,0.0,45.0,0.11,0.0,0.1,0.0,0.0,0.0,0.0,0.0,0.0,0.0,0.02,0.01,0,3,3,850,90,0,0,0,12.6,21,20
12,47.7,52.418800000003806,-1.5016999999998821,0.0,45.0,0.11,0.0,0.1,0.0,0.0,0.0,0.0,0.0,0.0,0.0,0.02,0.01,0,3,3,850,90,0,0,0,12.6,21,20
12,47.800000000000004,52.418800000003806,-1.5016999999998821,0.0,45.0,0.11,0.0,0.1,0.0,0.0,0.0,0.0,0.0,0.0,0.0,0.02,0.01,0,3,3,850,90,0,0,0,12.6,21,20
12,47.900000000000006,52.418800000003806,-1.5016999999998821,0.0,45.0,0.11,0.0,0.1,0.0,0.0,0.0,0.0,0.0,0.0,0.0,0.02,0.01,0,3,3,850,90,0,0,0,12.6,21,20
12,48.0,52.418800000003806,-1.5016999999998821,0.0,45.0,0.11,0.0,0.1,0.0,0.0,0.0,0.0,0.0,0.0,0.0,0.02,0.01,0,3,3,850,90,0,0,0,12.6,21,20
12,48.1,52.418800000003806,-1.5016999999998821,0.0,45.0,0.11,0.0,0.1,0.0,0.0,0.0,0.0,0.0,0.0,0.0,0.02,0.01,0,3,3,850,90,0,0,0,12.6,21,20
12,48.2,52.418800000003806,-1.5016999999998821,0.0,45.0,0.11,0.0,0.1,0.0,0.0,0.0,0.0,0.0,0.0,0.0,0.02,0.01,0,3,3,850,90,0,0,0,12.6,21,20
12,48.300000000000004,52.418800000003806,-1.5016999999998821,0.0,45.0,0.11,0.0,0.1,0.0,0.0,0.0,0.0,0.0,0.0,0.0,0.02,0.01,0,3,3,850,90,0,0,0,12.6,21,20
12,48.400000000000006,52.418800000003806,-1.5016999999998821,0.0,45.0,0.11,0.0,0.1,0.0,0.0,0.0,0.0,0.0,0.0,0.0,0.02,0.01,0,3,3,850,90,0,0,0,12.6,21,20
12,48.5,52.418800000003806,-1.5016999999998821,0.0,45.0,0.11,0.0,0.1,0.0,0.0,0.0,0.0,0.0,0.0,0.0,0.02,0.01,0,3,3,850,90,0,0,0,12.6,21,20
12,48.6,52.418800000003806,-1.5016999999998821,0.0,45.0,0.11,0.0,0.1,0.0,0.0,0.0,0.0,0.0,0.0,0.0,0.02,0.01,0,3,3,850,90,0,0,0,12.6,21,20
12,48.7,52.418800000003806,-1.5016999999998821,0.0,45.0,0.11,0.0,0.1,0.0,0.0,0.0,0.0,0.0,0.0,0.0,0.02,0.01,0,3,3,850,90,0,0,0,12.6,21,20
12,48.800000000000004,52.418800000003806,-1.5016999999998821,0.0,45.0,0.11,0.0,0.1,0.0,0.0,0.0,0.0,0.0,0.0,0.0,0.02,0.01,0,3,3,850,90,0,0,0,12.6,21,20
12,48.900000000000006,52.418800000003806,-1.5016999999998821,0.0,45.0,0.11,0.0,0.1,0.0,0.0,0.0,0.0,0.0,0.0,0.0,0.02,0.01,0,3,3,850,90,0,0,0,12.6,21,20
12,49.0,52.418800000003806,-1.5016999999998821,0.0,45.0,0.11,0.0,0.1,0.0,0.0,0.0,0.0,0.0,0.0,0.0,0.02,0.01,0,3,3,850,90,0,0,0,12.6,21,20
12,49.1,52.418800000003806,-1.5016999999998821,0.0,45.0,0.11,0.0,0.1,0.0,0.0,0.0,0.0,0.0,0.0,0.0,0.02,0.01,0,3,3,850,90,0,0,0,12.6,21,20
12,49.2,52.418800000003806,-1.5016999999998821,0.0,45.0,0.11,0.0,0.1,0.0,0.0,0.0,0.0,0.0,0.0,0.0,0.02,0.01,0,3,3,850,90,0,0,0,12.6,21,20
12,49.300000000000004,52.418800000003806,-1.5016999999998821,0.0,45.0,0.11,0.0,0.1,0.0,0.0,0.0,0.0,0.0,0.0,0.0,0.02,0.01,0,3,3,850,90,0,0,0,12.6,21,20
12,49.400000000000006,52.418800000003806,-1.5016999999998821,0.0,45.0,0.11,0.0,0.1,0.0,0.0,0.0,0.0,0.0,0.0,0.0,0.02,0.01,0,3,3,850,90,0,0,0,12.6,21,20
12,49.5,52.418800000003806,-1.5016999999998821,0.0,45.0,0.11,0.0,0.1,0.0,0.0,0.0,0.0,0.0,0.0,0.0,0.02,0.01,0,3,3,850,90,0,0,0,12.6,21,20
12,49.6,52.418800000003806,-1.5016999999998821,0.0,45.0,0.11,0.0,0.1,0.0,0.0,0.0,0.0,0.0,0.0,0.0,0.02,0.01,0,3,3,850,90,0,0,0,12.6,21,20
12,49.7,52.418800000003806,-1.5016999999998821,0.0,45.0,0.11,0.0,0.1,0.0,0.0,0.0,0.0,0.0,0.0,0.0,0.02,0.01,0,3,3,850,90,0,0,0,12.6,21,20
12,49.800000000000004,52.418800000003806,-1.5016999999998821,0.0,45.0,0.11,0.0,0.1,0.0,0.0,0.0,0.0,0.0,0.0,0.0,0.02,0.01,0,3,3,850,90,0,0,0,12.6,21,20
12,49.900000000000006,52.418800000003806,-1.5016999999998821,0.0,45.0,0.11,0.0,0.1,0.0,0.0,0.0,0.0,0.0,0.0,0.0,0.02,0.01,0,3,3,850,90,0,0,0,12.6,21,20
12,50.0,52.418800000003806,-1.5016999999998821,0.0,45.0,0.11,0.0,0.1,0.0,0.0,0.0,0.0,0.0,0.0,0.0,0.02,0.01,0,3,3,850,90,0,0,0,12.6,21,20
12,50.1,52.418800000003806,-1.5016999999998821,0.0,45.0,0.11,0.0,0.1,0.0,0.0,0.0,0.0,0.0,0.0,0.0,0.02,0.01,0,3,3,850,90,0,0,0,12.6,21,20
12,50.2,52.418800000003806,-1.5016999999998821,0.0,45.0,0.11,0.0,0.1,0.0,0.0,0.0,0.0,0.0,0.0,0.0,0.02,0.01,0,3,3,850,90,0,0,0,12.6,21,20
12,50.300000000000004,52.418800000003806,-1.5016999999998821,0.0,45.0,0.11,0.0,0.1,0.0,0.0,0.0,0.0,0.0,0.0,0.0,0.02,0.01,0,3,3,850,90,0,0,0,12.6,21,20
12,50.400000000000006,52.418800000003806,-1.5016999999998821,0.0,45.0,0.11,0.0,0.1,0.0,0.0,0.0,0.0,0.0,0.0,0.0,0.02,0.01,0,3,3,850,90,0,0,0,12.6,21,20
12,50.5,52.418800000003806,-1.5016999999998821,0.0,45.0,0.11,0.0,0.1,0.0,0.0,0.0,0.0,0.0,0.0,0.0,0.02,0.01,0,3,3,850,90,0,0,0,12.6,21,20
12,50.6,52.418800000003806,-1.5016999999998821,0.0,45.0,0.11,0.0,0.1,0.0,0.0,0.0,0.0,0.0,0.0,0.0,0.02,0.01,0,3,3,850,90,0,0,0,12.6,21,20
12,50.7,52.418800000003806,-1.5016999999998821,0.0,45.0,0.11,0.0,0.1,0.0,0.0,0.0,0.0,0.0,0.0,0.0,0.02,0.01,0,3,3,850,90,0,0,0,12.6,21,20
12,50.800000000000004,52.418800000003806,-1.5016999999998821,0.0,45.0,0.11,0.0,0.1,0.0,0.0,0.0,0.0,0.0,0.0,0.0,0.02,0.01,0,3,3,850,90,0,0,0,12.6,21,20
12,50.900000000000006,52.418800000003806,-1.5016999999998821,0.0,45.0,0.11,0.0,0.1,0.0,0.0,0.0,0.0,0.0,0.0,0.0,0.02,0.01,0,3,3,850,90,0,0,0,12.6,21,20
12,51.0,52.418800000003806,-1.5016999999998821,0.0,45.0,0.11,0.0,0.1,0.0,0.0,0.0,0.0,0.0,0.0,0.0,0.02,0.01,0,3,3,850,90,0,0,0,12.6,21,20
12,51.1,52.418800000003806,-1.5016999999998821,0.0,45.0,0.11,0.0,0.1,0.0,0.0,0.0,0.0,0.0,0.0,0.0,0.02,0.01,0,3,3,850,90,0,0,0,12.6,21,20
12,51.2,52.418800000003806,-1.5016999999998821,0.0,45.0,0.11,0.0,0.1,0.0,0.0,0.0,0.0,0.0,0.0,0.0,0.02,0.01,0,3,3,850,90,0,0,0,12.6,21,20
12,51.300000000000004,52.418800000003806,-1.5016999999998821,0.0,45.0,0.11,0.0,0.1,0.0,0.0,0.0,0.0,0.0,0.0,0.0,0.02,0.01,0,3,3,850,90,0,0,0,12.6,21,20
12,51.400000000000006,52.418800000003806,-1.5016999999998821,0.0,45.0,0.11,0.0,0.1,0.0,0.0,0.0,0.0,0.0,0.0,0.0,0.02,0.01,0,3,3,850,90,0,0,0,12.6,21,20
12,51.5,52.418800000003806,-1.5016999999998821,0.0,45.0,0.11,0.0,0.1,0.0,0.0,0.0,0.0,0.0,0.0,0.0,0.02,0.01,0,3,3,850,90,0,0,0,12.6,21,20
12,51.6,52.418800000003806,-1.5016999999998821,0.0,45.0,0.11,0.0,0.1,0.0,0.0,0.0,0.0,0.0,0.0,0.0,0.02,0.01,0,3,3,850,90,0,0,0,12.6,21,20
12,51.7,52.418800000003806,-1.5016999999998821,0.0,45.0,0.11,0.0,0.1,0.0,0.0,0.0,0.0,0.0,0.0,0.0,0.02,0.01,0,3,3,850,90,0,0,0,12.6,21,20
12,51.800000000000004,52.418800000003806,-1.5016999999998821,0.0,45.0,0.11,0.0,0.1,0.0,0.0,0.0,0.0,0.0,0.0,0.0,0.02,0.01,0,3,3,850,90,0,0,0,12.6,21,20
12,51.900000000000006,52.418800000003806,-1.5016999999998821,0.0,45.0,0.11,0.0,0.1,0.0,0.0,0.0,0.0,0.0,0.0,0.0,0.02,0.01,0,3,3,850,90,0,0,0,12.6,21,20
12,52.0,52.418800000003806,-1.5016999999998821,0.0,45.0,0.11,0.0,0.1,0.0,0.0,0.0,0.0,0.0,0.0,0.0,0.02,0.01,0,3,3,850,90,0,0,0,12.6,21,20
12,52.1,52.418800000003806,-1.5016999999998821,0.0,45.0,0.11,0.0,0.1,0.0,0.0,0.0,0.0,0.0,0.0,0.0,0.02,0.01,0,3,3,850,90,0,0,0,12.6,21,20
12,52.2,52.418800000003806,-1.5016999999998821,0.0,45.0,0.11,0.0,0.1,0.0,0.0,0.0,0.0,0.0,0.0,0.0,0.02,0.01,0,3,3,850,90,0,0,0,12.6,21,20
12,52.300000000000004,52.418800000003806,-1.5016999999998821,0.0,45.0,0.11,0.0,0.1,0.0,0.0,0.0,0.0,0.0,0.0,0.0,0.02,0.01,0,3,3,850,90,0,0,0,12.6,21,20
12,52.400000000000006,52.418800000003806,-1.5016999999998821,0.0,45.0,0.11,0.0,0.1,0.0,0.0,0.0,0.0,0.0,0.0,0.0,0.02,0.01,0,3,3,850,90,0,0,0,12.6,21,20
12,52.5,52.418800000003806,-1.5016999999998821,0.0,45.0,0.11,0.0,0.1,0.0,0.0,0.0,0.0,0.0,0.0,0.0,0.02,0.01,0,3,3,850,90,0,0,0,12.6,21,20
12,52.6,52.418800000003806,-1.5016999999998821,0.0,45.0,0.11,0.0,0.1,0.0,0.0,0.0,0.0,0.0,0.0,0.0,0.02,0.01,0,3,3,850,90,0,0,0,12.6,21,20
12,52.7,52.418800000003806,-1.5016999999998821,0.0,45.0,0.11,0.0,0.1,0.0,0.0,0.0,0.0,0.0,0.0,0.0,0.02,0.01,0,3,3,850,90,0,0,0,12.6,21,20
12,52.800000000000004,52.418800000003806,-1.5016999999998821,0.0,45.0,0.11,0.0,0.1,0.0,0.0,0.0,0.0,0.0,0.0,0.0,0.02,0.01,0,3,3,850,90,0,0,0,12.6,21,20
12,52.900000000000006,52.418800000003806,-1.5016999999998821,0.0,45.0,0.11,0.0,0.1,0.0,0.0,0.0,0.0,0.0,0.0,0.0,0.02,0.01,0,3,3,850,90,0,0,0,12.6,21,20
12,53.0,52.418800000003806,-1.5016999999998821,0.0,45.0,0.11,0.0,0.1,0.0,0.0,0.0,0.0,0.0,0.0,0.0,0.02,0.01,0,3,3,850,90,0,0,0,12.6,21,20
12,53.1,52.418800000003806,-1.5016999999998821,0.0,45.0,0.11,0.0,0.1,0.0,0.0,0.0,0.0,0.0,0.0,0.0,0.02,0.01,0,3,3,850,90,0,0,0,12.6,21,20
12,53.2,52.418800000003806,-1.5016999999998821,0.0,45.0,0.11,0.0,0.1,0.0,0.0,0.0,0.0,0.0,0.0,0.0,0.02,0.01,0,3,3,850,90,0,0,0,12.6,21,20
12,53.300000000000004,52.418800000003806,-1.5016999999998821,0.0,45.0,0.11,0.0,0.1,0.0,0.0,0.0,0.0,0.0,0.0,0.0,0.02,0.01,0,3,3,850,90,0,0,0,12.6,21,20
12,53.400000000000006,52.418800000003806,-1.5016999999998821,0.0,45.0,0.11,0.0,0.1,0.0,0.0,0.0,0.0,0.0,0.0,0.0,0.02,0.01,0,3,3,850,90,0,0,0,12.6,21,20
12,53.5,52.418800000003806,-1.5016999999998821,0.0,45.0,0.11,0.0,0.1,0.0,0.0,0.0,0.0,0.0,0.0,0.0,0.02,0.01,0,3,3,850,90,0,0,0,12.6,21,20
12,53.6,52.418800000003806,-1.5016999999998821,0.0,45.0,0.11,0.0,0.1,0.0,0.0,0.0,0.0,0.0,0.0,0.0,0.02,0.01,0,3,3,850,90,0,0,0,12.6,21,20
12,53.7,52.418800000003806,-1.5016999999998821,0.0,45.0,0.11,0.0,0.1,0.0,0.0,0.0,0.0,0.0,0.0,0.0,0.02,0.01,0,3,3,850,90,0,0,0,12.6,21,20
12,53.800000000000004,52.418800000003806,-1.5016999999998821,0.0,45.0,0.11,0.0,0.1,0.0,0.0,0.0,0.0,0.0,0.0,0.0,0.02,0.01,0,3,3,850,90,0,0,0,12.6,21,20
12,53.900000000000006,52.418800000003806,-1.5016999999998821,0.0,45.0,0.11,0.0,0.1,0.0,0.0,0.0,0.0,0.0,0.0,0.0,0.02,0.01,0,3,3,850,90,0,0,0,12.6,21,20
12,54.0,52.418800000003806,-1.5016999999998821,0.0,45.0,0.11,0.0,0.1,0.0,0.0,0.0,0.0,0.0,0.0,0.0,0.02,0.01,0,3,3,850,90,0,0,0,12.6,21,20
12,54.1,52.418800000003806,-1.5016999999998821,0.0,45.0,0.11,0.0,0.1,0.0,0.0,0.0,0.0,0.0,0.0,0.0,0.02,0.01,0,3,3,850,90,0,0,0,12.6,21,20
12,54.2,52.418800000003806,-1.5016999999998821,0.0,45.0,0.11,0.0,0.1,0.0,0.0,0.0,0.0,0.0,0.0,0.0,0.02,0.01,0,3,3,850,90,0,0,0,12.6,21,20
12,54.300000000000004,52.418800000003806,-1.5016999999998821,0.0,45.0,0.11,0.0,0.1,0.0,0.0,0.0,0.0,0.0,0.0,0.0,0.02,0.01,0,3,3,850,90,0,0,0,12.6,21,20
12,54.400000000000006,52.418800000003806,-1.5016999999998821,0.0,45.0,0.11,0.0,0.1,0.0,0.0,0.0,0.0,0.0,0.0,0.0,0.02,0.01,0,3,3,850,90,0,0,0,12.6,21,20
12,54.5,52.418800000003806,-1.5016999999998821,0.0,45.0,0.11,0.0,0.1,0.0,0.0,0.0,0.0,0.0,0.0,0.0,0.02,0.01,0,3,3,850,90,0,0,0,12.6,21,20
12,54.6,52.418800000003806,-1.5016999999998821,0.0,45.0,0.11,0.0,0.1,0.0,0.0,0.0,0.0,0.0,0.0,0.0,0.02,0.01,0,3,3,850,90,0,0,0,12.6,21,20
12,54.7,52.418800000003806,-1.5016999999998821,0.0,45.0,0.11,0.0,0.1,0.0,0.0,0.0,0.0,0.0,0.0,0.0,0.02,0.01,0,3,3,850,90,0,0,0,12.6,21,20
12,54.800000000000004,52.418800000003806,-1.5016999999998821,0.0,45.0,0.11,0.0,0.1,0.0,0.0,0.0,0.0,0.0,0.0,0.0,0.02,0.01,0,3,3,850,90,0,0,0,12.6,21,20
12,54.900000000000006,52.418800000003806,-1.5016999999998821,0.0,45.0,0.11,0.0,0.1,0.0,0.0,0.0,0.0,0.0,0.0,0.0,0.02,0.01,0,3,3,850,90,0,0,0,12.6,21,20
12,55.0,52.418800000003806,-1.5016999999998821,0.0,45.0,0.11,0.0,0.1,0.0,0.0,0.0,0.0,0.0,0.0,0.0,0.02,0.01,0,3,3,850,90,0,0,0,12.6,21,20
12,55.1,52.418800000003806,-1.5016999999998821,0.0,45.0,0.11,0.0,0.1,0.0,0.0,0.0,0.0,0.0,0.0,0.0,0.02,0.01,0,3,3,850,90,0,0,0,12.6,21,20
12,55.2,52.418800000003806,-1.5016999999998821,0.0,45.0,0.11,0.0,0.1,0.0,0.0,0.0,0.0,0.0,0.0,0.0,0.02,0.01,0,3,3,850,90,0,0,0,12.6,21,20
12,55.300000000000004,52.418800000003806,-1.5016999999998821,0.0,45.0,0.11,0.0,0.1,0.0,0.0,0.0,0.0,0.0,0.0,0.0,0.02,0.01,0,3,3,850,90,0,0,0,12.6,21,20
12,55.400000000000006,52.418800000003806,-1.5016999999998821,0.0,45.0,0.11,0.0,0.1,0.0,0.0,0.0,0.0,0.0,0.0,0.0,0.02,0.01,0,3,3,850,90,0,0,0,12.6,21,20
12,55.5,52.418800000003806,-1.5016999999998821,0.0,45.0,0.11,0.0,0.1,0.0,0.0,0.0,0.0,0.0,0.0,0.0,0.02,0.01,0,3,3,850,90,0,0,0,12.6,21,20
12,55.6,52.418800000003806,-1.5016999999998821,0.0,45.0,0.11,0.0,0.1,0.0,0.0,0.0,0.0,0.0,0.0,0.0,0.02,0.01,0,3,3,850,90,0,0,0,12.6,21,20
12,55.7,52.418800000003806,-1.5016999999998821,0.0,45.0,0.11,0.0,0.1,0.0,0.0,0.0,0.0,0.0,0.0,0.0,0.02,0.01,0,3,3,850,90,0,0,0,12.6,21,20
12,55.800000000000004,52.418800000003806,-1.5016999999998821,0.0,45.0,0.11,0.0,0.1,0.0,0.0,0.0,0.0,0.0,0.0,0.0,0.02,0.01,0,3,3,850,90,0,0,0,12.6,21,20
12,55.900000000000006,52.418800000003806,-1.5016999999998821,0.0,45.0,0.11,0.0,0.1,0.0,0.0,0.0,0.0,0.0,0.0,0.0,0.02,0.01,0,3,3,850,90,0,0,0,12.6,21,20
12,56.0,52.418800000003806,-1.5016999999998821,0.0,45.0,0.11,0.0,0.1,0.0,0.0,0.0,0.0,0.0,0.0,0.0,0.02,0.01,0,3,3,850,90,0,0,0,12.6,21,20
12,56.1,52.418800000003806,-1.5016999999998821,0.0,45.0,0.11,0.0,0.1,0.0,0.0,0.0,0.0,0.0,0.0,0.0,0.02,0.01,0,3,3,850,90,0,0,0,12.6,21,20
12,56.2,52.418800000003806,-1.5016999999998821,0.0,45.0,0.11,0.0,0.1,0.0,0.0,0.0,0.0,0.0,0.0,0.0,0.02,0.01,0,3,3,850,90,0,0,0,12.6,21,20
12,56.300000000000004,52.418800000003806,-1.5016999999998821,0.0,45.0,0.11,0.0,0.1,0.0,0.0,0.0,0.0,0.0,0.0,0.0,0.02,0.01,0,3,3,850,90,0,0,0,12.6,21,20
12,56.400000000000006,52.418800000003806,-1.5016999999998821,0.0,45.0,0.11,0.0,0.1,0.0,0.0,0.0,0.0,0.0,0.0,0.0,0.02,0.01,0,3,3,850,90,0,0,0,12.6,21,20
12,56.5,52.418800000003806,-1.5016999999998821,0.0,45.0,0.11,0.0,0.1,0.0,0.0,0.0,0.0,0.0,0.0,0.0,0.02,0.01,0,3,3,850,90,0,0,0,12.6,21,20
12,56.6,52.418800000003806,-1.5016999999998821,0.0,45.0,0.11,0.0,0.1,0.0,0.0,0.0,0.0,0.0,0.0,0.0,0.02,0.01,0,3,3,850,90,0,0,0,12.6,21,20
12,56.7,52.418800000003806,-1.5016999999998821,0.0,45.0,0.11,0.0,0.1,0.0,0.0,0.0,0.0,0.0,0.0,0.0,0.02,0.01,0,3,3,850,90,0,0,0,12.6,21,20
12,56.800000000000004,52.418800000003806,-1.5016999999998821,0.0,45.0,0.11,0.0,0.1,0.0,0.0,0.0,0.0,0.0,0.0,0.0,0.02,0.01,0,3,3,850,90,0,0,0,12.6,21,20
12,56.900000000000006,52.418800000003806,-1.5016999999998821,0.0,45.0,0.11,0.0,0.1,0.0,0.0,0.0,0.0,0.0,0.0,0.0,0.02,0.01,0,3,3,850,90,0,0,0,12.6,21,20
12,57.0,52.418800000003806,-1.5016999999998821,0.0,45.0,0.11,0.0,0.1,0.0,0.0,0.0,0.0,0.0,0.0,0.0,0.02,0.01,0,3,3,850,90,0,0,0,12.6,21,20
12,57.1,52.418800000003806,-1.5016999999998821,0.0,45.0,0.11,0.0,0.1,0.0,0.0,0.0,0.0,0.0,0.0,0.0,0.02,0.01,0,3,3,850,90,0,0,0,12.6,21,20
12,57.2,52.418800000003806,-1.5016999999998821,0.0,45.0,0.11,0.0,0.1,0.0,0.0,0.0,0.0,0.0,0.0,0.0,0.02,0.01,0,3,3,850,90,0,0,0,12.6,21,20
12,57.300000000000004,52.418800000003806,-1.5016999999998821,0.0,45.0,0.11,0.0,0.1,0.0,0.0,0.0,0.0,0.0,0.0,0.0,0.02,0.01,0,3,3,850,90,0,0,0,12.6,21,20
12,57.400000000000006,52.418800000003806,-1.5016999999998821,0.0,45.0,0.11,0.0,0.1,0.0,0.0,0.0,0.0,0.0,0.0,0.0,0.02,0.01,0,3,3,850,90,0,0,0,12.6,21,20
12,57.5,52.418800000003806,-1.5016999999998821,0.0,45.0,0.11,0.0,0.1,0.0,0.0,0.0,0.0,0.0,0.0,0.0,0.02,0.01,0,3,3,850,90,0,0,0,12.6,21,20
12,57.6,52.418800000003806,-1.5016999999998821,0.0,45.0,0.11,0.0,0.1,0.0,0.0,0.0,0.0,0.0,0.0,0.0,0.02,0.01,0,3,3,850,90,0,0,0,12.6,21,20
12,57.7,52.418800000003806,-1.5016999999998821,0.0,45.0,0.11,0.0,0.1,0.0,0.0,0.0,0.0,0.0,0.0,0.0,0.02,0.01,0,3,3,850,90,0,0,0,12.6,21,20
12,57.800000000000004,52.418800000003806,-1.5016999999998821,0.0,45.0,0.11,0.0,0.1,0.0,0.0,0.0,0.0,0.0,0.0,0.0,0.02,0.01,0,3,3,850,90,0,0,0,12.6,21,20
12,57.900000000000006,52.418800000003806,-1.5016999999998821,0.0,45.0,0.11,0.0,0.1,0.0,0.0,0.0,0.0,0.0,0.0,0.0,0.02,0.01,0,3,3,850,90,0,0,0,12.6,21,20
12,58.0,52.418800000003806,-1.5016999999998821,0.0,45.0,0.11,0.0,0.1,0.0,0.0,0.0,0.0,0.0,0.0,0.0,0.02,0.01,0,3,3,850,90,0,0,0,12.6,21,20
12,58.1,52.418800000003806,-1.5016999999998821,0.0,45.0,0.11,0.0,0.1,0.0,0.0,0.0,0.0,0.0,0.0,0.0,0.02,0.01,0,3,3,850,90,0,0,0,12.6,21,20
12,58.2,52.418800000003806,-1.5016999999998821,0.0,45.0,0.11,0.0,0.1,0.0,0.0,0.0,0.0,0.0,0.0,0.0,0.02,0.01,0,3,3,850,90,0,0,0,12.6,21,20
12,58.300000000000004,52.418800000003806,-1.5016999999998821,0.0,45.0,0.11,0.0,0.1,0.0,0.0,0.0,0.0,0.0,0.0,0.0,0.02,0.01,0,3,3,850,90,0,0,0,12.6,21,20
12,58.400000000000006,52.418800000003806,-1.5016999999998821,0.0,45.0,0.11,0.0,0.1,0.0,0.0,0.0,0.0,0.0,0.0,0.0,0.02,0.01,0,3,3,850,90,0,0,0,12.6,21,20
12,58.5,52.418800000003806,-1.5016999999998821,0.0,45.0,0.11,0.0,0.1,0.0,0.0,0.0,0.0,0.0,0.0,0.0,0.02,0.01,0,3,3,850,90,0,0,0,12.6,21,20
12,58.6,52.418800000003806,-1.5016999999998821,0.0,45.0,0.11,0.0,0.1,0.0,0.0,0.0,0.0,0.0,0.0,0.0,0.02,0.01,0,3,3,850,90,0,0,0,12.6,21,20
12,58.7,52.418800000003806,-1.5016999999998821,0.0,45.0,0.11,0.0,0.1,0.0,0.0,0.0,0.0,0.0,0.0,0.0,0.02,0.01,0,3,3,850,90,0,0,0,12.6,21,20
12,58.800000000000004,52.418800000003806,-1.5016999999998821,0.0,45.0,0.11,0.0,0.1,0.0,0.0,0.0,0.0,0.0,0.0,0.0,0.02,0.01,0,3,3,850,90,0,0,0,12.6,21,20
12,58.900000000000006,52.418800000003806,-1.5016999999998821,0.0,45.0,0.11,0.0,0.1,0.0,0.0,0.0,0.0,0.0,0.0,0.0,0.02,0.01,0,3,3,850,90,0,0,0,12.6,21,20
12,59.0,52.418800000003806,-1.5016999999998821,0.0,45.0,0.11,0.0,0.1,0.0,0.0,0.0,0.0,0.0,0.0,0.0,0.02,0.01,0,3,3,850,90,0,0,0,12.6,21,20
12,59.1,52.418800000003806,-1.5016999999998821,0.0,45.0,0.11,0.0,0.1,0.0,0.0,0.0,0.0,0.0,0.0,0.0,0.02,0.01,0,3,3,850,90,0,0,0,12.6,21,20
12,59.2,52.418800000003806,-1.5016999999998821,0.0,45.0,0.11,0.0,0.1,0.0,0.0,0.0,0.0,0.0,0.0,0.0,0.02,0.01,0,3,3,850,90,0,0,0,12.6,21,20
12,59.300000000000004,52.418800000003806,-1.5016999999998821,0.0,45.0,0.11,0.0,0.1,0.0,0.0,0.0,0.0,0.0,0.0,0.0,0.02,0.01,0,3,3,850,90,0,0,0,12.6,21,20
12,59.400000000000006,52.418800000003806,-1.5016999999998821,0.0,45.0,0.11,0.0,0.1,0.0,0.0,0.0,0.0,0.0,0.0,0.0,0.02,0.01,0,3,3,850,90,0,0,0,12.6,21,20
12,59.5,52.418800000003806,-1.5016999999998821,0.0,45.0,0.11,0.0,0.1,0.0,0.0,0.0,0.0,0.0,0.0,0.0,0.02,0.01,0,3,3,850,90,0,0,0,12.6,21,20
12,59.6,52.418800000003806,-1.5016999999998821,0.0,45.0,0.11,0.0,0.1,0.0,0.0,0.0,0.0,0.0,0.0,0.0,0.02,0.01,0,3,3,850,90,0,0,0,12.6,21,20
12,59.7,52.418800000003806,-1.5016999999998821,0.0,45.0,0.11,0.0,0.1,0.0,0.0,0.0,0.0,0.0,0.0,0.0,0.02,0.01,0,3,3,850,90,0,0,0,12.6,21,20
12,59.800000000000004,52.418800000003806,-1.5016999999998821,0.0,45.0,0.11,0.0,0.1,0.0,0.0,0.0,0.0,0.0,0.0,0.0,0.02,0.01,0,3,3,850,90,0,0,0,12.6,21,20
12,59.900000000000006,52.418800000003806,-1.5016999999998821,0.0,45.0,0.11,0.0,0.1,0.0,0.0,0.0,0.0,0.0,0.0,0.0,0.02,0.01,0,3,3,850,90,0,0,0,12.6,21,20
12,60.0,52.418800000003806,-1.5016999999998821,0.0,45.0,0.11,0.0,0.1,0.0,0.0,0.0,0.0,0.0,0.0,0.0,0.02,0.01,0,3,3,850,90,0,0,0,12.6,21,20
12,60.1,52.418800000003806,-1.5016999999998821,0.0,45.0,0.11,0.0,0.1,0.0,0.0,0.0,0.0,0.0,0.0,0.0,0.02,0.01,0,3,3,850,90,0,0,0,12.6,21,20
12,60.2,52.418800000003806,-1.5016999999998821,0.0,45.0,0.11,0.0,0.1,0.0,0.0,0.0,0.0,0.0,0.0,0.0,0.02,0.01,0,3,3,850,90,0,0,0,12.6,21,20
12,60.300000000000004,52.418800000003806,-1.5016999999998821,0.0,45.0,0.11,0.0,0.1,0.0,0.0,0.0,0.0,0.0,0.0,0.0,0.02,0.01,0,3,3,850,90,0,0,0,12.6,21,20
12,60.400000000000006,52.418800000003806,-1.5016999999998821,0.0,45.0,0.11,0.0,0.1,0.0,0.0,0.0,0.0,0.0,0.0,0.0,0.02,0.01,0,3,3,850,90,0,0,0,12.6,21,20
12,60.5,52.418800000003806,-1.5016999999998821,0.0,45.0,0.11,0.0,0.1,0.0,0.0,0.0,0.0,0.0,0.0,0.0,0.02,0.01,0,3,3,850,90,0,0,0,12.6,21,20
12,60.6,52.418800000003806,-1.5016999999998821,0.0,45.0,0.11,0.0,0.1,0.0,0.0,0.0,0.0,0.0,0.0,0.0,0.02,0.01,0,3,3,850,90,0,0,0,12.6,21,20
12,60.7,52.418800000003806,-1.5016999999998821,0.0,45.0,0.11,0.0,0.1,0.0,0.0,0.0,0.0,0.0,0.0,0.0,0.02,0.01,0,3,3,850,90,0,0,0,12.6,21,20
12,60.800000000000004,52.418800000003806,-1.5016999999998821,0.0,45.0,0.11,0.0,0.1,0.0,0.0,0.0,0.0,0.0,0.0,0.0,0.02,0.01,0,3,3,850,90,0,0,0,12.6,21,20
12,60.900000000000006,52.418800000003806,-1.5016999999998821,0.0,45.0,0.11,0.0,0.1,0.0,0.0,0.0,0.0,0.0,0.0,0.0,0.02,0.01,0,3,3,850,90,0,0,0,12.6,21,20
12,61.0,52.418800000003806,-1.5016999999998821,0.0,45.0,0.11,0.0,0.1,0.0,0.0,0.0,0.0,0.0,0.0,0.0,0.02,0.01,0,3,3,850,90,0,0,0,12.6,21,20
12,61.1,52.418800000003806,-1.5016999999998821,0.0,45.0,0.11,0.0,0.1,0.0,0.0,0.0,0.0,0.0,0.0,0.0,0.02,0.01,0,3,3,850,90,0,0,0,12.6,21,20
12,61.2,52.418800000003806,-1.5016999999998821,0.0,45.0,0.11,0.0,0.1,0.0,0.0,0.0,0.0,0.0,0.0,0.0,0.02,0.01,0,3,3,850,90,0,0,0,12.6,21,20
12,61.300000000000004,52.418800000003806,-1.5016999999998821,0.0,45.0,0.11,0.0,0.1,0.0,0.0,0.0,0.0,0.0,0.0,0.0,0.02,0.01,0,3,3,850,90,0,0,0,12.6,21,20
12,61.400000000000006,52.418800000003806,-1.5016999999998821,0.0,45.0,0.11,0.0,0.1,0.0,0.0,0.0,0.0,0.0,0.0,0.0,0.02,0.01,0,3,3,850,90,0,0,0,12.6,21,20
12,61.5,52.418800000003806,-1.5016999999998821,0.0,45.0,0.11,0.0,0.1,0.0,0.0,0.0,0.0,0.0,0.0,0.0,0.02,0.01,0,3,3,850,90,0,0,0,12.6,21,20
12,61.6,52.418800000003806,-1.5016999999998821,0.0,45.0,0.11,0.0,0.1,0.0,0.0,0.0,0.0,0.0,0.0,0.0,0.02,0.01,0,3,3,850,90,0,0,0,12.6,21,20
12,61.7,52.418800000003806,-1.5016999999998821,0.0,45.0,0.11,0.0,0.1,0.0,0.0,0.0,0.0,0.0,0.0,0.0,0.02,0.01,0,3,3,850,90,0,0,0,12.6,21,20
12,61.800000000000004,52.418800000003806,-1.5016999999998821,0.0,45.0,0.11,0.0,0.1,0.0,0.0,0.0,0.0,0.0,0.0,0.0,0.02,0.01,0,3,3,850,90,0,0,0,12.6,21,20
12,61.900000000000006,52.418800000003806,-1.5016999999998821,0.0,45.0,0.11,0.0,0.1,0.0,0.0,0.0,0.0,0.0,0.0,0.0,0.02,0.01,0,3,3,850,90,0,0,0,12.6,21,20
12,62.0,52.418800000003806,-1.5016999999998821,0.0,45.0,0.11,0.0,0.1,0.0,0.0,0.0,0.0,0.0,0.0,0.0,0.02,0.01,0,3,3,850,90,0,0,0,12.6,21,20
12,62.1,52.418800000003806,-1.5016999999998821,0.0,45.0,0.11,0.0,0.1,0.0,0.0,0.0,0.0,0.0,0.0,0.0,0.02,0.01,0,3,3,850,90,0,0,0,12.6,21,20
12,62.2,52.418800000003806,-1.5016999999998821,0.0,45.0,0.11,0.0,0.1,0.0,0.0,0.0,0.0,0.0,0.0,0.0,0.02,0.01,0,3,3,850,90,0,0,0,12.6,21,20
12,62.300000000000004,52.418800000003806,-1.5016999999998821,0.0,45.0,0.11,0.0,0.1,0.0,0.0,0.0,0.0,0.0,0.0,0.0,0.02,0.01,0,3,3,850,90,0,0,0,12.6,21,20
12,62.400000000000006,52.418800000003806,-1.5016999999998821,0.0,45.0,0.11,0.0,0.1,0.0,0.0,0.0,0.0,0.0,0.0,0.0,0.02,0.01,0,3,3,850,90,0,0,0,12.6,21,20
12,62.5,52.418800000003806,-1.5016999999998821,0.0,45.0,0.11,0.0,0.1,0.0,0.0,0.0,0.0,0.0,0.0,0.0,0.02,0.01,0,3,3,850,90,0,0,0,12.6,21,20
12,62.6,52.418800000003806,-1.5016999999998821,0.0,45.0,0.11,0.0,0.1,0.0,0.0,0.0,0.0,0.0,0.0,0.0,0.02,0.01,0,3,3,850,90,0,0,0,12.6,21,20
12,62.7,52.418800000003806,-1.5016999999998821,0.0,45.0,0.11,0.0,0.1,0.0,0.0,0.0,0.0,0.0,0.0,0.0,0.02,0.01,0,3,3,850,90,0,0,0,12.6,21,20
12,62.800000000000004,52.418800000003806,-1.5016999999998821,0.0,45.0,0.11,0.0,0.1,0.0,0.0,0.0,0.0,0.0,0.0,0.0,0.02,0.01,0,3,3,850,90,0,0,0,12.6,21,20
12,62.900000000000006,52.418800000003806,-1.5016999999998821,0.0,45.0,0.11,0.0,0.1,0.0,0.0,0.0,0.0,0.0,0.0,0.0,0.02,0.01,0,3,3,850,90,0,0,0,12.6,21,20
12,63.0,52.418800000003806,-1.5016999999998821,0.0,45.0,0.11,0.0,0.1,0.0,0.0,0.0,0.0,0.0,0.0,0.0,0.02,0.01,0,3,3,850,90,0,0,0,12.6,21,20
12,63.1,52.418800000003806,-1.5016999999998821,0.0,45.0,0.11,0.0,0.1,0.0,0.0,0.0,0.0,0.0,0.0,0.0,0.02,0.01,0,3,3,850,90,0,0,0,12.6,21,20
12,63.2,52.418800000003806,-1.5016999999998821,0.0,45.0,0.11,0.0,0.1,0.0,0.0,0.0,0.0,0.0,0.0,0.0,0.02,0.01,0,3,3,850,90,0,0,0,12.6,21,20
12,63.300000000000004,52.418800000003806,-1.5016999999998821,0.0,45.0,0.11,0.0,0.1,0.0,0.0,0.0,0.0,0.0,0.0,0.0,0.02,0.01,0,3,3,850,90,0,0,0,12.6,21,20
12,63.400000000000006,52.418800000003806,-1.5016999999998821,0.0,45.0,0.11,0.0,0.1,0.0,0.0,0.0,0.0,0.0,0.0,0.0,0.02,0.01,0,3,3,850,90,0,0,0,12.6,21,20
12,63.5,52.418800000003806,-1.5016999999998821,0.0,45.0,0.11,0.0,0.1,0.0,0.0,0.0,0.0,0.0,0.0,0.0,0.02,0.01,0,3,3,850,90,0,0,0,12.6,21,20
12,63.6,52.418800000003806,-1.5016999999998821,0.0,45.0,0.11,0.0,0.1,0.0,0.0,0.0,0.0,0.0,0.0,0.0,0.02,0.01,0,3,3,850,90,0,0,0,12.6,21,20
12,63.7,52.418800000003806,-1.5016999999998821,0.0,45.0,0.11,0.0,0.1,0.0,0.0,0.0,0.0,0.0,0.0,0.0,0.02,0.01,0,3,3,850,90,0,0,0,12.6,21,20
12,63.800000000000004,52.418800000003806,-1.5016999999998821,0.0,45.0,0.11,0.0,0.1,0.0,0.0,0.0,0.0,0.0,0.0,0.0,0.02,0.01,0,3,3,850,90,0,0,0,12.6,21,20
12,63.900000000000006,52.418800000003806,-1.5016999999998821,0.0,45.0,0.11,0.0,0.1,0.0,0.0,0.0,0.0,0.0,0.0,0.0,0.02,0.01,0,3,3,850,90,0,0,0,12.6,21,20
12,64.0,52.418800000003806,-1.5016999999998821,0.0,45.0,0.11,0.0,0.1,0.0,0.0,0.0,0.0,0.0,0.0,0.0,0.02,0.01,0,3,3,850,90,0,0,0,12.6,21,20
12,64.10000000000001,52.418800000003806,-1.5016999999998821,0.0,45.0,0.11,0.0,0.1,0.0,0.0,0.0,0.0,0.0,0.0,0.0,0.02,0.01,0,3,3,850,90,0,0,0,12.6,21,20
12,64.2,52.418800000003806,-1.5016999999998821,0.0,45.0,0.11,0.0,0.1,0.0,0.0,0.0,0.0,0.0,0.0,0.0,0.02,0.01,0,3,3,850,90,0,0,0,12.6,21,20
12,64.3,52.418800000003806,-1.5016999999998821,0.0,45.0,0.11,0.0,0.1,0.0,0.0,0.0,0.0,0.0,0.0,0.0,0.02,0.01,0,3,3,850,90,0,0,0,12.6,21,20
12,64.4,52.418800000003806,-1.5016999999998821,0.0,45.0,0.11,0.0,0.1,0.0,0.0,0.0,0.0,0.0,0.0,0.0,0.02,0.01,0,3,3,850,90,0,0,0,12.6,21,20
12,64.5,52.418800000003806,-1.5016999999998821,0.0,45.0,0.11,0.0,0.1,0.0,0.0,0.0,0.0,0.0,0.0,0.0,0.02,0.01,0,3,3,850,90,0,0,0,12.6,21,20
12,64.60000000000001,52.418800000003806,-1.5016999999998821,0.0,45.0,0.11,0.0,0.1,0.0,0.0,0.0,0.0,0.0,0.0,0.0,0.02,0.01,0,3,3,850,90,0,0,0,12.6,21,20
12,64.7,52.418800000003806,-1.5016999999998821,0.0,45.0,0.11,0.0,0.1,0.0,0.0,0.0,0.0,0.0,0.0,0.0,0.02,0.01,0,3,3,850,90,0,0,0,12.6,21,20
12,64.8,52.418800000003806,-1.5016999999998821,0.0,45.0,0.11,0.0,0.1,0.0,0.0,0.0,0.0,0.0,0.0,0.0,0.02,0.01,0,3,3,850,90,0,0,0,12.6,21,20
12,64.9,52.418800000003806,-1.5016999999998821,0.0,45.0,0.11,0.0,0.1,0.0,0.0,0.0,0.0,0.0,0.0,0.0,0.02,0.01,0,3,3,850,90,0,0,0,12.6,21,20
12,65.0,52.418800000003806,-1.5016999999998821,0.0,45.0,0.11,0.0,0.1,0.0,0.0,0.0,0.0,0.0,0.0,0.0,0.02,0.01,0,3,3,850,90,0,0,0,12.6,21,20
12,65.10000000000001,52.418800000003806,-1.5016999999998821,0.0,45.0,0.11,0.0,0.1,0.0,0.0,0.0,0.0,0.0,0.0,0.0,0.02,0.01,0,3,3,850,90,0,0,0,12.6,21,20
12,65.2,52.418800000003806,-1.5016999999998821,0.0,45.0,0.11,0.0,0.1,0.0,0.0,0.0,0.0,0.0,0.0,0.0,0.02,0.01,0,3,3,850,90,0,0,0,12.6,21,20
12,65.3,52.418800000003806,-1.5016999999998821,0.0,45.0,0.11,0.0,0.1,0.0,0.0,0.0,0.0,0.0,0.0,0.0,0.02,0.01,0,3,3,850,90,0,0,0,12.6,21,20
12,65.4,52.418800000003806,-1.5016999999998821,0.0,45.0,0.11,0.0,0.1,0.0,0.0,0.0,0.0,0.0,0.0,0.0,0.02,0.01,0,3,3,850,90,0,0,0,12.6,21,20
12,65.5,52.418800000003806,-1.5016999999998821,0.0,45.0,0.11,0.0,0.1,0.0,0.0,0.0,0.0,0.0,0.0,0.0,0.02,0.01,0,3,3,850,90,0,0,0,12.6,21,20
12,65.60000000000001,52.418800000003806,-1.5016999999998821,0.0,45.0,0.11,0.0,0.1,0.0,0.0,0.0,0.0,0.0,0.0,0.0,0.02,0.01,0,3,3,850,90,0,0,0,12.6,21,20
12,65.7,52.418800000003806,-1.5016999999998821,0.0,45.0,0.11,0.0,0.1,0.0,0.0,0.0,0.0,0.0,0.0,0.0,0.02,0.01,0,3,3,850,90,0,0,0,12.6,21,20
12,65.8,52.418800000003806,-1.5016999999998821,0.0,45.0,0.11,0.0,0.1,0.0,0.0,0.0,0.0,0.0,0.0,0.0,0.02,0.01,0,3,3,850,90,0,0,0,12.6,21,20
12,65.9,52.418800000003806,-1.5016999999998821,0.0,45.0,0.11,0.0,0.1,0.0,0.0,0.0,0.0,0.0,0.0,0.0,0.02,0.01,0,3,3,850,90,0,0,0,12.6,21,20
12,66.0,52.418800000003806,-1.5016999999998821,0.0,45.0,0.11,0.0,0.1,0.0,0.0,0.0,0.0,0.0,0.0,0.0,0.02,0.01,0,3,3,850,90,0,0,0,12.6,21,20
12,66.10000000000001,52.418800000003806,-1.5016999999998821,0.0,45.0,0.11,0.0,0.1,0.0,0.0,0.0,0.0,0.0,0.0,0.0,0.02,0.01,0,3,3,850,90,0,0,0,12.6,21,20
12,66.2,52.418800000003806,-1.5016999999998821,0.0,45.0,0.11,0.0,0.1,0.0,0.0,0.0,0.0,0.0,0.0,0.0,0.02,0.01,0,3,3,850,90,0,0,0,12.6,21,20
12,66.3,52.418800000003806,-1.5016999999998821,0.0,45.0,0.11,0.0,0.1,0.0,0.0,0.0,0.0,0.0,0.0,0.0,0.02,0.01,0,3,3,850,90,0,0,0,12.6,21,20
12,66.4,52.418800000003806,-1.5016999999998821,0.0,45.0,0.11,0.0,0.1,0.0,0.0,0.0,0.0,0.0,0.0,0.0,0.02,0.01,0,3,3,850,90,0,0,0,12.6,21,20
12,66.5,52.418800000003806,-1.5016999999998821,0.0,45.0,0.11,0.0,0.1,0.0,0.0,0.0,0.0,0.0,0.0,0.0,0.02,0.01,0,3,3,850,90,0,0,0,12.6,21,20
12,66.60000000000001,52.418800000003806,-1.5016999999998821,0.0,45.0,0.11,0.0,0.1,0.0,0.0,0.0,0.0,0.0,0.0,0.0,0.02,0.01,0,3,3,850,90,0,0,0,12.6,21,20
12,66.7,52.418800000003806,-1.5016999999998821,0.0,45.0,0.11,0.0,0.1,0.0,0.0,0.0,0.0,0.0,0.0,0.0,0.02,0.01,0,3,3,850,90,0,0,0,12.6,21,20
12,66.8,52.418800000003806,-1.5016999999998821,0.0,45.0,0.11,0.0,0.1,0.0,0.0,0.0,0.0,0.0,0.0,0.0,0.02,0.01,0,3,3,850,90,0,0,0,12.6,21,20
12,66.9,52.418800000003806,-1.5016999999998821,0.0,45.0,0.11,0.0,0.1,0.0,0.0,0.0,0.0,0.0,0.0,0.0,0.02,0.01,0,3,3,850,90,0,0,0,12.6,21,20
12,67.0,52.418800000003806,-1.5016999999998821,0.0,45.0,0.11,0.0,0.1,0.0,0.0,0.0,0.0,0.0,0.0,0.0,0.02,0.01,0,3,3,850,90,0,0,0,12.6,21,20
12,67.10000000000001,52.418800000003806,-1.5016999999998821,0.0,45.0,0.11,0.0,0.1,0.0,0.0,0.0,0.0,0.0,0.0,0.0,0.02,0.01,0,3,3,850,90,0,0,0,12.6,21,20
12,67.2,52.418800000003806,-1.5016999999998821,0.0,45.0,0.11,0.0,0.1,0.0,0.0,0.0,0.0,0.0,0.0,0.0,0.02,0.01,0,3,3,850,90,0,0,0,12.6,21,20
12,67.3,52.418800000003806,-1.5016999999998821,0.0,45.0,0.11,0.0,0.1,0.0,0.0,0.0,0.0,0.0,0.0,0.0,0.02,0.01,0,3,3,850,90,0,0,0,12.6,21,20
12,67.4,52.418800000003806,-1.5016999999998821,0.0,45.0,0.11,0.0,0.1,0.0,0.0,0.0,0.0,0.0,0.0,0.0,0.02,0.01,0,3,3,850,90,0,0,0,12.6,21,20
12,67.5,52.418800000003806,-1.5016999999998821,0.0,45.0,0.11,0.0,0.1,0.0,0.0,0.0,0.0,0.0,0.0,0.0,0.02,0.01,0,3,3,850,90,0,0,0,12.6,21,20
12,67.60000000000001,52.418800000003806,-1.5016999999998821,0.0,45.0,0.11,0.0,0.1,0.0,0.0,0.0,0.0,0.0,0.0,0.0,0.02,0.01,0,3,3,850,90,0,0,0,12.6,21,20
12,67.7,52.418800000003806,-1.5016999999998821,0.0,45.0,0.11,0.0,0.1,0.0,0.0,0.0,0.0,0.0,0.0,0.0,0.02,0.01,0,3,3,850,90,0,0,0,12.6,21,20
12,67.8,52.418800000003806,-1.5016999999998821,0.0,45.0,0.11,0.0,0.1,0.0,0.0,0.0,0.0,0.0,0.0,0.0,0.02,0.01,0,3,3,850,90,0,0,0,12.6,21,20
12,67.9,52.418800000003806,-1.5016999999998821,0.0,45.0,0.11,0.0,0.1,0.0,0.0,0.0,0.0,0.0,0.0,0.0,0.02,0.01,0,3,3,850,90,0,0,0,12.6,21,20
12,68.0,52.418800000003806,-1.5016999999998821,0.0,45.0,0.11,0.0,0.1,0.0,0.0,0.0,0.0,0.0,0.0,0.0,0.02,0.01,0,3,3,850,90,0,0,0,12.6,21,20
12,68.10000000000001,52.418800000003806,-1.5016999999998821,0.0,45.0,0.11,0.0,0.1,0.0,0.0,0.0,0.0,0.0,0.0,0.0,0.02,0.01,0,3,3,850,90,0,0,0,12.6,21,20
12,68.2,52.418800000003806,-1.5016999999998821,0.0,45.0,0.11,0.0,0.1,0.0,0.0,0.0,0.0,0.0,0.0,0.0,0.02,0.01,0,3,3,850,90,0,0,0,12.6,21,20
12,68.3,52.418800000003806,-1.5016999999998821,0.0,45.0,0.11,0.0,0.1,0.0,0.0,0.0,0.0,0.0,0.0,0.0,0.02,0.01,0,3,3,850,90,0,0,0,12.6,21,20
12,68.4,52.418800000003806,-1.5016999999998821,0.0,45.0,0.11,0.0,0.1,0.0,0.0,0.0,0.0,0.0,0.0,0.0,0.02,0.01,0,3,3,850,90,0,0,0,12.6,21,20
12,68.5,52.418800000003806,-1.5016999999998821,0.0,45.0,0.11,0.0,0.1,0.0,0.0,0.0,0.0,0.0,0.0,0.0,0.02,0.01,0,3,3,850,90,0,0,0,12.6,21,20
12,68.60000000000001,52.418800000003806,-1.5016999999998821,0.0,45.0,0.11,0.0,0.1,0.0,0.0,0.0,0.0,0.0,0.0,0.0,0.02,0.01,0,3,3,850,90,0,0,0,12.6,21,20
12,68.7,52.418800000003806,-1.5016999999998821,0.0,45.0,0.11,0.0,0.1,0.0,0.0,0.0,0.0,0.0,0.0,0.0,0.02,0.01,0,3,3,850,90,0,0,0,12.6,21,20
12,68.8,52.418800000003806,-1.5016999999998821,0.0,45.0,0.11,0.0,0.1,0.0,0.0,0.0,0.0,0.0,0.0,0.0,0.02,0.01,0,3,3,850,90,0,0,0,12.6,21,20
12,68.9,52.418800000003806,-1.5016999999998821,0.0,45.0,0.11,0.0,0.1,0.0,0.0,0.0,0.0,0.0,0.0,0.0,0.02,0.01,0,3,3,850,90,0,0,0,12.6,21,20
12,69.0,52.418800000003806,-1.5016999999998821,0.0,45.0,0.11,0.0,0.1,0.0,0.0,0.0,0.0,0.0,0.0,0.0,0.02,0.01,0,3,3,850,90,0,0,0,12.6,21,20
12,69.10000000000001,52.418800000003806,-1.5016999999998821,0.0,45.0,0.11,0.0,0.1,0.0,0.0,0.0,0.0,0.0,0.0,0.0,0.02,0.01,0,3,3,850,90,0,0,0,12.6,21,20
12,69.2,52.418800000003806,-1.5016999999998821,0.0,45.0,0.11,0.0,0.1,0.0,0.0,0.0,0.0,0.0,0.0,0.0,0.02,0.01,0,3,3,850,90,0,0,0,12.6,21,20
12,69.3,52.418800000003806,-1.5016999999998821,0.0,45.0,0.11,0.0,0.1,0.0,0.0,0.0,0.0,0.0,0.0,0.0,0.02,0.01,0,3,3,850,90,0,0,0,12.6,21,20
12,69.4,52.418800000003806,-1.5016999999998821,0.0,45.0,0.11,0.0,0.1,0.0,0.0,0.0,0.0,0.0,0.0,0.0,0.02,0.01,0,3,3,850,90,0,0,0,12.6,21,20
12,69.5,52.418800000003806,-1.5016999999998821,0.0,45.0,0.11,0.0,0.1,0.0,0.0,0.0,0.0,0.0,0.0,0.0,0.02,0.01,0,3,3,850,90,0,0,0,12.6,21,20
12,69.60000000000001,52.418800000003806,-1.5016999999998821,0.0,45.0,0.11,0.0,0.1,0.0,0.0,0.0,0.0,0.0,0.0,0.0,0.02,0.01,0,3,3,850,90,0,0,0,12.6,21,20
12,69.7,52.418800000003806,-1.5016999999998821,0.0,45.0,0.11,0.0,0.1,0.0,0.0,0.0,0.0,0.0,0.0,0.0,0.02,0.01,0,3,3,850,90,0,0,0,12.6,21,20
12,69.8,52.418800000003806,-1.5016999999998821,0.0,45.0,0.11,0.0,0.1,0.0,0.0,0.0,0.0,0.0,0.0,0.0,0.02,0.01,0,3,3,850,90,0,0,0,12.6,21,20
12,69.9,52.418800000003806,-1.5016999999998821,0.0,45.0,0.11,0.0,0.1,0.0,0.0,0.0,0.0,0.0,0.0,0.0,0.02,0.01,0,3,3,850,90,0,0,0,12.6,21,20
12,70.0,52.418800000003806,-1.5016999999998821,0.0,45.0,0.11,0.0,0.1,0.0,0.0,0.0,0.0,0.0,0.0,0.0,0.02,0.01,0,3,3,850,90,0,0,0,12.6,21,20
12,70.10000000000001,52.418800000003806,-1.5016999999998821,52.31719375362574,45.0,0.11,0.0,0.1,0.0,46.87920587242449,46.87920587242449,46.87920587242449,46.87920587242449,0.0,52.31719375362574,0.02,0.01,0,3,3,2100,90,0,0,0,12.6,21,20
12,70.2,52.418800000003806,-1.5016999999998821,52.36593014218957,45.0,0.11,0.0,0.1,0.0,46.922876471496025,46.922876471496025,46.922876471496025,46.922876471496025,0.0,52.36593014218957,0.02,0.01,0,3,3,2100,90,0,0,0,12.6,21,20
12,70.3,52.418800000003806,-1.5016999999998821,51.779764672913,45.0,0.11,0.0,0.1,0.0,46.397638595800174,46.397638595800174,46.397638595800174,46.397638595800174,0.0,51.779764672913,0.02,0.01,0,3,3,2100,90,0,0,0,12.6,21,20
12,70.4,52.418800000003806,-1.5016999999998821,52.145691248237995,45.0,0.11,0.0,0.1,0.0,46.72552979232795,46.72552979232795,46.72552979232795,46.72552979232795,0.0,52.145691248237995,0.02,0.01,0,3,3,2100,90,0,0,0,12.6,21,20
12,70.5,52.418800000003806,-1.5016999999998821,52.33428082601131,45.0,0.11,0.0,0.1,0.0,46.89451686918576,46.89451686918576,46.89451686918576,46.89451686918576,0.0,52.33428082601131,0.02,0.01,0,3,3,2100,90,0,0,0,12.6,21,20
12,70.60000000000001,52.418800000003806,-1.5016999999998821,52.24676190547514,45.0,0.11,0.0,0.1,0.0,46.81609489737916,46.81609489737916,46.81609489737916,46.81609489737916,0.0,52.24676190547514,0.02,0.01,0,3,3,2100,90,0,0,0,12.6,21,20
12,70.7,52.418800000003806,-1.5016999999998821,52.263297774180614,45.0,0.11,0.0,0.1,0.0,46.83091198403281,46.83091198403281,46.83091198403281,46.83091198403281,0.0,52.263297774180614,0.02,0.01,0,3,3,2100,90,0,0,0,12.6,21,20
12,70.8,52.418800000003806,-1.5016999999998821,52.345333213814,45.0,0.11,0.0,0.1,0.0,46.904420442485666,46.904420442485666,46.904420442485666,46.904420442485666,0.0,52.345333213814,0.02,0.01,0,3,3,2100,90,0,0,0,12.6,21,20
12,70.9,52.418800000003806,-1.5016999999998821,52.31063010278408,45.0,0.11,0.0,0.1,0.0,46.87332446486029,46.87332446486029,46.87332446486029,46.87332446486029,0.0,52.31063010278408,0.02,0.01,0,3,3,2100,90,0,0,0,12.6,21,20
12,71.0,52.418800000003806,-1.5016999999998821,51.962848479139616,45.0,0.11,0.0,0.1,0.0,46.561692185608976,46.561692185608976,46.561692185608976,46.561692185608976,0.0,51.962848479139616,0.02,0.01,0,3,3,2100,90,0,0,0,12.6,21,20
12,71.10000000000001,52.418800000003806,-1.5016999999998821,52.13069372112115,45.0,0.11,0.0,0.1,0.0,46.71209114795801,46.71209114795801,46.71209114795801,46.71209114795801,0.0,52.13069372112115,0.02,0.01,0,3,3,2100,90,0,0,0,12.6,21,20
12,71.2,52.418800000003806,-1.5016999999998821,51.938399980666546,45.0,0.11,0.0,0.1,0.0,46.539784928912674,46.539784928912674,46.539784928912674,46.539784928912674,0.0,51.938399980666546,0.02,0.01,0,3,3,2100,90,0,0,0,12.6,21,20
12,71.3,52.418800000003806,-1.5016999999998821,52.31302726330277,45.0,0.11,0.0,0.1,0.0,46.87547245815661,46.87547245815661,46.87547245815661,46.87547245815661,0.0,52.31302726330277,0.02,0.01,0,3,3,2100,90,0,0,0,12.6,21,20
12,71.4,52.418800000003806,-1.5016999999998821,52.32247639732712,45.0,0.11,0.0,0.1,0.0,46.88393942412824,46.88393942412824,46.88393942412824,46.88393942412824,0.0,52.32247639732712,0.02,0.01,0,3,3,2100,90,0,0,0,12.6,21,20
12,71.5,52.418800000003806,-1.5016999999998821,52.341487933877126,45.0,0.11,0.0,0.1,0.0,46.900974851144376,46.900974851144376,46.900974851144376,46.900974851144376,0.0,52.341487933877126,0.02,0.01,0,3,3,2100,90,0,0,0,12.6,21,20
12,71.60000000000001,52.418800000003806,-1.5016999999998821,52.34365158676452,45.0,0.11,0.0,0.1,0.0,46.90291360821193,46.90291360821193,46.90291360821193,46.90291360821193,0.0,52.34365158676452,0.02,0.01,0,3,3,2100,90,0,0,0,12.6,21,20
12,71.7,52.418800000003806,-1.5016999999998821,52.22341480947286,45.0,0.11,0.0,0.1,0.0,46.79517456045955,46.79517456045955,46.79517456045955,46.79517456045955,0.0,52.22341480947286,0.02,0.01,0,3,3,2100,90,0,0,0,12.6,21,20
12,71.8,52.418800000003806,-1.5016999999998821,52.25396131221162,45.0,0.11,0.0,0.1,0.0,46.822545978684246,46.822545978684246,46.822545978684246,46.822545978684246,0.0,52.25396131221162,0.02,0.01,0,3,3,2100,90,0,0,0,12.6,21,20
12,71.9,52.418800000003806,-1.5016999999998821,52.55593986222311,45.0,0.11,0.0,0.1,0.0,47.09313607726085,47.09313607726085,47.09313607726085,47.09313607726085,0.0,52.55593986222311,0.02,0.01,0,3,3,2100,90,0,0,0,12.6,21,20
12,72.0,52.418800000003806,-1.5016999999998821,52.2748612301831,45.0,0.11,0.0,0.1,0.0,46.8412735037483,46.8412735037483,46.8412735037483,46.8412735037483,0.0,52.2748612301831,0.02,0.01,0,3,3,2100,90,0,0,0,12.6,21,20
12,72.10000000000001,52.418800000003806,-1.5016999999998821,52.18258798455691,45.0,0.11,0.0,0.1,0.0,46.75859138401157,46.75859138401157,46.75859138401157,46.75859138401157,0.0,52.18258798455691,0.02,0.01,0,3,3,2100,90,0,0,0,12.6,21,20
12,72.2,52.418800000003806,-1.5016999999998821,52.3212641638455,45.0,0.11,0.0,0.1,0.0,46.88285319340994,46.88285319340994,46.88285319340994,46.88285319340994,0.0,52.3212641638455,0.02,0.01,0,3,3,2100,90,0,0,0,12.6,21,20
12,72.3,52.418800000003806,-1.5016999999998821,52.280053806644666,45.0,0.11,0.0,0.1,0.0,46.845926350040024,46.845926350040024,46.845926350040024,46.845926350040024,0.0,52.280053806644666,0.02,0.01,0,3,3,2100,90,0,0,0,12.6,21,20
12,72.4,52.418800000003806,-1.5016999999998821,51.88062238663816,45.0,0.11,0.0,0.1,0.0,46.48801289125283,46.48801289125283,46.48801289125283,46.48801289125283,0.0,51.88062238663816,0.02,0.01,0,3,3,2100,90,0,0,0,12.6,21,20
12,72.5,52.418800000003806,-1.5016999999998821,52.25118301313088,45.0,0.11,0.0,0.1,0.0,46.82005646337892,46.82005646337892,46.82005646337892,46.82005646337892,0.0,52.25118301313088,0.02,0.01,0,3,3,2100,90,0,0,0,12.6,21,20
12,72.60000000000001,52.418800000003806,-1.5016999999998821,52.25425802512843,45.0,0.11,0.0,0.1,0.0,46.8228118504735,46.8228118504735,46.8228118504735,46.8228118504735,0.0,52.25425802512843,0.02,0.01,0,3,3,2100,90,0,0,0,12.6,21,20
12,72.7,52.418800000003806,-1.5016999999998821,52.08251710030756,45.0,0.11,0.0,0.1,0.0,46.66892213289208,46.66892213289208,46.66892213289208,46.66892213289208,0.0,52.08251710030756,0.02,0.01,0,3,3,2100,90,0,0,0,12.6,21,20
12,72.8,52.418800000003806,-1.5016999999998821,52.448162074418335,45.0,0.11,0.0,0.1,0.0,46.99656099858274,46.99656099858274,46.99656099858274,46.99656099858274,0.0,52.448162074418335,0.02,0.01,0,3,3,2100,90,0,0,0,12.6,21,20
12,72.9,52.418800000003806,-1.5016999999998821,51.97958146427485,45.0,0.11,0.0,0.1,0.0,46.576685899887856,46.576685899887856,46.576685899887856,46.576685899887856,0.0,51.97958146427485,0.02,0.01,0,3,3,2100,90,0,0,0,12.6,21,20
12,73.0,52.418800000003806,-1.5016999999998821,52.75652928859018,45.0,0.11,0.0,0.1,0.0,47.272875706622024,47.272875706622024,47.272875706622024,47.272875706622024,0.0,52.75652928859018,0.02,0.01,0,3,3,2100,90,0,0,0,12.6,21,20
12,73.10000000000001,52.418800000003806,-1.5016999999998821,52.07738833370476,45.0,0.11,0.0,0.1,0.0,46.664326463893154,46.664326463893154,46.664326463893154,46.664326463893154,0.0,52.07738833370476,0.02,0.01,0,3,3,2100,90,0,0,0,12.6,21,20
12,73.2,52.418800000003806,-1.5016999999998821,51.83539157135503,45.0,0.11,0.0,0.1,0.0,46.44748348687727,46.44748348687727,46.44748348687727,46.44748348687727,0.0,51.83539157135503,0.02,0.01,0,3,3,2100,90,0,0,0,12.6,21,20
12,73.3,52.418800000003806,-1.5016999999998821,52.19309003713719,45.0,0.11,0.0,0.1,0.0,46.76800182539174,46.76800182539174,46.76800182539174,46.76800182539174,0.0,52.19309003713719,0.02,0.01,0,3,3,2100,90,0,0,0,12.6,21,20
12,73.4,52.418800000003806,-1.5016999999998821,52.52699850925143,45.0,0.11,0.0,0.1,0.0,47.06720296527906,47.06720296527906,47.06720296527906,47.06720296527906,0.0,52.52699850925143,0.02,0.01,0,3,3,2100,90,0,0,0,12.6,21,20
12,73.5,52.418800000003806,-1.5016999999998821,52.54750289840233,45.0,0.11,0.0,0.1,0.0,47.08557607383721,47.08557607383721,47.08557607383721,47.08557607383721,0.0,52.54750289840233,0.02,0.01,0,3,3,2100,90,0,0,0,12.6,21,20
12,73.60000000000001,52.418800000003806,-1.5016999999998821,52.2201643882962,45.0,0.11,0.0,0.1,0.0,46.79226199668118,46.79226199668118,46.79226199668118,46.79226199668118,0.0,52.2201643882962,0.02,0.01,0,3,3,2100,90,0,0,0,12.6,21,20
12,73.7,52.418800000003806,-1.5016999999998821,52.14452229600119,45.0,0.11,0.0,0.1,0.0,46.72448234408709,46.72448234408709,46.72448234408709,46.72448234408709,0.0,52.14452229600119,0.02,0.01,0,3,3,2100,90,0,0,0,12.6,21,20
12,73.8,52.418800000003806,-1.5016999999998821,52.21378643879482,45.0,0.11,0.0,0.1,0.0,46.7865469881674,46.7865469881674,46.7865469881674,46.7865469881674,0.0,52.21378643879482,0.02,0.01,0,3,3,2100,90,0,0,0,12.6,21,20
12,73.9,52.418800000003806,-1.5016999999998821,51.99064664788041,45.0,0.11,0.0,0.1,0.0,46.586600938960935,46.586600938960935,46.586600938960935,46.586600938960935,0.0,51.99064664788041,0.02,0.01,0,3,3,2100,90,0,0,0,12.6,21,20
12,74.0,52.418800000003806,-1.5016999999998821,52.474818977143926,45.0,0.11,0.0,0.1,0.0,47.02044711213613,47.02044711213613,47.02044711213613,47.02044711213613,0.0,52.474818977143926,0.02,0.01,0,3,3,2100,90,0,0,0,12.6,21,20
12,74.10000000000001,52.418800000003806,-1.5016999999998821,52.0135052815596,45.0,0.11,0.0,0.1,0.0,46.60708358562688,46.60708358562688,46.60708358562688,46.60708358562688,0.0,52.0135052815596,0.02,0.01,0,3,3,2100,90,0,0,0,12.6,21,20
12,74.2,52.418800000003806,-1.5016999999998821,52.36334861828719,45.0,0.11,0.0,0.1,0.0,46.92056327803512,46.92056327803512,46.92056327803512,46.92056327803512,0.0,52.36334861828719,0.02,0.01,0,3,3,2100,90,0,0,0,12.6,21,20
12,74.3,52.418800000003806,-1.5016999999998821,51.77082086107904,45.0,0.11,0.0,0.1,0.0,46.389624427490176,46.389624427490176,46.389624427490176,46.389624427490176,0.0,51.77082086107904,0.02,0.01,0,3,3,2100,90,0,0,0,12.6,21,20
12,74.4,52.418800000003806,-1.5016999999998821,52.22927741325335,45.0,0.11,0.0,0.1,0.0,46.80042778965354,46.80042778965354,46.80042778965354,46.80042778965354,0.0,52.22927741325335,0.02,0.01,0,3,3,2100,90,0,0,0,12.6,21,20
12,74.5,52.418800000003806,-1.5016999999998821,52.07333540522919,45.0,0.11,0.0,0.1,0.0,46.660694807553035,46.660694807553035,46.660694807553035,46.660694807553035,0.0,52.07333540522919,0.02,0.01,0,3,3,2100,90,0,0,0,12.6,21,20
12,74.60000000000001,52.418800000003806,-1.5016999999998821,51.965207883622675,45.0,0.11,0.0,0.1,0.0,46.56380634733215,46.56380634733215,46.56380634733215,46.56380634733215,0.0,51.965207883622675,0.02,0.01,0,3,3,2100,90,0,0,0,12.6,21,20
12,74.7,52.418800000003806,-1.5016999999998821,52.07606083435658,45.0,0.11,0.0,0.1,0.0,46.66313694834819,46.66313694834819,46.66313694834819,46.66313694834819,0.0,52.07606083435658,0.02,0.01,0,3,3,2100,90,0,0,0,12.6,21,20
12,74.8,52.418800000003806,-1.5016999999998821,52.25417060881173,45.0,0.11,0.0,0.1,0.0,46.822733520440615,46.822733520440615,46.822733520440615,46.822733520440615,0.0,52.25417060881173,0.02,0.01,0,3,3,2100,90,0,0,0,12.6,21,20
12,74.9,52.418800000003806,-1.5016999999998821,52.26193584136231,45.0,0.11,0.0,0.1,0.0,46.82969161412393,46.82969161412393,46.82969161412393,46.82969161412393,0.0,52.26193584136231,0.02,0.01,0,3,3,2100,90,0,0,0,12.6,21,20
12,75.0,52.418800000003806,-1.5016999999998821,52.483745931330475,45.0,0.11,0.0,0.1,0.0,47.028446175027305,47.028446175027305,47.028446175027305,47.028446175027305,0.0,52.483745931330475,0.02,0.01,0,3,3,2100,90,0,0,0,12.6,21,20
12,75.10000000000001,52.418800000003806,-1.5016999999998821,52.2339808691457,45.0,0.11,0.0,0.1,0.0,46.80464235586532,46.80464235586532,46.80464235586532,46.80464235586532,0.0,52.2339808691457,0.02,0.01,0,3,3,2100,90,0,0,0,12.6,21,20
12,75.2,52.418800000003806,-1.5016999999998821,52.28795485535066,45.0,0.11,0.0,0.1,0.0,46.853006142787336,46.853006142787336,46.853006142787336,46.853006142787336,0.0,52.28795485535066,0.02,0.01,0,3,3,2100,90,0,0,0,12.6,21,20
12,75.3,52.418800000003806,-1.5016999999998821,51.82898584461354,45.0,0.11,0.0,0.1,0.0,46.44174358836339,46.44174358836339,46.44174358836339,46.44174358836339,0.0,51.82898584461354,0.02,0.01,0,3,3,2100,90,0,0,0,12.6,21,20
12,75.4,52.418800000003806,-1.5016999999998821,52.370929078429356,45.0,0.11,0.0,0.1,0.0,46.92735580504422,46.92735580504422,46.92735580504422,46.92735580504422,0.0,52.370929078429356,0.02,0.01,0,3,3,2100,90,0,0,0,12.6,21,20
12,75.5,52.418800000003806,-1.5016999999998821,52.165854255540886,45.0,0.11,0.0,0.1,0.0,46.74359700317283,46.74359700317283,46.74359700317283,46.74359700317283,0.0,52.165854255540886,0.02,0.01,0,3,3,2100,90,0,0,0,12.6,21,20
12,75.60000000000001,52.418800000003806,-1.5016999999998821,52.09461327002872,45.0,0.11,0.0,0.1,0.0,46.679760994649385,46.679760994649385,46.679760994649385,46.679760994649385,0.0,52.09461327002872,0.02,0.01,0,3,3,2100,90,0,0,0,12.6,21,20
12,75.7,52.418800000003806,-1.5016999999998821,52.46917918762993,45.0,0.11,0.0,0.1,0.0,47.015393537302806,47.015393537302806,47.015393537302806,47.015393537302806,0.0,52.46917918762993,0.02,0.01,0,3,3,2100,90,0,0,0,12.6,21,20
12,75.8,52.418800000003806,-1.5016999999998821,51.9361667034042,45.0,0.11,0.0,0.1,0.0,46.53778378441236,46.53778378441236,46.53778378441236,46.53778378441236,0.0,51.9361667034042,0.02,0.01,0,3,3,2100,90,0,0,0,12.6,21,20
12,75.9,52.418800000003806,-1.5016999999998821,52.05514605815837,45.0,0.11,0.0,0.1,0.0,46.64439610946091,46.64439610946091,46.64439610946091,46.64439610946091,0.0,52.05514605815837,0.02,0.01,0,3,3,2100,90,0,0,0,12.6,21,20
12,76.0,52.418800000003806,-1.5016999999998821,52.90148049332474,45.0,0.11,0.0,0.1,0.0,47.40276029867808,47.40276029867808,47.40276029867808,47.40276029867808,0.0,52.90148049332474,0.02,0.01,0,3,3,2100,90,0,0,0,12.6,21,20
12,76.10000000000001,52.418800000003806,-1.5016999999998821,51.950308017097484,45.0,0.11,0.0,0.1,0.0,46.550455212452945,46.550455212452945,46.550455212452945,46.550455212452945,0.0,51.950308017097484,0.02,0.01,0,3,3,2100,90,0,0,0,12.6,21,20
12,76.2,52.418800000003806,-1.5016999999998821,52.07436838846593,45.0,0.11,0.0,0.1,0.0,46.66162041977233,46.66162041977233,46.66162041977233,46.66162041977233,0.0,52.07436838846593,0.02,0.01,0,3,3,2100,90,0,0,0,12.6,21,20
12,76.3,52.418800000003806,-1.5016999999998821,52.40149847282441,45.0,0.11,0.0,0.1,0.0,46.95474773550574,46.95474773550574,46.95474773550574,46.95474773550574,0.0,52.40149847282441,0.02,0.01,0,3,3,2100,90,0,0,0,12.6,21,20
12,76.4,52.418800000003806,-1.5016999999998821,52.32269231759659,45.0,0.11,0.0,0.1,0.0,46.88413290107221,46.88413290107221,46.88413290107221,46.88413290107221,0.0,52.32269231759659,0.02,0.01,0,3,3,2100,90,0,0,0,12.6,21,20
12,76.5,52.418800000003806,-1.5016999999998821,52.379570671711726,45.0,0.11,0.0,0.1,0.0,46.935099168200466,46.935099168200466,46.935099168200466,46.935099168200466,0.0,52.379570671711726,0.02,0.01,0,3,3,2100,90,0,0,0,12.6,21,20
12,76.60000000000001,52.418800000003806,-1.5016999999998821,52.275235055068805,45.0,0.11,0.0,0.1,0.0,46.84160847228388,46.84160847228388,46.84160847228388,46.84160847228388,0.0,52.275235055068805,0.02,0.01,0,3,3,2100,90,0,0,0,12.6,21,20
12,76.7,52.418800000003806,-1.5016999999998821,52.40732390567313,45.0,0.11,0.0,0.1,0.0,46.959967657413195,46.959967657413195,46.959967657413195,46.959967657413195,0.0,52.40732390567313,0.02,0.01,0,3,3,2100,90,0,0,0,12.6,21,20
12,76.80000000000001,52.418800000003806,-1.5016999999998821,52.129170014941614,45.0,0.11,0.0,0.1,0.0,46.71072581984016,46.71072581984016,46.71072581984016,46.71072581984016,0.0,52.129170014941614,0.02,0.01,0,3,3,2100,90,0,0,0,12.6,21,20
12,76.9,52.418800000003806,-1.5016999999998821,51.762363721728974,45.0,0.11,0.0,0.1,0.0,46.38204634563528,46.38204634563528,46.38204634563528,46.38204634563528,0.0,51.762363721728974,0.02,0.01,0,3,3,2100,90,0,0,0,12.6,21,20
12,77.0,52.418800000003806,-1.5016999999998821,51.754198992781774,45.0,0.11,0.0,0.1,0.0,46.374730280270406,46.374730280270406,46.374730280270406,46.374730280270406,0.0,51.754198992781774,0.02,0.01,0,3,3,2100,90,0,0,0,12.6,21,20
12,77.10000000000001,52.418800000003806,-1.5016999999998821,51.839913830936396,45.0,0.11,0.0,0.1,0.0,46.45153569080322,46.45153569080322,46.45153569080322,46.45153569080322,0.0,51.839913830936396,0.02,0.01,0,3,3,2100,90,0,0,0,12.6,21,20
12,77.2,52.418800000003806,-1.5016999999998821,52.025228635036136,45.0,0.11,0.0,0.1,0.0,46.61758838264887,46.61758838264887,46.61758838264887,46.61758838264887,0.0,52.025228635036136,0.02,0.01,0,3,3,2100,90,0,0,0,12.6,21,20
12,77.30000000000001,52.418800000003806,-1.5016999999998821,52.58971734905266,45.0,0.11,0.0,0.1,0.0,47.123402642520304,47.123402642520304,47.123402642520304,47.123402642520304,0.0,52.58971734905266,0.02,0.01,0,3,3,2100,90,0,0,0,12.6,21,20
12,77.4,52.418800000003806,-1.5016999999998821,52.2039693614597,45.0,0.11,0.0,0.1,0.0,46.77775032388862,46.77775032388862,46.77775032388862,46.77775032388862,0.0,52.2039693614597,0.02,0.01,0,3,3,2100,90,0,0,0,12.6,21,20
12,77.5,52.418800000003806,-1.5016999999998821,52.18651732348054,45.0,0.11,0.0,0.1,0.0,46.762112297025574,46.762112297025574,46.762112297025574,46.762112297025574,0.0,52.18651732348054,0.02,0.01,0,3,3,2100,90,0,0,0,12.6,21,20
12,77.60000000000001,52.418800000003806,-1.5016999999998821,51.880090785540204,45.0,0.11,0.0,0.1,0.0,46.48753654618297,46.48753654618297,46.48753654618297,46.48753654618297,0.0,51.880090785540204,0.02,0.01,0,3,3,2100,90,0,0,0,12.6,21,20
12,77.7,52.418800000003806,-1.5016999999998821,52.11182154062442,45.0,0.11,0.0,0.1,0.0,46.69518059195736,46.69518059195736,46.69518059195736,46.69518059195736,0.0,52.11182154062442,0.02,0.01,0,3,3,2100,90,0,0,0,12.6,21,20
12,77.80000000000001,52.418800000003806,-1.5016999999998821,52.213149321819344,45.0,0.11,0.0,0.1,0.0,46.7859760948202,46.7859760948202,46.7859760948202,46.7859760948202,0.0,52.213149321819344,0.02,0.01,0,3,3,2100,90,0,0,0,12.6,21,20
12,77.9,52.418800000003806,-1.5016999999998821,52.15581000470235,45.0,0.11,0.0,0.1,0.0,46.73459677840713,46.73459677840713,46.73459677840713,46.73459677840713,0.0,52.15581000470235,0.02,0.01,0,3,3,2100,90,0,0,0,12.6,21,20
12,78.0,52.418800000003806,-1.5016999999998821,52.04622506180292,45.0,0.11,0.0,0.1,0.0,46.636402385128065,46.636402385128065,46.636402385128065,46.636402385128065,0.0,52.04622506180292,0.02,0.01,0,3,3,2100,90,0,0,0,12.6,21,20
12,78.10000000000001,52.418800000003806,-1.5016999999998821,52.291100503808124,45.0,0.11,0.0,0.1,0.0,46.85582482420082,46.85582482420082,46.85582482420082,46.85582482420082,0.0,52.291100503808124,0.02,0.01,0,3,3,2100,90,0,0,0,12.6,21,20
12,78.2,52.418800000003806,-1.5016999999998821,52.10609938136451,45.0,0.11,0.0,0.1,0.0,46.69005320910798,46.69005320910798,46.69005320910798,46.69005320910798,0.0,52.10609938136451,0.02,0.01,0,3,3,2100,90,0,0,0,12.6,21,20
12,78.30000000000001,52.418800000003806,-1.5016999999998821,52.338249418223484,45.0,0.11,0.0,0.1,0.0,46.89807295539739,46.89807295539739,46.89807295539739,46.89807295539739,0.0,52.338249418223484,0.02,0.01,0,3,3,2100,90,0,0,0,12.6,21,20
12,78.4,52.418800000003806,-1.5016999999998821,52.38000896731616,45.0,0.11,0.0,0.1,0.0,46.93549190619728,46.93549190619728,46.93549190619728,46.93549190619728,0.0,52.38000896731616,0.02,0.01,0,3,3,2100,90,0,0,0,12.6,21,20
12,78.5,52.418800000003806,-1.5016999999998821,52.1240654792992,45.0,0.11,0.0,0.1,0.0,46.70615186317132,46.70615186317132,46.70615186317132,46.70615186317132,0.0,52.1240654792992,0.02,0.01,0,3,3,2100,90,0,0,0,12.6,21,20
12,78.60000000000001,52.418800000003806,-1.5016999999998821,52.04052101969299,45.0,0.11,0.0,0.1,0.0,46.63129123628404,46.63129123628404,46.63129123628404,46.63129123628404,0.0,52.04052101969299,0.02,0.01,0,3,3,2100,90,0,0,0,12.6,21,20
12,78.7,52.418800000003806,-1.5016999999998821,52.30538543838591,45.0,0.11,0.0,0.1,0.0,46.86862494479024,46.86862494479024,46.86862494479024,46.86862494479024,0.0,52.30538543838591,0.02,0.01,0,3,3,2100,90,0,0,0,12.6,21,20
12,78.80000000000001,52.418800000003806,-1.5016999999998821,51.98766771272551,45.0,0.11,0.0,0.1,0.0,46.58393164222716,46.58393164222716,46.58393164222716,46.58393164222716,0.0,51.98766771272551,0.02,0.01,0,3,3,2100,90,0,0,0,12.6,21,20
12,78.9,52.418800000003806,-1.5016999999998821,52.246433346453834,45.0,0.11,0.0,0.1,0.0,46.815800489653974,46.815800489653974,46.815800489653974,46.815800489653974,0.0,52.246433346453834,0.02,0.01,0,3,3,2100,90,0,0,0,12.6,21,20
12,79.0,52.418800000003806,-1.5016999999998821,52.486380990740194,45.0,0.11,0.0,0.1,0.0,47.030807339372934,47.030807339372934,47.030807339372934,47.030807339372934,0.0,52.486380990740194,0.02,0.01,0,3,3,2100,90,0,0,0,12.6,21,20
12,79.10000000000001,52.418800000003806,-1.5016999999998821,52.10239551534463,45.0,0.11,0.0,0.1,0.0,46.686734332746084,46.686734332746084,46.686734332746084,46.686734332746084,0.0,52.10239551534463,0.02,0.01,0,3,3,2100,90,0,0,0,12.6,21,20
12,79.2,52.418800000003806,-1.5016999999998821,52.11478183727242,45.0,0.11,0.0,0.1,0.0,46.69783318752008,46.69783318752008,46.69783318752008,46.69783318752008,0.0,52.11478183727242,0.02,0.01,0,3,3,2100,90,0,0,0,12.6,21,20
12,79.30000000000001,52.418800000003806,-1.5016999999998821,52.0379387671004,45.0,0.11,0.0,0.1,0.0,46.62897738987491,46.62897738987491,46.62897738987491,46.62897738987491,0.0,52.0379387671004,0.02,0.01,0,3,3,2100,90,0,0,0,12.6,21,20
12,79.4,52.418800000003806,-1.5016999999998821,52.19654345025391,45.0,0.11,0.0,0.1,0.0,46.77109628158953,46.77109628158953,46.77109628158953,46.77109628158953,0.0,52.19654345025391,0.02,0.01,0,3,3,2100,90,0,0,0,12.6,21,20
12,79.5,52.418800000003806,-1.5016999999998821,51.90131125655305,45.0,0.11,0.0,0.1,0.0,46.506551305155064,46.506551305155064,46.506551305155064,46.506551305155064,0.0,51.90131125655305,0.02,0.01,0,3,3,2100,90,0,0,0,12.6,21,20
12,79.60000000000001,52.418800000003806,-1.5016999999998821,52.35764809064216,45.0,0.11,0.0,0.1,0.0,46.91545527835319,46.91545527835319,46.91545527835319,46.91545527835319,0.0,52.35764809064216,0.02,0.01,0,3,3,2100,90,0,0,0,12.6,21,20
12,79.7,52.418800000003806,-1.5016999999998821,51.97973135865882,45.0,0.11,0.0,0.1,0.0,46.57682021385199,46.57682021385199,46.57682021385199,46.57682021385199,0.0,51.97973135865882,0.02,0.01,0,3,3,2100,90,0,0,0,12.6,21,20
12,79.80000000000001,52.418800000003806,-1.5016999999998821,52.37524877125834,45.0,0.11,0.0,0.1,0.0,46.931226497543314,46.931226497543314,46.931226497543314,46.931226497543314,0.0,52.37524877125834,0.02,0.01,0,3,3,2100,90,0,0,0,12.6,21,20
12,79.9,52.418800000003806,-1.5016999999998821,52.17395343842939,45.0,0.11,0.0,0.1,0.0,46.750854335510205,46.750854335510205,46.750854335510205,46.750854335510205,0.0,52.17395343842939,0.02,0.01,0,3,3,2100,90,0,0,0,12.6,21,20
12,80.0,52.418800000003806,-1.5016999999998821,51.97353042880872,45.0,0.11,0.0,0.1,0.0,46.57126382509742,46.57126382509742,46.57126382509742,46.57126382509742,0.0,51.97353042880872,0.02,0.01,0,3,3,2100,90,0,0,0,12.6,21,20
12,80.10000000000001,52.418800000003806,-1.5016999999998821,52.09689481086477,45.0,0.11,0.0,0.1,0.0,46.68180538607954,46.68180538607954,46.68180538607954,46.68180538607954,0.0,52.09689481086477,0.02,0.01,0,3,3,2100,90,0,0,0,12.6,21,20
12,80.2,52.418800000003806,-1.5016999999998821,52.29855667002917,45.0,0.11,0.0,0.1,0.0,46.86250597672865,46.86250597672865,46.86250597672865,46.86250597672865,0.0,52.29855667002917,0.02,0.01,0,3,3,2100,90,0,0,0,12.6,21,20
12,80.30000000000001,52.418800000003806,-1.5016999999998821,51.63785779797067,45.0,0.11,0.0,0.1,0.0,46.27048189782318,46.27048189782318,46.27048189782318,46.27048189782318,0.0,51.63785779797067,0.02,0.01,0,3,3,2100,90,0,0,0,12.6,21,20
12,80.4,52.418800000003806,-1.5016999999998821,52.133458883096175,45.0,0.11,0.0,0.1,0.0,46.71456889166324,46.71456889166324,46.71456889166324,46.71456889166324,0.0,52.133458883096175,0.02,0.01,0,3,3,2100,90,0,0,0,12.6,21,20
12,80.5,52.418800000003806,-1.5016999999998821,52.39553464542211,45.0,0.11,0.0,0.1,0.0,46.949403804141674,46.949403804141674,46.949403804141674,46.949403804141674,0.0,52.39553464542211,0.02,0.01,0,3,3,2100,90,0,0,0,12.6,21,20
12,80.60000000000001,52.418800000003806,-1.5016999999998821,52.06385655051616,45.0,0.11,0.0,0.1,0.0,46.65220121013992,46.65220121013992,46.65220121013992,46.65220121013992,0.0,52.06385655051616,0.02,0.01,0,3,3,2100,90,0,0,0,12.6,21,20
12,80.7,52.418800000003806,-1.5016999999998821,51.80459378095665,45.0,0.11,0.0,0.1,0.0,46.41988690049879,46.41988690049879,46.41988690049879,46.41988690049879,0.0,51.80459378095665,0.02,0.01,0,3,3,2100,90,0,0,0,12.6,21,20
12,80.80000000000001,52.418800000003806,-1.5016999999998821,51.96757286387784,45.0,0.11,0.0,0.1,0.0,46.56592550526688,46.56592550526688,46.56592550526688,46.56592550526688,0.0,51.96757286387784,0.02,0.01,0,3,3,2100,90,0,0,0,12.6,21,20
12,80.9,52.418800000003806,-1.5016999999998821,51.95134512525841,45.0,0.11,0.0,0.1,0.0,46.55138452084087,46.55138452084087,46.55138452084087,46.55138452084087,0.0,51.95134512525841,0.02,0.01,0,3,3,2100,90,0,0,0,12.6,21,20
12,81.0,52.418800000003806,-1.5016999999998821,52.379736719978084,45.0,0.11,0.0,0.1,0.0,46.93524795696961,46.93524795696961,46.93524795696961,46.93524795696961,0.0,52.379736719978084,0.02,0.01,0,3,3,2100,90,0,0,0,12.6,21,20
12,81.10000000000001,52.418800000003806,-1.5016999999998821,52.17499167421735,45.0,0.11,0.0,0.1,0.0,46.75178465431662,46.75178465431662,46.75178465431662,46.75178465431662,0.0,52.17499167421735,0.02,0.01,0,3,3,2100,90,0,0,0,12.6,21,20
12,81.2,52.418800000003806,-1.5016999999998821,52.20758095782838,45.0,0.11,0.0,0.1,0.0,46.78098652135159,46.78098652135159,46.78098652135159,46.78098652135159,0.0,52.20758095782838,0.02,0.01,0,3,3,2100,90,0,0,0,12.6,21,20
12,81.30000000000001,52.418800000003806,-1.5016999999998821,52.154509067448565,45.0,0.11,0.0,0.1,0.0,46.733431064022014,46.733431064022014,46.733431064022014,46.733431064022014,0.0,52.154509067448565,0.02,0.01,0,3,3,2100,90,0,0,0,12.6,21,20
12,81.4,52.418800000003806,-1.5016999999998821,52.22767853477717,45.0,0.11,0.0,0.1,0.0,46.79899510284692,46.79899510284692,46.79899510284692,46.79899510284692,0.0,52.22767853477717,0.02,0.01,0,3,3,2100,90,0,0,0,12.6,21,20
12,81.5,52.418800000003806,-1.5016999999998821,52.40480728905638,45.0,0.11,0.0,0.1,0.0,46.957712624602486,46.957712624602486,46.957712624602486,46.957712624602486,0.0,52.40480728905638,0.02,0.01,0,3,3,2100,90,0,0,0,12.6,21,20
12,81.60000000000001,52.418800000003806,-1.5016999999998821,52.106358127513666,45.0,0.11,0.0,0.1,0.0,46.690285060496116,46.690285060496116,46.690285060496116,46.690285060496116,0.0,52.106358127513666,0.02,0.01,0,3,3,2100,90,0,0,0,12.6,21,20
12,81.7,52.418800000003806,-1.5016999999998821,52.300242037862695,45.0,0.11,0.0,0.1,0.0,46.8640161629594,46.8640161629594,46.8640161629594,46.8640161629594,0.0,52.300242037862695,0.02,0.01,0,3,3,2100,90,0,0,0,12.6,21,20
12,81.80000000000001,52.418800000003806,-1.5016999999998821,52.49618380191009,45.0,0.11,0.0,0.1,0.0,47.03959122034954,47.03959122034954,47.03959122034954,47.03959122034954,0.0,52.49618380191009,0.02,0.01,0,3,3,2100,90,0,0,0,12.6,21,20
12,81.9,52.418800000003806,-1.5016999999998821,51.87225985551491,45.0,0.11,0.0,0.1,0.0,46.480519583794724,46.480519583794724,46.480519583794724,46.480519583794724,0.0,51.87225985551491,0.02,0.01,0,3,3,2100,90,0,0,0,12.6,21,20
12,82.0,52.418800000003806,-1.5016999999998821,52.50533959037026,45.0,0.11,0.0,0.1,0.0,47.047795331873,47.047795331873,47.047795331873,47.047795331873,0.0,52.50533959037026,0.02,0.01,0,3,3,2100,90,0,0,0,12.6,21,20
12,82.10000000000001,52.418800000003806,-1.5016999999998821,52.041934103883726,45.0,0.11,0.0,0.1,0.0,46.632557440756024,46.632557440756024,46.632557440756024,46.632557440756024,0.0,52.041934103883726,0.02,0.01,0,3,3,2100,90,0,0,0,12.6,21,20
12,82.2,52.418800000003806,-1.5016999999998821,52.26688649707926,45.0,0.11,0.0,0.1,0.0,46.8341276855549,46.8341276855549,46.8341276855549,46.8341276855549,0.0,52.26688649707926,0.02,0.01,0,3,3,2100,90,0,0,0,12.6,21,20
12,82.30000000000001,52.418800000003806,-1.5016999999998821,52.39801298862905,45.0,0.11,0.0,0.1,0.0,46.9516245417823,46.9516245417823,46.9516245417823,46.9516245417823,0.0,52.39801298862905,0.02,0.01,0,3,3,2100,90,0,0,0,12.6,21,20
12,82.4,52.418800000003806,-1.5016999999998821,52.229130150424396,45.0,0.11,0.0,0.1,0.0,46.80029583371362,46.80029583371362,46.80029583371362,46.80029583371362,0.0,52.229130150424396,0.02,0.01,0,3,3,2100,90,0,0,0,12.6,21,20
12,82.5,52.418800000003806,-1.5016999999998821,52.204948308242116,45.0,0.11,0.0,0.1,0.0,46.778627516345985,46.778627516345985,46.778627516345985,46.778627516345985,0.0,52.204948308242116,0.02,0.01,0,3,3,2100,90,0,0,0,12.6,21,20
12,82.60000000000001,52.418800000003806,-1.5016999999998821,52.42791001832261,45.0,0.11,0.0,0.1,0.0,46.978413994912735,46.978413994912735,46.978413994912735,46.978413994912735,0.0,52.42791001832261,0.02,0.01,0,3,3,2100,90,0,0,0,12.6,21,20
12,82.7,52.418800000003806,-1.5016999999998821,52.23539061097694,45.0,0.11,0.0,0.1,0.0,46.80590556539153,46.80590556539153,46.80590556539153,46.80590556539153,0.0,52.23539061097694,0.02,0.01,0,3,3,2100,90,0,0,0,12.6,21,20
12,82.80000000000001,52.418800000003806,-1.5016999999998821,52.616649117622316,45.0,0.11,0.0,0.1,0.0,47.1475350516329,47.1475350516329,47.1475350516329,47.1475350516329,0.0,52.616649117622316,0.02,0.01,0,3,3,2100,90,0,0,0,12.6,21,20
12,82.9,52.418800000003806,-1.5016999999998821,52.33721949255805,45.0,0.11,0.0,0.1,0.0,46.89715008293732,46.89715008293732,46.89715008293732,46.89715008293732,0.0,52.33721949255805,0.02,0.01,0,3,3,2100,90,0,0,0,12.6,21,20
12,83.0,52.418800000003806,-1.5016999999998821,52.025286986590274,45.0,0.11,0.0,0.1,0.0,46.6176406689877,46.6176406689877,46.6176406689877,46.6176406689877,0.0,52.025286986590274,0.02,0.01,0,3,3,2100,90,0,0,0,12.6,21,20
12,83.10000000000001,52.418800000003806,-1.5016999999998821,51.940992737824494,45.0,0.11,0.0,0.1,0.0,46.54210818801478,46.54210818801478,46.54210818801478,46.54210818801478,0.0,51.940992737824494,0.02,0.01,0,3,3,2100,90,0,0,0,12.6,21,20
12,83.2,52.418800000003806,-1.5016999999998821,52.614540968654396,45.0,0.11,0.0,0.1,0.0,47.145646029260206,47.145646029260206,47.145646029260206,47.145646029260206,0.0,52.614540968654396,0.02,0.01,0,3,3,2100,90,0,0,0,12.6,21,20
12,83.30000000000001,52.418800000003806,-1.5016999999998821,51.99347761332025,45.0,0.11,0.0,0.1,0.0,46.58913764634431,46.58913764634431,46.58913764634431,46.58913764634431,0.0,51.99347761332025,0.02,0.01,0,3,3,2100,90,0,0,0,12.6,21,20
12,83.4,52.418800000003806,-1.5016999999998821,52.14538876397874,45.0,0.11,0.0,0.1,0.0,46.725258749084894,46.725258749084894,46.725258749084894,46.725258749084894,0.0,52.14538876397874,0.02,0.01,0,3,3,2100,90,0,0,0,12.6,21,20
12,83.5,52.418800000003806,-1.5016999999998821,52.03646896456376,45.0,0.11,0.0,0.1,0.0,46.62766036251233,46.62766036251233,46.62766036251233,46.62766036251233,0.0,52.03646896456376,0.02,0.01,0,3,3,2100,90,0,0,0,12.6,21,20
12,83.60000000000001,52.418800000003806,-1.5016999999998821,51.99126888199605,45.0,0.11,0.0,0.1,0.0,46.58715849641223,46.58715849641223,46.58715849641223,46.58715849641223,0.0,51.99126888199605,0.02,0.01,0,3,3,2100,90,0,0,0,12.6,21,20
12,83.7,52.418800000003806,-1.5016999999998821,52.305792072871895,45.0,0.11,0.0,0.1,0.0,46.86898931260922,46.86898931260922,46.86898931260922,46.86898931260922,0.0,52.305792072871895,0.02,0.01,0,3,3,2100,90,0,0,0,12.6,21,20
12,83.80000000000001,52.418800000003806,-1.5016999999998821,52.56981832985203,45.0,0.11,0.0,0.1,0.0,47.10557198015415,47.10557198015415,47.10557198015415,47.10557198015415,0.0,52.56981832985203,0.02,0.01,0,3,3,2100,90,0,0,0,12.6,21,20
12,83.9,52.418800000003806,-1.5016999999998821,52.41053577757083,45.0,0.11,0.0,0.1,0.0,46.96284567882691,46.96284567882691,46.96284567882691,46.96284567882691,0.0,52.41053577757083,0.02,0.01,0,3,3,2100,90,0,0,0,12.6,21,20
12,84.0,52.418800000003806,-1.5016999999998821,51.998570595179245,45.0,0.11,0.0,0.1,0.0,46.59370125016061,46.59370125016061,46.59370125016061,46.59370125016061,0.0,51.998570595179245,0.02,0.01,0,3,3,2100,90,0,0,0,12.6,21,20
12,84.10000000000001,52.418800000003806,-1.5016999999998821,52.15115689256348,45.0,0.11,0.0,0.1,0.0,46.73042732308555,46.73042732308555,46.73042732308555,46.73042732308555,0.0,52.15115689256348,0.02,0.01,0,3,3,2100,90,0,0,0,12.6,21,20
12,84.2,52.418800000003806,-1.5016999999998821,52.13405017413013,45.0,0.11,0.0,0.1,0.0,46.71509872233882,46.71509872233882,46.71509872233882,46.71509872233882,0.0,52.13405017413013,0.02,0.01,0,3,3,2100,90,0,0,0,12.6,21,20
12,84.30000000000001,52.418800000003806,-1.5016999999998821,52.22614512570462,45.0,0.11,0.0,0.1,0.0,46.79762108038048,46.79762108038048,46.79762108038048,46.79762108038048,0.0,52.22614512570462,0.02,0.01,0,3,3,2100,90,0,0,0,12.6,21,20
12,84.4,52.418800000003806,-1.5016999999998821,52.18101772215765,45.0,0.11,0.0,0.1,0.0,46.75718433885094,46.75718433885094,46.75718433885094,46.75718433885094,0.0,52.18101772215765,0.02,0.01,0,3,3,2100,90,0,0,0,12.6,21,20
12,84.5,52.418800000003806,-1.5016999999998821,52.08468676769535,45.0,0.11,0.0,0.1,0.0,46.67086627929691,46.67086627929691,46.67086627929691,46.67086627929691,0.0,52.08468676769535,0.02,0.01,0,3,3,2100,90,0,0,0,12.6,21,20
12,84.60000000000001,52.418800000003806,-1.5016999999998821,52.32672916270544,45.0,0.11,0.0,0.1,0.0,46.887750145793404,46.887750145793404,46.887750145793404,46.887750145793404,0.0,52.32672916270544,0.02,0.01,0,3,3,2100,90,0,0,0,12.6,21,20
12,84.7,52.418800000003806,-1.5016999999998821,52.29671033405921,45.0,0.11,0.0,0.1,0.0,46.860851553816495,46.860851553816495,46.860851553816495,46.860851553816495,0.0,52.29671033405921,0.02,0.01,0,3,3,2100,90,0,0,0,12.6,21,20
12,84.80000000000001,52.418800000003806,-1.5016999999998821,52.16026663468381,45.0,0.11,0.0,0.1,0.0,46.73859017444785,46.73859017444785,46.73859017444785,46.73859017444785,0.0,52.16026663468381,0.02,0.01,0,3,3,2100,90,0,0,0,12.6,21,20
12,84.9,52.418800000003806,-1.5016999999998821,52.165344979040405,45.0,0.11,0.0,0.1,0.0,46.74314066222259,46.74314066222259,46.74314066222259,46.74314066222259,0.0,52.165344979040405,0.02,0.01,0,3,3,2100,90,0,0,0,12.6,21,20
12,85.0,52.418800000003806,-1.5016999999998821,52.564493110281724,45.0,0.11,0.0,0.1,0.0,47.10080027803021,47.10080027803021,47.10080027803021,47.10080027803021,0.0,52.564493110281724,0.02,0.01,0,3,3,2100,90,0,0,0,12.6,21,20
12,85.10000000000001,52.418800000003806,-1.5016999999998821,52.194723615517596,45.0,0.11,0.0,0.1,0.0,46.7694656053025,46.7694656053025,46.7694656053025,46.7694656053025,0.0,52.194723615517596,0.02,0.01,0,3,3,2100,90,0,0,0,12.6,21,20
12,85.2,52.418800000003806,-1.5016999999998821,52.15679188207677,45.0,0.11,0.0,0.1,0.0,46.735476596842986,46.735476596842986,46.735476596842986,46.735476596842986,0.0,52.15679188207677,0.02,0.01,0,3,3,2100,90,0,0,0,12.6,21,20
12,85.30000000000001,52.418800000003806,-1.5016999999998821,52.63340206978725,45.0,0.11,0.0,0.1,0.0,47.162546657515456,47.162546657515456,47.162546657515456,47.162546657515456,0.0,52.63340206978725,0.02,0.01,0,3,3,2100,90,0,0,0,12.6,21,20
12,85.4,52.418800000003806,-1.5016999999998821,52.25630256194053,45.0,0.11,0.0,0.1,0.0,46.82464387270657,46.82464387270657,46.82464387270657,46.82464387270657,0.0,52.25630256194053,0.02,0.01,0,3,3,2100,90,0,0,0,12.6,21,20
12,85.5,52.418800000003806,-1.5016999999998821,52.46613943273474,45.0,0.11,0.0,0.1,0.0,47.01266974259386,47.01266974259386,47.01266974259386,47.01266974259386,0.0,52.46613943273474,0.02,0.01,0,3,3,2100,90,0,0,0,12.6,21,20
12,85.60000000000001,52.418800000003806,-1.5016999999998821,52.25863891578985,45.0,0.11,0.0,0.1,0.0,46.82673737974001,46.82673737974001,46.82673737974001,46.82673737974001,0.0,52.25863891578985,0.02,0.01,0,3,3,2100,90,0,0,0,12.6,21,20
12,85.7,52.418800000003806,-1.5016999999998821,52.14081196556691,45.0,0.11,0.0,0.1,0.0,46.72115767523916,46.72115767523916,46.72115767523916,46.72115767523916,0.0,52.14081196556691,0.02,0.01,0,3,3,2100,90,0,0,0,12.6,21,20
12,85.80000000000001,52.418800000003806,-1.5016999999998821,52.07920395114344,45.0,0.11,0.0,0.1,0.0,46.665953361239644,46.665953361239644,46.665953361239644,46.665953361239644,0.0,52.07920395114344,0.02,0.01,0,3,3,2100,90,0,0,0,12.6,21,20
12,85.9,52.418800000003806,-1.5016999999998821,52.30414952275619,45.0,0.11,0.0,0.1,0.0,46.86751749350913,46.86751749350913,46.86751749350913,46.86751749350913,0.0,52.30414952275619,0.02,0.01,0,3,3,2100,90,0,0,0,12.6,21,20
12,86.0,52.418800000003806,-1.5016999999998821,51.972241456879246,45.0,0.11,0.0,0.1,0.0,46.57010883232907,46.57010883232907,46.57010883232907,46.57010883232907,0.0,51.972241456879246,0.02,0.01,0,3,3,2100,90,0,0,0,12.6,21,20
12,86.10000000000001,52.418800000003806,-1.5016999999998821,52.30372177176626,45.0,0.11,0.0,0.1,0.0,46.86713420409163,46.86713420409163,46.86713420409163,46.86713420409163,0.0,52.30372177176626,0.02,0.01,0,3,3,2100,90,0,0,0,12.6,21,20
12,86.2,52.418800000003806,-1.5016999999998821,52.32088926659736,45.0,0.11,0.0,0.1,0.0,46.88251726397613,46.88251726397613,46.88251726397613,46.88251726397613,0.0,52.32088926659736,0.02,0.01,0,3,3,2100,90,0,0,0,12.6,21,20
12,86.30000000000001,52.418800000003806,-1.5016999999998821,52.159835423221274,45.0,0.11,0.0,0.1,0.0,46.738203784248455,46.738203784248455,46.738203784248455,46.738203784248455,0.0,52.159835423221274,0.02,0.01,0,3,3,2100,90,0,0,0,12.6,21,20
12,86.4,52.418800000003806,-1.5016999999998821,52.16966797223277,45.0,0.11,0.0,0.1,0.0,46.747014312036534,46.747014312036534,46.747014312036534,46.747014312036534,0.0,52.16966797223277,0.02,0.01,0,3,3,2100,90,0,0,0,12.6,21,20
12,86.5,52.418800000003806,-1.5016999999998821,52.104494599922084,45.0,0.11,0.0,0.1,0.0,46.68861523290509,46.68861523290509,46.68861523290509,46.68861523290509,0.0,52.104494599922084,0.02,0.01,0,3,3,2100,90,0,0,0,12.6,21,20
12,86.60000000000001,52.418800000003806,-1.5016999999998821,52.35931885017004,45.0,0.11,0.0,0.1,0.0,46.91695237470434,46.91695237470434,46.91695237470434,46.91695237470434,0.0,52.35931885017004,0.02,0.01,0,3,3,2100,90,0,0,0,12.6,21,20
12,86.7,52.418800000003806,-1.5016999999998821,52.260385732830066,45.0,0.11,0.0,0.1,0.0,46.82830262798393,46.82830262798393,46.82830262798393,46.82830262798393,0.0,52.260385732830066,0.02,0.01,0,3,3,2100,90,0,0,0,12.6,21,20
12,86.80000000000001,52.418800000003806,-1.5016999999998821,52.449894836825436,45.0,0.11,0.0,0.1,0.0,46.99811365306939,46.99811365306939,46.99811365306939,46.99811365306939,0.0,52.449894836825436,0.02,0.01,0,3,3,2100,90,0,0,0,12.6,21,20
12,86.9,52.418800000003806,-1.5016999999998821,51.76463399461914,45.0,0.11,0.0,0.1,0.0,46.384080640339725,46.384080640339725,46.384080640339725,46.384080640339725,0.0,51.76463399461914,0.02,0.01,0,3,3,2100,90,0,0,0,12.6,21,20
12,87.0,52.418800000003806,-1.5016999999998821,52.16269519517464,45.0,0.11,0.0,0.1,0.0,46.74076630391993,46.74076630391993,46.74076630391993,46.74076630391993,0.0,52.16269519517464,0.02,0.01,0,3,3,2100,90,0,0,0,12.6,21,20
12,87.10000000000001,52.418800000003806,-1.5016999999998821,52.169514090965606,45.0,0.11,0.0,0.1,0.0,46.74687642559642,46.74687642559642,46.74687642559642,46.74687642559642,0.0,52.169514090965606,0.02,0.01,0,3,3,2100,90,0,0,0,12.6,21,20
12,87.2,52.418800000003806,-1.5016999999998821,52.65824282405726,45.0,0.11,0.0,0.1,0.0,47.18480539790077,47.18480539790077,47.18480539790077,47.18480539790077,0.0,52.65824282405726,0.02,0.01,0,3,3,2100,90,0,0,0,12.6,21,20
12,87.30000000000001,52.418800000003806,-1.5016999999998821,51.613928398805854,45.0,0.11,0.0,0.1,0.0,46.24903978387621,46.24903978387621,46.24903978387621,46.24903978387621,0.0,51.613928398805854,0.02,0.01,0,3,3,2100,90,0,0,0,12.6,21,20
12,87.4,52.418800000003806,-1.5016999999998821,51.803155520880225,45.0,0.11,0.0,0.1,0.0,46.418598136989445,46.418598136989445,46.418598136989445,46.418598136989445,0.0,51.803155520880225,0.02,0.01,0,3,3,2100,90,0,0,0,12.6,21,20
12,87.5,52.418800000003806,-1.5016999999998821,52.30644300663149,45.0,0.11,0.0,0.1,0.0,46.86957258658736,46.86957258658736,46.86957258658736,46.86957258658736,0.0,52.30644300663149,0.02,0.01,0,3,3,2100,90,0,0,0,12.6,21,20
12,87.60000000000001,52.418800000003806,-1.5016999999998821,52.33134068359321,45.0,0.11,0.0,0.1,0.0,46.89188233296883,46.89188233296883,46.89188233296883,46.89188233296883,0.0,52.33134068359321,0.02,0.01,0,3,3,2100,90,0,0,0,12.6,21,20
12,87.7,52.418800000003806,-1.5016999999998821,52.10429188234636,45.0,0.11,0.0,0.1,0.0,46.68843358633187,46.68843358633187,46.68843358633187,46.68843358633187,0.0,52.10429188234636,0.02,0.01,0,3,3,2100,90,0,0,0,12.6,21,20
12,87.80000000000001,52.418800000003806,-1.5016999999998821,52.134281329651465,45.0,0.11,0.0,0.1,0.0,46.71530585094217,46.71530585094217,46.71530585094217,46.71530585094217,0.0,52.134281329651465,0.02,0.01,0,3,3,2100,90,0,0,0,12.6,21,20
12,87.9,52.418800000003806,-1.5016999999998821,52.54411519900551,45.0,0.11,0.0,0.1,0.0,47.082540500901,47.082540500901,47.082540500901,47.082540500901,0.0,52.54411519900551,0.02,0.01,0,3,3,2100,90,0,0,0,12.6,21,20
12,88.0,52.418800000003806,-1.5016999999998821,52.17158732510207,45.0,0.11,0.0,0.1,0.0,46.74873416227784,46.74873416227784,46.74873416227784,46.74873416227784,0.0,52.17158732510207,0.02,0.01,0,3,3,2100,90,0,0,0,12.6,21,20
12,88.10000000000001,52.418800000003806,-1.5016999999998821,52.236265514253475,45.0,0.11,0.0,0.1,0.0,46.80668952890096,46.80668952890096,46.80668952890096,46.80668952890096,0.0,52.236265514253475,0.02,0.01,0,3,3,2100,90,0,0,0,12.6,21,20
12,88.2,52.418800000003806,-1.5016999999998821,52.158275017866885,45.0,0.11,0.0,0.1,0.0,46.73680557156531,46.73680557156531,46.73680557156531,46.73680557156531,0.0,52.158275017866885,0.02,0.01,0,3,3,2100,90,0,0,0,12.6,21,20
12,88.30000000000001,52.418800000003806,-1.5016999999998821,51.97409872167961,45.0,0.11,0.0,0.1,0.0,46.571773048100006,46.571773048100006,46.571773048100006,46.571773048100006,0.0,51.97409872167961,0.02,0.01,0,3,3,2100,90,0,0,0,12.6,21,20
12,88.4,52.418800000003806,-1.5016999999998821,52.131900488659625,45.0,0.11,0.0,0.1,0.0,46.7131724808778,46.7131724808778,46.7131724808778,46.7131724808778,0.0,52.131900488659625,0.02,0.01,0,3,3,2100,90,0,0,0,12.6,21,20
12,88.5,52.418800000003806,-1.5016999999998821,52.26402275241502,45.0,0.11,0.0,0.1,0.0,46.83156160610665,46.83156160610665,46.83156160610665,46.83156160610665,0.0,52.26402275241502,0.02,0.01,0,3,3,2100,90,0,0,0,12.6,21,20
12,88.60000000000001,52.418800000003806,-1.5016999999998821,52.45712561627529,45.0,0.11,0.0,0.1,0.0,47.00459284612481,47.00459284612481,47.00459284612481,47.00459284612481,0.0,52.45712561627529,0.02,0.01,0,3,3,2100,90,0,0,0,12.6,21,20
12,88.7,52.418800000003806,-1.5016999999998821,52.39989394274517,45.0,0.11,0.0,0.1,0.0,46.953309984538684,46.953309984538684,46.953309984538684,46.953309984538684,0.0,52.39989394274517,0.02,0.01,0,3,3,2100,90,0,0,0,12.6,21,20
12,88.80000000000001,52.418800000003806,-1.5016999999998821,52.167026606384994,45.0,0.11,0.0,0.1,0.0,46.74464749676074,46.74464749676074,46.74464749676074,46.74464749676074,0.0,52.167026606384994,0.02,0.01,0,3,3,2100,90,0,0,0,12.6,21,20
12,88.9,52.418800000003806,-1.5016999999998821,52.24471166065375,45.0,0.11,0.0,0.1,0.0,46.81425776044243,46.81425776044243,46.81425776044243,46.81425776044243,0.0,52.24471166065375,0.02,0.01,0,3,3,2100,90,0,0,0,12.6,21,20
12,89.0,52.418800000003806,-1.5016999999998821,52.00539159524562,45.0,0.11,0.0,0.1,0.0,46.59981325738855,46.59981325738855,46.59981325738855,46.59981325738855,0.0,52.00539159524562,0.02,0.01,0,3,3,2100,90,0,0,0,12.6,21,20
12,89.10000000000001,52.418800000003806,-1.5016999999998821,51.91340902395343,45.0,0.11,0.0,0.1,0.0,46.517391598524576,46.517391598524576,46.517391598524576,46.517391598524576,0.0,51.91340902395343,0.02,0.01,0,3,3,2100,90,0,0,0,12.6,21,20
12,89.2,52.418800000003806,-1.5016999999998821,52.52152298145501,45.0,0.11,0.0,0.1,0.0,47.0622965783647,47.0622965783647,47.0622965783647,47.0622965783647,0.0,52.52152298145501,0.02,0.01,0,3,3,2100,90,0,0,0,12.6,21,20
12,89.30000000000001,52.418800000003806,-1.5016999999998821,52.146631916607156,45.0,0.11,0.0,0.1,0.0,46.72637268513186,46.72637268513186,46.72637268513186,46.72637268513186,0.0,52.146631916607156,0.02,0.01,0,3,3,2100,90,0,0,0,12.6,21,20
12,89.4,52.418800000003806,-1.5016999999998821,52.58800358802767,45.0,0.11,0.0,0.1,0.0,47.121867014361705,47.121867014361705,47.121867014361705,47.121867014361705,0.0,52.58800358802767,0.02,0.01,0,3,3,2100,90,0,0,0,12.6,21,20
12,89.5,52.418800000003806,-1.5016999999998821,51.93593779035318,45.0,0.11,0.0,0.1,0.0,46.53757866519102,46.53757866519102,46.53757866519102,46.53757866519102,0.0,51.93593779035318,0.02,0.01,0,3,3,2100,90,0,0,0,12.6,21,20
12,89.60000000000001,52.418800000003806,-1.5016999999998821,52.189508506986314,45.0,0.11,0.0,0.1,0.0,46.76479256898415,46.76479256898415,46.76479256898415,46.76479256898415,0.0,52.189508506986314,0.02,0.01,0,3,3,2100,90,0,0,0,12.6,21,20
12,89.7,52.418800000003806,-1.5016999999998821,52.28872286558696,45.0,0.11,0.0,0.1,0.0,46.85369432400265,46.85369432400265,46.85369432400265,46.85369432400265,0.0,52.28872286558696,0.02,0.01,0,3,3,2100,90,0,0,0,12.6,21,20
12,89.80000000000001,52.418800000003806,-1.5016999999998821,52.13948774105444,45.0,0.11,0.0,0.1,0.0,46.7199710941348,46.7199710941348,46.7199710941348,46.7199710941348,0.0,52.13948774105444,0.02,0.01,0,3,3,2100,90,0,0,0,12.6,21,20
12,89.9,52.418800000003806,-1.5016999999998821,52.35943492582032,45.0,0.11,0.0,0.1,0.0,46.91705638514365,46.91705638514365,46.91705638514365,46.91705638514365,0.0,52.35943492582032,0.02,0.01,0,3,3,2100,90,0,0,0,12.6,21,20
12,90.0,52.418800000003806,-1.5016999999998821,51.994419490409506,45.0,0.11,0.0,0.1,0.0,46.58998162223074,46.58998162223074,46.58998162223074,46.58998162223074,0.0,51.994419490409506,0.02,0.01,0,3,3,2100,90,0,0,0,12.6,21,20
12,90.10000000000001,52.418800000003806,-1.5016999999998821,51.99870963992515,45.0,0.11,0.0,0.1,0.0,46.59382584222684,46.59382584222684,46.59382584222684,46.59382584222684,0.0,51.99870963992515,0.02,0.01,0,3,3,2100,90,0,0,0,12.6,21,20
12,90.2,52.418800000003806,-1.5016999999998821,51.875389501749936,45.0,0.11,0.0,0.1,0.0,46.48332392629923,46.48332392629923,46.48332392629923,46.48332392629923,0.0,51.875389501749936,0.02,0.01,0,3,3,2100,90,0,0,0,12.6,21,20
12,90.30000000000001,52.418800000003806,-1.5016999999998821,52.11956584874758,45.0,0.11,0.0,0.1,0.0,46.70211993615374,46.70211993615374,46.70211993615374,46.70211993615374,0.0,52.11956584874758,0.02,0.01,0,3,3,2100,90,0,0,0,12.6,21,20
12,90.4,52.418800000003806,-1.5016999999998821,51.9688232748062,45.0,0.11,0.0,0.1,0.0,46.567045945166846,46.567045945166846,46.567045945166846,46.567045945166846,0.0,51.9688232748062,0.02,0.01,0,3,3,2100,90,0,0,0,12.6,21,20
12,90.5,52.418800000003806,-1.5016999999998821,52.44003826130919,45.0,0.11,0.0,0.1,0.0,46.98928159615519,46.98928159615519,46.98928159615519,46.98928159615519,0.0,52.44003826130919,0.02,0.01,0,3,3,2100,90,0,0,0,12.6,21,20
12,90.60000000000001,52.418800000003806,-1.5016999999998821,52.36690496616831,45.0,0.11,0.0,0.1,0.0,46.92374996968487,46.92374996968487,46.92374996968487,46.92374996968487,0.0,52.36690496616831,0.02,0.01,0,3,3,2100,90,0,0,0,12.6,21,20
12,90.7,52.418800000003806,-1.5016999999998821,52.58641282555906,45.0,0.11,0.0,0.1,0.0,47.120441599963314,47.120441599963314,47.120441599963314,47.120441599963314,0.0,52.58641282555906,0.02,0.01,0,3,3,2100,90,0,0,0,12.6,21,20
12,90.80000000000001,52.418800000003806,-1.5016999999998821,52.07838728415541,45.0,0.11,0.0,0.1,0.0,46.66522158078442,46.66522158078442,46.66522158078442,46.66522158078442,0.0,52.07838728415541,0.02,0.01,0,3,3,2100,90,0,0,0,12.6,21,20
12,90.9,52.418800000003806,-1.5016999999998821,52.25117706654623,45.0,0.11,0.0,0.1,0.0,46.82005113489805,46.82005113489805,46.82005113489805,46.82005113489805,0.0,52.25117706654623,0.02,0.01,0,3,3,2100,90,0,0,0,12.6,21,20
12,91.0,52.418800000003806,-1.5016999999998821,52.089502098331195,45.0,0.11,0.0,0.1,0.0,46.67518109169462,46.67518109169462,46.67518109169462,46.67518109169462,0.0,52.089502098331195,0.02,0.01,0,3,3,2100,90,0,0,0,12.6,21,20
12,91.10000000000001,52.418800000003806,-1.5016999999998821,52.19138990987212,45.0,0.11,0.0,0.1,0.0,46.76647841386391,46.76647841386391,46.76647841386391,46.76647841386391,0.0,52.19138990987212,0.02,0.01,0,3,3,2100,90,0,0,0,12.6,21,20
12,91.2,52.418800000003806,-1.5016999999998821,52.35752366678128,45.0,0.11,0.0,0.1,0.0,46.915343787438424,46.915343787438424,46.915343787438424,46.915343787438424,0.0,52.35752366678128,0.02,0.01,0,3,3,2100,90,0,0,0,12.6,21,20
12,91.30000000000001,52.418800000003806,-1.5016999999998821,52.098641880998684,45.0,0.11,0.0,0.1,0.0,46.683370861109935,46.683370861109935,46.683370861109935,46.683370861109935,0.0,52.098641880998684,0.02,0.01,0,3,3,2100,90,0,0,0,12.6,21,20
12,91.4,52.418800000003806,-1.5016999999998821,52.44250663828583,45.0,0.11,0.0,0.1,0.0,46.991493403481925,46.991493403481925,46.991493403481925,46.991493403481925,0.0,52.44250663828583,0.02,0.01,0,3,3,2100,90,0,0,0,12.6,21,20
12,91.5,52.418800000003806,-1.5016999999998821,51.79733432698092,45.0,0.11,0.0,0.1,0.0,46.413382013423764,46.413382013423764,46.413382013423764,46.413382013423764,0.0,51.79733432698092,0.02,0.01,0,3,3,2100,90,0,0,0,12.6,21,20
12,91.60000000000001,52.418800000003806,-1.5016999999998821,52.2894520668077,45.0,0.11,0.0,0.1,0.0,46.854347730114426,46.854347730114426,46.854347730114426,46.854347730114426,0.0,52.2894520668077,0.02,0.01,0,3,3,2100,90,0,0,0,12.6,21,20
12,91.7,52.418800000003806,-1.5016999999998821,52.16440576821099,45.0,0.11,0.0,0.1,0.0,46.74229907545787,46.74229907545787,46.74229907545787,46.74229907545787,0.0,52.16440576821099,0.02,0.01,0,3,3,2100,90,0,0,0,12.6,21,20
12,91.80000000000001,52.418800000003806,-1.5016999999998821,52.066156092049965,45.0,0.11,0.0,0.1,0.0,46.65426173122757,46.65426173122757,46.65426173122757,46.65426173122757,0.0,52.066156092049965,0.02,0.01,0,3,3,2100,90,0,0,0,12.6,21,20
12,91.9,52.418800000003806,-1.5016999999998821,52.28580371851205,45.0,0.11,0.0,0.1,0.0,46.851078600817246,46.851078600817246,46.851078600817246,46.851078600817246,0.0,52.28580371851205,0.02,0.01,0,3,3,2100,90,0,0,0,12.6,21,20
12,92.0,52.418800000003806,-1.5016999999998821,52.460546233161004,45.0,0.11,0.0,0.1,0.0,47.00765791501882,47.00765791501882,47.00765791501882,47.00765791501882,0.0,52.460546233161004,0.02,0.01,0,3,3,2100,90,0,0,0,12.6,21,20
12,92.10000000000001,52.418800000003806,-1.5016999999998821,52.25378071105995,45.0,0.11,0.0,0.1,0.0,46.822384149695296,46.822384149695296,46.822384149695296,46.822384149695296,0.0,52.25378071105995,0.02,0.01,0,3,3,2100,90,0,0,0,12.6,21,20
12,92.2,52.418800000003806,-1.5016999999998821,52.018917999208895,45.0,0.11,0.0,0.1,0.0,46.6119336910474,46.6119336910474,46.6119336910474,46.6119336910474,0.0,52.018917999208895,0.02,0.01,0,3,3,2100,90,0,0,0,12.6,21,20
12,92.30000000000001,52.418800000003806,-1.5016999999998821,51.95673294909966,45.0,0.11,0.0,0.1,0.0,46.556212319981775,46.556212319981775,46.556212319981775,46.556212319981775,0.0,51.95673294909966,0.02,0.01,0,3,3,2100,90,0,0,0,12.6,21,20
12,92.4,52.418800000003806,-1.5016999999998821,52.28424369791176,45.0,0.11,0.0,0.1,0.0,46.84968073289584,46.84968073289584,46.84968073289584,46.84968073289584,0.0,52.28424369791176,0.02,0.01,0,3,3,2100,90,0,0,0,12.6,21,20
12,92.5,52.418800000003806,-1.5016999999998821,52.32283604598871,45.0,0.11,0.0,0.1,0.0,46.88426168995404,46.88426168995404,46.88426168995404,46.88426168995404,0.0,52.32283604598871,0.02,0.01,0,3,3,2100,90,0,0,0,12.6,21,20
12,92.60000000000001,52.418800000003806,-1.5016999999998821,52.03089820408247,45.0,0.11,0.0,0.1,0.0,46.62266864165096,46.62266864165096,46.62266864165096,46.62266864165096,0.0,52.03089820408247,0.02,0.01,0,3,3,2100,90,0,0,0,12.6,21,20
12,92.7,52.418800000003806,-1.5016999999998821,52.42506926906483,45.0,0.11,0.0,0.1,0.0,46.975868520667404,46.975868520667404,46.975868520667404,46.975868520667404,0.0,52.42506926906483,0.02,0.01,0,3,3,2100,90,0,0,0,12.6,21,20
12,92.80000000000001,52.418800000003806,-1.5016999999998821,52.33323085709904,45.0,0.11,0.0,0.1,0.0,46.89357603682709,46.89357603682709,46.89357603682709,46.89357603682709,0.0,52.33323085709904,0.02,0.01,0,3,3,2100,90,0,0,0,12.6,21,20
12,92.9,52.418800000003806,-1.5016999999998821,52.4202979522762,45.0,0.11,0.0,0.1,0.0,46.97159314720089,46.97159314720089,46.97159314720089,46.97159314720089,0.0,52.4202979522762,0.02,0.01,0,3,3,2100,90,0,0,0,12.6,21,20
12,93.0,52.418800000003806,-1.5016999999998821,52.33111263278286,45.0,0.11,0.0,0.1,0.0,46.89167798636457,46.89167798636457,46.89167798636457,46.89167798636457,0.0,52.33111263278286,0.02,0.01,0,3,3,2100,90,0,0,0,12.6,21,20
12,93.10000000000001,52.418800000003806,-1.5016999999998821,52.31131619820036,45.0,0.11,0.0,0.1,0.0,46.87393924569925,46.87393924569925,46.87393924569925,46.87393924569925,0.0,52.31131619820036,0.02,0.01,0,3,3,2100,90,0,0,0,12.6,21,20
12,93.2,52.418800000003806,-1.5016999999998821,52.37994888823105,45.0,0.11,0.0,0.1,0.0,46.93543807189162,46.93543807189162,46.93543807189162,46.93543807189162,0.0,52.37994888823105,0.02,0.01,0,3,3,2100,90,0,0,0,12.6,21,20
12,93.30000000000001,52.418800000003806,-1.5016999999998821,52.07221916657071,45.0,0.11,0.0,0.1,0.0,46.65969459370135,46.65969459370135,46.65969459370135,46.65969459370135,0.0,52.07221916657071,0.02,0.01,0,3,3,2100,90,0,0,0,12.6,21,20
12,93.4,52.418800000003806,-1.5016999999998821,51.98373097095988,45.0,0.11,0.0,0.1,0.0,46.58040409584219,46.58040409584219,46.58040409584219,46.58040409584219,0.0,51.98373097095988,0.02,0.01,0,3,3,2100,90,0,0,0,12.6,21,20
12,93.5,52.418800000003806,-1.5016999999998821,51.89820489593044,45.0,0.11,0.0,0.1,0.0,46.50376782789466,46.50376782789466,46.50376782789466,46.50376782789466,0.0,51.89820489593044,0.02,0.01,0,3,3,2100,90,0,0,0,12.6,21,20
12,93.60000000000001,52.418800000003806,-1.5016999999998821,52.593759878213106,45.0,0.11,0.0,0.1,0.0,47.12702498047769,47.12702498047769,47.12702498047769,47.12702498047769,0.0,52.593759878213106,0.02,0.01,0,3,3,2100,90,0,0,0,12.6,21,20
12,93.7,52.418800000003806,-1.5016999999998821,52.222899482825554,45.0,0.11,0.0,0.1,0.0,46.79471279823078,46.79471279823078,46.79471279823078,46.79471279823078,0.0,52.222899482825554,0.02,0.01,0,3,3,2100,90,0,0,0,12.6,21,20
12,93.80000000000001,52.418800000003806,-1.5016999999998821,52.19118062743536,45.0,0.11,0.0,0.1,0.0,46.76629088479871,46.76629088479871,46.76629088479871,46.76629088479871,0.0,52.19118062743536,0.02,0.01,0,3,3,2100,90,0,0,0,12.6,21,20
12,93.9,52.418800000003806,-1.5016999999998821,52.481825265832555,45.0,0.11,0.0,0.1,0.0,47.026725148595474,47.026725148595474,47.026725148595474,47.026725148595474,0.0,52.481825265832555,0.02,0.01,0,3,3,2100,90,0,0,0,12.6,21,20
12,94.0,52.418800000003806,-1.5016999999998821,51.98571636800763,45.0,0.11,0.0,0.1,0.0,46.58218312545487,46.58218312545487,46.58218312545487,46.58218312545487,0.0,51.98571636800763,0.02,0.01,0,3,3,2100,90,0,0,0,12.6,21,20
12,94.10000000000001,52.418800000003806,-1.5016999999998821,52.27783444948494,45.0,0.11,0.0,0.1,0.0,46.843937678749946,46.843937678749946,46.843937678749946,46.843937678749946,0.0,52.27783444948494,0.02,0.01,0,3,3,2100,90,0,0,0,12.6,21,20
12,94.2,52.418800000003806,-1.5016999999998821,51.55699788043805,45.0,0.11,0.0,0.1,0.0,46.19802677458606,46.19802677458606,46.19802677458606,46.19802677458606,0.0,51.55699788043805,0.02,0.01,0,3,3,2100,90,0,0,0,12.6,21,20
12,94.30000000000001,52.418800000003806,-1.5016999999998821,51.910836336622644,45.0,0.11,0.0,0.1,0.0,46.51508632313857,46.51508632313857,46.51508632313857,46.51508632313857,0.0,51.910836336622644,0.02,0.01,0,3,3,2100,90,0,0,0,12.6,21,20
12,94.4,52.418800000003806,-1.5016999999998821,52.016119701833034,45.0,0.11,0.0,0.1,0.0,46.60942625612279,46.60942625612279,46.60942625612279,46.60942625612279,0.0,52.016119701833034,0.02,0.01,0,3,3,2100,90,0,0,0,12.6,21,20
12,94.5,52.418800000003806,-1.5016999999998821,52.20024445022453,45.0,0.11,0.0,0.1,0.0,46.77441258980693,46.77441258980693,46.77441258980693,46.77441258980693,0.0,52.20024445022453,0.02,0.01,0,3,3,2100,90,0,0,0,12.6,21,20
12,94.60000000000001,52.418800000003806,-1.5016999999998821,51.78774658999202,45.0,0.11,0.0,0.1,0.0,46.40479085124733,46.40479085124733,46.40479085124733,46.40479085124733,0.0,51.78774658999202,0.02,0.01,0,3,3,2100,90,0,0,0,12.6,21,20
12,94.7,52.418800000003806,-1.5016999999998821,52.44569076540428,45.0,0.11,0.0,0.1,0.0,46.994346563982326,46.994346563982326,46.994346563982326,46.994346563982326,0.0,52.44569076540428,0.02,0.01,0,3,3,2100,90,0,0,0,12.6,21,20
12,94.80000000000001,52.418800000003806,-1.5016999999998821,52.268496180933504,45.0,0.11,0.0,0.1,0.0,46.83557005459991,46.83557005459991,46.83557005459991,46.83557005459991,0.0,52.268496180933504,0.02,0.01,0,3,3,2100,90,0,0,0,12.6,21,20
12,94.9,52.418800000003806,-1.5016999999998821,52.09755231289973,45.0,0.11,0.0,0.1,0.0,46.68239454560908,46.68239454560908,46.68239454560908,46.68239454560908,0.0,52.09755231289973,0.02,0.01,0,3,3,2100,90,0,0,0,12.6,21,20
12,95.0,52.418800000003806,-1.5016999999998821,52.310628270375624,45.0,0.11,0.0,0.1,0.0,46.873322822917224,46.873322822917224,46.873322822917224,46.873322822917224,0.0,52.310628270375624,0.02,0.01,0,3,3,2100,90,0,0,0,12.6,21,20
12,95.10000000000001,52.418800000003806,-1.5016999999998821,52.30344093497794,45.0,0.11,0.0,0.1,0.0,46.866882558223956,46.866882558223956,46.866882558223956,46.866882558223956,0.0,52.30344093497794,0.02,0.01,0,3,3,2100,90,0,0,0,12.6,21,20
12,95.2,52.418800000003806,-1.5016999999998821,52.11345832723245,45.0,0.11,0.0,0.1,0.0,46.69664724662406,46.69664724662406,46.69664724662406,46.69664724662406,0.0,52.11345832723245,0.02,0.01,0,3,3,2100,90,0,0,0,12.6,21,20
12,95.30000000000001,52.418800000003806,-1.5016999999998821,52.25873847144543,45.0,0.11,0.0,0.1,0.0,46.826826587316695,46.826826587316695,46.826826587316695,46.826826587316695,0.0,52.25873847144543,0.02,0.01,0,3,3,2100,90,0,0,0,12.6,21,20
12,95.4,52.418800000003806,-1.5016999999998821,51.9868670679242,45.0,0.11,0.0,0.1,0.0,46.58321421857007,46.58321421857007,46.58321421857007,46.58321421857007,0.0,51.9868670679242,0.02,0.01,0,3,3,2100,90,0,0,0,12.6,21,20
12,95.5,52.418800000003806,-1.5016999999998821,51.53960765798545,45.0,0.11,0.0,0.1,0.0,46.18244413797979,46.18244413797979,46.18244413797979,46.18244413797979,0.0,51.53960765798545,0.02,0.01,0,3,3,2100,90,0,0,0,12.6,21,20
12,95.60000000000001,52.418800000003806,-1.5016999999998821,52.2174024421205,45.0,0.11,0.0,0.1,0.0,46.78978713451657,46.78978713451657,46.78978713451657,46.78978713451657,0.0,52.2174024421205,0.02,0.01,0,3,3,2100,90,0,0,0,12.6,21,20
12,95.7,52.418800000003806,-1.5016999999998821,52.18205139694121,45.0,0.11,0.0,0.1,0.0,46.75811057073585,46.75811057073585,46.75811057073585,46.75811057073585,0.0,52.18205139694121,0.02,0.01,0,3,3,2100,90,0,0,0,12.6,21,20
12,95.80000000000001,52.418800000003806,-1.5016999999998821,52.125927054826576,45.0,0.11,0.0,0.1,0.0,46.707819941600874,46.707819941600874,46.707819941600874,46.707819941600874,0.0,52.125927054826576,0.02,0.01,0,3,3,2100,90,0,0,0,12.6,21,20
12,95.9,52.418800000003806,-1.5016999999998821,52.44342243688641,45.0,0.11,0.0,0.1,0.0,46.99231401154696,46.99231401154696,46.99231401154696,46.99231401154696,0.0,52.44342243688641,0.02,0.01,0,3,3,2100,90,0,0,0,12.6,21,20
12,96.0,52.418800000003806,-1.5016999999998821,52.55871769153785,45.0,0.11,0.0,0.1,0.0,47.0956251716289,47.0956251716289,47.0956251716289,47.0956251716289,0.0,52.55871769153785,0.02,0.01,0,3,3,2100,90,0,0,0,12.6,21,20
12,96.10000000000001,52.418800000003806,-1.5016999999998821,52.47651279878323,45.0,0.11,0.0,0.1,0.0,47.02196487346168,47.02196487346168,47.02196487346168,47.02196487346168,0.0,52.47651279878323,0.02,0.01,0,3,3,2100,90,0,0,0,12.6,21,20
12,96.2,52.418800000003806,-1.5016999999998821,52.270954018043206,45.0,0.11,0.0,0.1,0.0,46.83777241760144,46.83777241760144,46.83777241760144,46.83777241760144,0.0,52.270954018043206,0.02,0.01,0,3,3,2100,90,0,0,0,12.6,21,20
12,96.30000000000001,52.418800000003806,-1.5016999999998821,52.15297809083884,45.0,0.11,0.0,0.1,0.0,46.73205922118176,46.73205922118176,46.73205922118176,46.73205922118176,0.0,52.15297809083884,0.02,0.01,0,3,3,2100,90,0,0,0,12.6,21,20
12,96.4,52.418800000003806,-1.5016999999998821,52.2027539638015,45.0,0.11,0.0,0.1,0.0,46.776661257886644,46.776661257886644,46.776661257886644,46.776661257886644,0.0,52.2027539638015,0.02,0.01,0,3,3,2100,90,0,0,0,12.6,21,20
12,96.5,52.418800000003806,-1.5016999999998821,52.098667807300295,45.0,0.11,0.0,0.1,0.0,46.683394092562985,46.683394092562985,46.683394092562985,46.683394092562985,0.0,52.098667807300295,0.02,0.01,0,3,3,2100,90,0,0,0,12.6,21,20
12,96.60000000000001,52.418800000003806,-1.5016999999998821,52.334418509555434,45.0,0.11,0.0,0.1,0.0,46.894640241537125,46.894640241537125,46.894640241537125,46.894640241537125,0.0,52.334418509555434,0.02,0.01,0,3,3,2100,90,0,0,0,12.6,21,20
12,96.7,52.418800000003806,-1.5016999999998821,52.178208046797316,45.0,0.11,0.0,0.1,0.0,46.75466670859974,46.75466670859974,46.75466670859974,46.75466670859974,0.0,52.178208046797316,0.02,0.01,0,3,3,2100,90,0,0,0,12.6,21,20
12,96.80000000000001,52.418800000003806,-1.5016999999998821,52.23133875480058,45.0,0.11,0.0,0.1,0.0,46.802274869893,46.802274869893,46.802274869893,46.802274869893,0.0,52.23133875480058,0.02,0.01,0,3,3,2100,90,0,0,0,12.6,21,20
12,96.9,52.418800000003806,-1.5016999999998821,52.18124842213787,45.0,0.11,0.0,0.1,0.0,46.75739105926333,46.75739105926333,46.75739105926333,46.75739105926333,0.0,52.18124842213787,0.02,0.01,0,3,3,2100,90,0,0,0,12.6,21,20
12,97.0,52.418800000003806,-1.5016999999998821,52.23392624139502,45.0,0.11,0.0,0.1,0.0,46.804593406267934,46.804593406267934,46.804593406267934,46.804593406267934,0.0,52.23392624139502,0.02,0.01,0,3,3,2100,90,0,0,0,12.6,21,20
12,97.10000000000001,52.418800000003806,-1.5016999999998821,52.06798213619103,45.0,0.11,0.0,0.1,0.0,46.65589797149733,46.65589797149733,46.65589797149733,46.65589797149733,0.0,52.06798213619103,0.02,0.01,0,3,3,2100,90,0,0,0,12.6,21,20
12,97.2,52.418800000003806,-1.5016999999998821,52.092185951475194,45.0,0.11,0.0,0.1,0.0,46.67758597802437,46.67758597802437,46.67758597802437,46.67758597802437,0.0,52.092185951475194,0.02,0.01,0,3,3,2100,90,0,0,0,12.6,21,20
12,97.30000000000001,52.418800000003806,-1.5016999999998821,52.22881860799637,45.0,0.11,0.0,0.1,0.0,46.80001667383187,46.80001667383187,46.80001667383187,46.80001667383187,0.0,52.22881860799637,0.02,0.01,0,3,3,2100,90,0,0,0,12.6,21,20
12,97.4,52.418800000003806,-1.5016999999998821,52.099710442121186,45.0,0.11,0.0,0.1,0.0,46.68432835315518,46.68432835315518,46.68432835315518,46.68432835315518,0.0,52.099710442121186,0.02,0.01,0,3,3,2100,90,0,0,0,12.6,21,20
12,97.5,52.418800000003806,-1.5016999999998821,52.324696459755934,45.0,0.11,0.0,0.1,0.0,46.88592872737987,46.88592872737987,46.88592872737987,46.88592872737987,0.0,52.324696459755934,0.02,0.01,0,3,3,2100,90,0,0,0,12.6,21,20
12,97.60000000000001,52.418800000003806,-1.5016999999998821,52.806016560628684,45.0,0.11,0.0,0.1,0.0,47.31721914034828,47.31721914034828,47.31721914034828,47.31721914034828,0.0,52.806016560628684,0.02,0.01,0,3,3,2100,90,0,0,0,12.6,21,20
12,97.7,52.418800000003806,-1.5016999999998821,52.295835809913584,45.0,0.11,0.0,0.1,0.0,46.86006793003009,46.86006793003009,46.86006793003009,46.86006793003009,0.0,52.295835809913584,0.02,0.01,0,3,3,2100,90,0,0,0,12.6,21,20
12,97.80000000000001,52.418800000003806,-1.5016999999998821,52.309740128745055,45.0,0.11,0.0,0.1,0.0,46.872526997083376,46.872526997083376,46.872526997083376,46.872526997083376,0.0,52.309740128745055,0.02,0.01,0,3,3,2100,90,0,0,0,12.6,21,20
12,97.9,52.418800000003806,-1.5016999999998821,52.21857762963942,45.0,0.11,0.0,0.1,0.0,46.7908401699278,46.7908401699278,46.7908401699278,46.7908401699278,0.0,52.21857762963942,0.02,0.01,0,3,3,2100,90,0,0,0,12.6,21,20
12,98.0,52.418800000003806,-1.5016999999998821,51.892684782456826,45.0,0.11,0.0,0.1,0.0,46.49882148965665,46.49882148965665,46.49882148965665,46.49882148965665,0.0,51.892684782456826,0.02,0.01,0,3,3,2100,90,0,0,0,12.6,21,20
12,98.10000000000001,52.418800000003806,-1.5016999999998821,51.973378663079494,45.0,0.11,0.0,0.1,0.0,46.57112783430062,46.57112783430062,46.57112783430062,46.57112783430062,0.0,51.973378663079494,0.02,0.01,0,3,3,2100,90,0,0,0,12.6,21,20
12,98.2,52.418800000003806,-1.5016999999998821,52.26618299800107,45.0,0.11,0.0,0.1,0.0,46.833497310036805,46.833497310036805,46.833497310036805,46.833497310036805,0.0,52.26618299800107,0.02,0.01,0,3,3,2100,90,0,0,0,12.6,21,20
12,98.30000000000001,52.418800000003806,-1.5016999999998821,52.435382085887504,45.0,0.11,0.0,0.1,0.0,46.98510939595654,46.98510939595654,46.98510939595654,46.98510939595654,0.0,52.435382085887504,0.02,0.01,0,3,3,2100,90,0,0,0,12.6,21,20
12,98.4,52.418800000003806,-1.5016999999998821,52.13137800271978,45.0,0.11,0.0,0.1,0.0,46.71270430351234,46.71270430351234,46.71270430351234,46.71270430351234,0.0,52.13137800271978,0.02,0.01,0,3,3,2100,90,0,0,0,12.6,21,20
12,98.5,52.418800000003806,-1.5016999999998821,51.976120850412805,45.0,0.11,0.0,0.1,0.0,46.57358499140932,46.57358499140932,46.57358499140932,46.57358499140932,0.0,51.976120850412805,0.02,0.01,0,3,3,2100,90,0,0,0,12.6,21,20
12,98.60000000000001,52.418800000003806,-1.5016999999998821,51.67424534514661,45.0,0.11,0.0,0.1,0.0,46.303087226833874,46.303087226833874,46.303087226833874,46.303087226833874,0.0,51.67424534514661,0.02,0.01,0,3,3,2100,90,0,0,0,12.6,21,20
12,98.7,52.418800000003806,-1.5016999999998821,52.26543807799374,45.0,0.11,0.0,0.1,0.0,46.83282981899081,46.83282981899081,46.83282981899081,46.83282981899081,0.0,52.26543807799374,0.02,0.01,0,3,3,2100,90,0,0,0,12.6,21,20
12,98.80000000000001,52.418800000003806,-1.5016999999998821,52.08682200705911,45.0,0.11,0.0,0.1,0.0,46.67277957621784,46.67277957621784,46.67277957621784,46.67277957621784,0.0,52.08682200705911,0.02,0.01,0,3,3,2100,90,0,0,0,12.6,21,20
12,98.9,52.418800000003806,-1.5016999999998821,52.52090236970254,45.0,0.11,0.0,0.1,0.0,47.06174047464385,47.06174047464385,47.06174047464385,47.06174047464385,0.0,52.52090236970254,0.02,0.01,0,3,3,2100,90,0,0,0,12.6,21,20
12,99.0,52.418800000003806,-1.5016999999998821,52.21604010261555,45.0,0.11,0.0,0.1,0.0,46.78856640019314,46.78856640019314,46.78856640019314,46.78856640019314,0.0,52.21604010261555,0.02,0.01,0,3,3,2100,90,0,0,0,12.6,21,20
12,99.10000000000001,52.418800000003806,-1.5016999999998821,52.21519606835779,45.0,0.11,0.0,0.1,0.0,46.7878100970948,46.7878100970948,46.7878100970948,46.7878100970948,0.0,52.21519606835779,0.02,0.01,0,3,3,2100,90,0,0,0,12.6,21,20
12,99.2,52.418800000003806,-1.5016999999998821,52.12414447997685,45.0,0.11,0.0,0.1,0.0,46.706222652309,46.706222652309,46.706222652309,46.706222652309,0.0,52.12414447997685,0.02,0.01,0,3,3,2100,90,0,0,0,12.6,21,20
12,99.30000000000001,52.418800000003806,-1.5016999999998821,51.82255385652738,45.0,0.11,0.0,0.1,0.0,46.43598015817866,46.43598015817866,46.43598015817866,46.43598015817866,0.0,51.82255385652738,0.02,0.01,0,3,3,2100,90,0,0,0,12.6,21,20
12,99.4,52.418800000003806,-1.5016999999998821,51.87017510085645,45.0,0.11,0.0,0.1,0.0,46.47865152406492,46.47865152406492,46.47865152406492,46.47865152406492,0.0,51.87017510085645,0.02,0.01,0,3,3,2100,90,0,0,0,12.6,21,20
12,99.5,52.418800000003806,-1.5016999999998821,52.23877025947496,45.0,0.11,0.0,0.1,0.0,46.80893392426072,46.80893392426072,46.80893392426072,46.80893392426072,0.0,52.23877025947496,0.02,0.01,0,3,3,2100,90,0,0,0,12.6,21,20
12,99.60000000000001,52.418800000003806,-1.5016999999998821,52.14504409828684,45.0,0.11,0.0,0.1,0.0,46.72494990885917,46.72494990885917,46.72494990885917,46.72494990885917,0.0,52.14504409828684,0.02,0.01,0,3,3,2100,90,0,0,0,12.6,21,20
12,99.7,52.418800000003806,-1.5016999999998821,52.273066221478615,45.0,0.11,0.0,0.1,0.0,46.83966507300951,46.83966507300951,46.83966507300951,46.83966507300951,0.0,52.273066221478615,0.02,0.01,0,3,3,2100,90,0,0,0,12.6,21,20
12,99.80000000000001,52.418800000003806,-1.5016999999998821,52.34471547454183,45.0,0.11,0.0,0.1,0.0,46.903866912671894,46.903866912671894,46.903866912671894,46.903866912671894,0.0,52.34471547454183,0.02,0.01,0,3,3,2100,90,0,0,0,12.6,21,20
12,99.9,52.418800000003806,-1.5016999999998821,52.36033880523151,45.0,0.11,0.0,0.1,0.0,46.91786631293146,46.91786631293146,46.91786631293146,46.91786631293146,0.0,52.36033880523151,0.02,0.01,0,3,3,2100,90,0,0,0,12.6,21,20
12,100.0,52.418800000003806,-1.5016999999998821,52.13611594869276,45.0,0.11,0.0,0.1,0.0,46.7169497748143,46.7169497748143,46.7169497748143,46.7169497748143,0.0,52.13611594869276,0.02,0.01,0,3,3,2100,90,0,0,0,12.6,21,20
12,100.10000000000001,52.418800000003806,-1.5016999999998821,52.442593281109936,45.0,0.11,0.0,0.1,0.0,46.991571040421086,46.991571040421086,46.991571040421086,46.991571040421086,0.0,52.442593281109936,0.02,0.01,0,3,3,2100,90,0,0,0,12.6,21,20
12,100.2,52.418800000003806,-1.5016999999998821,52.403825652422746,45.0,0.11,0.0,0.1,0.0,46.95683302188418,46.95683302188418,46.95683302188418,46.95683302188418,0.0,52.403825652422746,0.02,0.01,0,3,3,2100,90,0,0,0,12.6,21,20
12,100.30000000000001,52.418800000003806,-1.5016999999998821,52.359331180681956,45.0,0.11,0.0,0.1,0.0,46.916963423550136,46.916963423550136,46.916963423550136,46.916963423550136,0.0,52.359331180681956,0.02,0.01,0,3,3,2100,90,0,0,0,12.6,21,20
12,100.4,52.418800000003806,-1.5016999999998821,52.21765876911077,45.0,0.11,0.0,0.1,0.0,46.79001681819961,46.79001681819961,46.79001681819961,46.79001681819961,0.0,52.21765876911077,0.02,0.01,0,3,3,2100,90,0,0,0,12.6,21,20
12,100.5,52.418800000003806,-1.5016999999998821,52.10955594859829,45.0,0.11,0.0,0.1,0.0,46.69315049157553,46.69315049157553,46.69315049157553,46.69315049157553,0.0,52.10955594859829,0.02,0.01,0,3,3,2100,90,0,0,0,12.6,21,20
12,100.60000000000001,52.418800000003806,-1.5016999999998821,52.26859149681209,45.0,0.11,0.0,0.1,0.0,46.835655463093275,46.835655463093275,46.835655463093275,46.835655463093275,0.0,52.26859149681209,0.02,0.01,0,3,3,2100,90,0,0,0,12.6,21,20
12,100.7,52.418800000003806,-1.5016999999998821,52.24346715580263,45.0,0.11,0.0,0.1,0.0,46.81314261272637,46.81314261272637,46.81314261272637,46.81314261272637,0.0,52.24346715580263,0.02,0.01,0,3,3,2100,90,0,0,0,12.6,21,20
12,100.80000000000001,52.418800000003806,-1.5016999999998821,52.191235793499686,45.0,0.11,0.0,0.1,0.0,46.766340316755986,46.766340316755986,46.766340316755986,46.766340316755986,0.0,52.191235793499686,0.02,0.01,0,3,3,2100,90,0,0,0,12.6,21,20
12,100.9,52.418800000003806,-1.5016999999998821,52.151158097459515,45.0,0.11,0.0,0.1,0.0,46.7304284027415,46.7304284027415,46.7304284027415,46.7304284027415,0.0,52.151158097459515,0.02,0.01,0,3,3,2100,90,0,0,0,12.6,21,20
12,101.0,52.418800000003806,-1.5016999999998821,52.04518281515391,45.0,0.11,0.0,0.1,0.0,46.63546847236013,46.63546847236013,46.63546847236013,46.63546847236013,0.0,52.04518281515391,0.02,0.01,0,3,3,2100,90,0,0,0,12.6,21,20
12,101.10000000000001,52.418800000003806,-1.5016999999998821,52.32635178435146,45.0,0.11,0.0,0.1,0.0,46.88741199314647,46.88741199314647,46.88741199314647,46.88741199314647,0.0,52.32635178435146,0.02,0.01,0,3,3,2100,90,0,0,0,12.6,21,20
12,101.2,52.418800000003806,-1.5016999999998821,52.11684381054226,45.0,0.11,0.0,0.1,0.0,46.69968083381923,46.69968083381923,46.69968083381923,46.69968083381923,0.0,52.11684381054226,0.02,0.01,0,3,3,2100,90,0,0,0,12.6,21,20
12,101.30000000000001,52.418800000003806,-1.5016999999998821,52.04245283400644,45.0,0.11,0.0,0.1,0.0,46.63302225269394,46.63302225269394,46.63302225269394,46.63302225269394,0.0,52.04245283400644,0.02,0.01,0,3,3,2100,90,0,0,0,12.6,21,20
12,101.4,52.418800000003806,-1.5016999999998821,52.19479665722166,45.0,0.11,0.0,0.1,0.0,46.76953105485811,46.76953105485811,46.76953105485811,46.76953105485811,0.0,52.19479665722166,0.02,0.01,0,3,3,2100,90,0,0,0,12.6,21,20
12,101.5,52.418800000003806,-1.5016999999998821,52.338936445245686,45.0,0.11,0.0,0.1,0.0,46.89868857100868,46.89868857100868,46.89868857100868,46.89868857100868,0.0,52.338936445245686,0.02,0.01,0,3,3,2100,90,0,0,0,12.6,21,20
12,101.60000000000001,52.418800000003806,-1.5016999999998821,51.906913388070066,45.0,0.11,0.0,0.1,0.0,46.5115711362635,46.5115711362635,46.5115711362635,46.5115711362635,0.0,51.906913388070066,0.02,0.01,0,3,3,2100,90,0,0,0,12.6,21,20
12,101.7,52.418800000003806,-1.5016999999998821,51.97159583814122,45.0,0.11,0.0,0.1,0.0,46.56953032091507,46.56953032091507,46.56953032091507,46.56953032091507,0.0,51.97159583814122,0.02,0.01,0,3,3,2100,90,0,0,0,12.6,21,20
12,101.80000000000001,52.418800000003806,-1.5016999999998821,52.015934954298125,45.0,0.11,0.0,0.1,0.0,46.60926071173667,46.60926071173667,46.60926071173667,46.60926071173667,0.0,52.015934954298125,0.02,0.01,0,3,3,2100,90,0,0,0,12.6,21,20
12,101.9,52.418800000003806,-1.5016999999998821,52.25617568947357,45.0,0.11,0.0,0.1,0.0,46.82453018770033,46.82453018770033,46.82453018770033,46.82453018770033,0.0,52.25617568947357,0.02,0.01,0,3,3,2100,90,0,0,0,12.6,21,20
12,102.0,52.418800000003806,-1.5016999999998821,52.02132226202902,45.0,0.11,0.0,0.1,0.0,46.6140880484131,46.6140880484131,46.6140880484131,46.6140880484131,0.0,52.02132226202902,0.02,0.01,0,3,3,2100,90,0,0,0,12.6,21,20
12,102.10000000000001,52.418800000003806,-1.5016999999998821,52.477579653720134,45.0,0.11,0.0,0.1,0.0,47.022920836666785,47.022920836666785,47.022920836666785,47.022920836666785,0.0,52.477579653720134,0.02,0.01,0,3,3,2100,90,0,0,0,12.6,21,20
12,102.2,52.418800000003806,-1.5016999999998821,51.95246388741354,45.0,0.11,0.0,0.1,0.0,46.552386995890274,46.552386995890274,46.552386995890274,46.552386995890274,0.0,51.95246388741354,0.02,0.01,0,3,3,2100,90,0,0,0,12.6,21,20
12,102.30000000000001,52.418800000003806,-1.5016999999998821,52.04729481411763,45.0,0.11,0.0,0.1,0.0,46.63736094454985,46.63736094454985,46.63736094454985,46.63736094454985,0.0,52.04729481411763,0.02,0.01,0,3,3,2100,90,0,0,0,12.6,21,20
12,102.4,52.418800000003806,-1.5016999999998821,52.2881306505512,45.0,0.11,0.0,0.1,0.0,46.85316366536846,46.85316366536846,46.85316366536846,46.85316366536846,0.0,52.2881306505512,0.02,0.01,0,3,3,2100,90,0,0,0,12.6,21,20
12,102.5,52.418800000003806,-1.5016999999998821,51.9086426065799,45.0,0.11,0.0,0.1,0.0,46.513120615214966,46.513120615214966,46.513120615214966,46.513120615214966,0.0,51.9086426065799,0.02,0.01,0,3,3,2100,90,0,0,0,12.6,21,20
12,102.60000000000001,52.418800000003806,-1.5016999999998821,52.20435045536527,45.0,0.11,0.0,0.1,0.0,46.77809180588286,46.77809180588286,46.77809180588286,46.77809180588286,0.0,52.20435045536527,0.02,0.01,0,3,3,2100,90,0,0,0,12.6,21,20
12,102.7,52.418800000003806,-1.5016999999998821,51.84040556330719,45.0,0.11,0.0,0.1,0.0,46.45197631120716,46.45197631120716,46.45197631120716,46.45197631120716,0.0,51.84040556330719,0.02,0.01,0,3,3,2100,90,0,0,0,12.6,21,20
12,102.80000000000001,52.418800000003806,-1.5016999999998821,52.17578992450544,45.0,0.11,0.0,0.1,0.0,46.75249993235254,46.75249993235254,46.75249993235254,46.75249993235254,0.0,52.17578992450544,0.02,0.01,0,3,3,2100,90,0,0,0,12.6,21,20
12,102.9,52.418800000003806,-1.5016999999998821,51.94963235229852,45.0,0.11,0.0,0.1,0.0,46.54984977804527,46.54984977804527,46.54984977804527,46.54984977804527,0.0,51.94963235229852,0.02,0.01,0,3,3,2100,90,0,0,0,12.6,21,20
12,103.0,52.418800000003806,-1.5016999999998821,52.3243908762929,45.0,0.11,0.0,0.1,0.0,46.88565490707249,46.88565490707249,46.88565490707249,46.88565490707249,0.0,52.3243908762929,0.02,0.01,0,3,3,2100,90,0,0,0,12.6,21,20
12,103.10000000000001,52.418800000003806,-1.5016999999998821,52.36879711763316,45.0,0.11,0.0,0.1,0.0,46.92544544590785,46.92544544590785,46.92544544590785,46.92544544590785,0.0,52.36879711763316,0.02,0.01,0,3,3,2100,90,0,0,0,12.6,21,20
12,103.2,52.418800000003806,-1.5016999999998821,52.25553974636918,45.0,0.11,0.0,0.1,0.0,46.82396034620894,46.82396034620894,46.82396034620894,46.82396034620894,0.0,52.25553974636918,0.02,0.01,0,3,3,2100,90,0,0,0,12.6,21,20
12,103.30000000000001,52.418800000003806,-1.5016999999998821,52.31381867820385,45.0,0.11,0.0,0.1,0.0,46.876181611293774,46.876181611293774,46.876181611293774,46.876181611293774,0.0,52.31381867820385,0.02,0.01,0,3,3,2100,90,0,0,0,12.6,21,20
12,103.4,52.418800000003806,-1.5016999999998821,52.25046031435477,45.0,0.11,0.0,0.1,0.0,46.81940888383044,46.81940888383044,46.81940888383044,46.81940888383044,0.0,52.25046031435477,0.02,0.01,0,3,3,2100,90,0,0,0,12.6,21,20
12,103.5,52.418800000003806,-1.5016999999998821,52.20663088178969,45.0,0.11,0.0,0.1,0.0,46.78013519873628,46.78013519873628,46.78013519873628,46.78013519873628,0.0,52.20663088178969,0.02,0.01,0,3,3,2100,90,0,0,0,12.6,21,20
12,103.60000000000001,52.418800000003806,-1.5016999999998821,52.13309003442618,45.0,0.11,0.0,0.1,0.0,46.71423838210231,46.71423838210231,46.71423838210231,46.71423838210231,0.0,52.13309003442618,0.02,0.01,0,3,3,2100,90,0,0,0,12.6,21,20
12,103.7,52.418800000003806,-1.5016999999998821,52.198006389587576,45.0,0.11,0.0,0.1,0.0,46.77240715912865,46.77240715912865,46.77240715912865,46.77240715912865,0.0,52.198006389587576,0.02,0.01,0,3,3,2100,90,0,0,0,12.6,21,20
12,103.80000000000001,52.418800000003806,-1.5016999999998821,52.18425780947551,45.0,0.11,0.0,0.1,0.0,46.76008764289921,46.76008764289921,46.76008764289921,46.76008764289921,0.0,52.18425780947551,0.02,0.01,0,3,3,2100,90,0,0,0,12.6,21,20
12,103.9,52.418800000003806,-1.5016999999998821,52.31371402678038,45.0,0.11,0.0,0.1,0.0,46.87608783761683,46.87608783761683,46.87608783761683,46.87608783761683,0.0,52.31371402678038,0.02,0.01,0,3,3,2100,90,0,0,0,12.6,21,20
12,104.0,52.418800000003806,-1.5016999999998821,52.24626400466065,45.0,0.11,0.0,0.1,0.0,46.815648749695924,46.815648749695924,46.815648749695924,46.815648749695924,0.0,52.24626400466065,0.02,0.01,0,3,3,2100,90,0,0,0,12.6,21,20
12,104.10000000000001,52.418800000003806,-1.5016999999998821,52.20501107972781,45.0,0.11,0.0,0.1,0.0,46.77868376319696,46.77868376319696,46.77868376319696,46.77868376319696,0.0,52.20501107972781,0.02,0.01,0,3,3,2100,90,0,0,0,12.6,21,20
12,104.2,52.418800000003806,-1.5016999999998821,52.18734143362463,45.0,0.11,0.0,0.1,0.0,46.762850746975474,46.762850746975474,46.762850746975474,46.762850746975474,0.0,52.18734143362463,0.02,0.01,0,3,3,2100,90,0,0,0,12.6,21,20
12,104.30000000000001,52.418800000003806,-1.5016999999998821,52.31627898921771,45.0,0.11,0.0,0.1,0.0,46.87838619105529,46.87838619105529,46.87838619105529,46.87838619105529,0.0,52.31627898921771,0.02,0.01,0,3,3,2100,90,0,0,0,12.6,21,20
12,104.4,52.418800000003806,-1.5016999999998821,52.362439340215204,45.0,0.11,0.0,0.1,0.0,46.919748512737634,46.919748512737634,46.919748512737634,46.919748512737634,0.0,52.362439340215204,0.02,0.01,0,3,3,2100,90,0,0,0,12.6,21,20
12,104.5,52.418800000003806,-1.5016999999998821,52.11750991888769,45.0,0.11,0.0,0.1,0.0,46.7002777050965,46.7002777050965,46.7002777050965,46.7002777050965,0.0,52.11750991888769,0.02,0.01,0,3,3,2100,90,0,0,0,12.6,21,20
12,104.60000000000001,52.418800000003806,-1.5016999999998821,52.474751511860184,45.0,0.11,0.0,0.1,0.0,47.020386659372924,47.020386659372924,47.020386659372924,47.020386659372924,0.0,52.474751511860184,0.02,0.01,0,3,3,2100,90,0,0,0,12.6,21,20
12,104.7,52.418800000003806,-1.5016999999998821,52.54519734559687,45.0,0.11,0.0,0.1,0.0,47.08351016630544,47.08351016630544,47.08351016630544,47.08351016630544,0.0,52.54519734559687,0.02,0.01,0,3,3,2100,90,0,0,0,12.6,21,20
12,104.80000000000001,52.418800000003806,-1.5016999999998821,52.308515812648785,45.0,0.11,0.0,0.1,0.0,46.871429939649445,46.871429939649445,46.871429939649445,46.871429939649445,0.0,52.308515812648785,0.02,0.01,0,3,3,2100,90,0,0,0,12.6,21,20
12,104.9,52.418800000003806,-1.5016999999998821,51.82298521621395,45.0,0.11,0.0,0.1,0.0,46.436366681195295,46.436366681195295,46.436366681195295,46.436366681195295,0.0,51.82298521621395,0.02,0.01,0,3,3,2100,90,0,0,0,12.6,21,20
12,105.0,52.418800000003806,-1.5016999999998821,52.22639003039948,45.0,0.11,0.0,0.1,0.0,46.79784052903179,46.79784052903179,46.79784052903179,46.79784052903179,0.0,52.22639003039948,0.02,0.01,0,3,3,2100,90,0,0,0,12.6,21,20
12,105.10000000000001,52.418800000003806,-1.5016999999998821,52.03417757219292,45.0,0.11,0.0,0.1,0.0,46.62560714354204,46.62560714354204,46.62560714354204,46.62560714354204,0.0,52.03417757219292,0.02,0.01,0,3,3,2100,90,0,0,0,12.6,21,20
12,105.2,52.418800000003806,-1.5016999999998821,52.42707826451528,45.0,0.11,0.0,0.1,0.0,46.97766869580222,46.97766869580222,46.97766869580222,46.97766869580222,0.0,52.42707826451528,0.02,0.01,0,3,3,2100,90,0,0,0,12.6,21,20
12,105.30000000000001,52.418800000003806,-1.5016999999998821,52.25544950722205,45.0,0.11,0.0,0.1,0.0,46.823879486758116,46.823879486758116,46.823879486758116,46.823879486758116,0.0,52.25544950722205,0.02,0.01,0,3,3,2100,90,0,0,0,12.6,21,20
12,105.4,52.418800000003806,-1.5016999999998821,52.190929103959135,45.0,0.11,0.0,0.1,0.0,46.766065505339725,46.766065505339725,46.766065505339725,46.766065505339725,0.0,52.190929103959135,0.02,0.01,0,3,3,2100,90,0,0,0,12.6,21,20
12,105.5,52.418800000003806,-1.5016999999998821,52.19648750937024,45.0,0.11,0.0,0.1,0.0,46.77104615534968,46.77104615534968,46.77104615534968,46.77104615534968,0.0,52.19648750937024,0.02,0.01,0,3,3,2100,90,0,0,0,12.6,21,20
12,105.60000000000001,52.418800000003806,-1.5016999999998821,52.29351337025886,45.0,0.11,0.0,0.1,0.0,46.857986890912954,46.857986890912954,46.857986890912954,46.857986890912954,0.0,52.29351337025886,0.02,0.01,0,3,3,2100,90,0,0,0,12.6,21,20
12,105.7,52.418800000003806,-1.5016999999998821,52.56692574421849,45.0,0.11,0.0,0.1,0.0,47.10298005754345,47.10298005754345,47.10298005754345,47.10298005754345,0.0,52.56692574421849,0.02,0.01,0,3,3,2100,90,0,0,0,12.6,21,20
12,105.80000000000001,52.418800000003806,-1.5016999999998821,52.185635138305564,45.0,0.11,0.0,0.1,0.0,46.76132180851753,46.76132180851753,46.76132180851753,46.76132180851753,0.0,52.185635138305564,0.02,0.01,0,3,3,2100,90,0,0,0,12.6,21,20
12,105.9,52.418800000003806,-1.5016999999998821,52.144388024719376,45.0,0.11,0.0,0.1,0.0,46.724362029318435,46.724362029318435,46.724362029318435,46.724362029318435,0.0,52.144388024719376,0.02,0.01,0,3,3,2100,90,0,0,0,12.6,21,20
12,106.0,52.418800000003806,-1.5016999999998821,52.417730257299795,45.0,0.11,0.0,0.1,0.0,46.969292345250715,46.969292345250715,46.969292345250715,46.969292345250715,0.0,52.417730257299795,0.02,0.01,0,3,3,2100,90,0,0,0,12.6,21,20
12,106.10000000000001,52.418800000003806,-1.5016999999998821,52.900362265836215,45.0,0.11,0.0,0.1,0.0,47.40175830272062,47.40175830272062,47.40175830272062,47.40175830272062,0.0,52.900362265836215,0.02,0.01,0,3,3,2100,90,0,0,0,12.6,21,20
12,106.2,52.418800000003806,-1.5016999999998821,52.32473746894721,45.0,0.11,0.0,0.1,0.0,46.88596547396703,46.88596547396703,46.88596547396703,46.88596547396703,0.0,52.32473746894721,0.02,0.01,0,3,3,2100,90,0,0,0,12.6,21,20
12,106.30000000000001,52.418800000003806,-1.5016999999998821,52.222654160404865,45.0,0.11,0.0,0.1,0.0,46.79449297527317,46.79449297527317,46.79449297527317,46.79449297527317,0.0,52.222654160404865,0.02,0.01,0,3,3,2100,90,0,0,0,12.6,21,20
12,106.4,52.418800000003806,-1.5016999999998821,52.307506324088074,45.0,0.11,0.0,0.1,0.0,46.87052538000723,46.87052538000723,46.87052538000723,46.87052538000723,0.0,52.307506324088074,0.02,0.01,0,3,3,2100,90,0,0,0,12.6,21,20
12,106.5,52.418800000003806,-1.5016999999998821,51.91166822843935,45.0,0.11,0.0,0.1,0.0,46.515831745913395,46.515831745913395,46.515831745913395,46.515831745913395,0.0,51.91166822843935,0.02,0.01,0,3,3,2100,90,0,0,0,12.6,21,20
12,106.60000000000001,52.418800000003806,-1.5016999999998821,52.27595440983786,45.0,0.11,0.0,0.1,0.0,46.84225305541027,46.84225305541027,46.84225305541027,46.84225305541027,0.0,52.27595440983786,0.02,0.01,0,3,3,2100,90,0,0,0,12.6,21,20
12,106.7,52.418800000003806,-1.5016999999998821,52.25048821368342,45.0,0.11,0.0,0.1,0.0,46.81943388322887,46.81943388322887,46.81943388322887,46.81943388322887,0.0,52.25048821368342,0.02,0.01,0,3,3,2100,90,0,0,0,12.6,21,20
12,106.80000000000001,52.418800000003806,-1.5016999999998821,52.14057557898251,45.0,0.11,0.0,0.1,0.0,46.72094585930332,46.72094585930332,46.72094585930332,46.72094585930332,0.0,52.14057557898251,0.02,0.01,0,3,3,2100,90,0,0,0,12.6,21,20
12,106.9,52.418800000003806,-1.5016999999998821,52.271345472047024,45.0,0.11,0.0,0.1,0.0,46.83812318283783,46.83812318283783,46.83812318283783,46.83812318283783,0.0,52.271345472047024,0.02,0.01,0,3,3,2100,90,0,0,0,12.6,21,20
12,107.0,52.418800000003806,-1.5016999999998821,51.96094307917764,45.0,0.11,0.0,0.1,0.0,46.55998483797279,46.55998483797279,46.55998483797279,46.55998483797279,0.0,51.96094307917764,0.02,0.01,0,3,3,2100,90,0,0,0,12.6,21,20
12,107.10000000000001,52.418800000003806,-1.5016999999998821,52.439421154280694,45.0,0.11,0.0,0.1,0.0,46.988728632868,46.988728632868,46.988728632868,46.988728632868,0.0,52.439421154280694,0.02,0.01,0,3,3,2100,90,0,0,0,12.6,21,20
12,107.2,52.418800000003806,-1.5016999999998821,52.354543483746724,45.0,0.11,0.0,0.1,0.0,46.91267337253291,46.91267337253291,46.91267337253291,46.91267337253291,0.0,52.354543483746724,0.02,0.01,0,3,3,2100,90,0,0,0,12.6,21,20
12,107.30000000000001,52.418800000003806,-1.5016999999998821,52.37880276618611,45.0,0.11,0.0,0.1,0.0,46.93441108081193,46.93441108081193,46.93441108081193,46.93441108081193,0.0,52.37880276618611,0.02,0.01,0,3,3,2100,90,0,0,0,12.6,21,20
12,107.4,52.418800000003806,-1.5016999999998821,52.2663897421346,45.0,0.11,0.0,0.1,0.0,46.83368256463673,46.83368256463673,46.83368256463673,46.83368256463673,0.0,52.2663897421346,0.02,0.01,0,3,3,2100,90,0,0,0,12.6,21,20
12,107.5,52.418800000003806,-1.5016999999998821,52.07133982643309,45.0,0.11,0.0,0.1,0.0,46.658906654509934,46.658906654509934,46.658906654509934,46.658906654509934,0.0,52.07133982643309,0.02,0.01,0,3,3,2100,90,0,0,0,12.6,21,20
12,107.60000000000001,52.418800000003806,-1.5016999999998821,52.13048303839565,45.0,0.11,0.0,0.1,0.0,46.71190236415381,46.71190236415381,46.71190236415381,46.71190236415381,0.0,52.13048303839565,0.02,0.01,0,3,3,2100,90,0,0,0,12.6,21,20
12,107.7,52.418800000003806,-1.5016999999998821,51.975631717259624,45.0,0.11,0.0,0.1,0.0,46.57314670005343,46.57314670005343,46.57314670005343,46.57314670005343,0.0,51.975631717259624,0.02,0.01,0,3,3,2100,90,0,0,0,12.6,21,20
12,107.80000000000001,52.418800000003806,-1.5016999999998821,52.35685600702758,45.0,0.11,0.0,0.1,0.0,46.91474552601037,46.91474552601037,46.91474552601037,46.91474552601037,0.0,52.35685600702758,0.02,0.01,0,3,3,2100,90,0,0,0,12.6,21,20
12,107.9,52.418800000003806,-1.5016999999998821,51.8246995137083,45.0,0.11,0.0,0.1,0.0,46.4379027900612,46.4379027900612,46.4379027900612,46.4379027900612,0.0,51.8246995137083,0.02,0.01,0,3,3,2100,90,0,0,0,12.6,21,20
12,108.0,52.418800000003806,-1.5016999999998821,52.22204260836083,45.0,0.11,0.0,0.1,0.0,46.79394498957063,46.79394498957063,46.79394498957063,46.79394498957063,0.0,52.22204260836083,0.02,0.01,0,3,3,2100,90,0,0,0,12.6,21,20
12,108.10000000000001,52.418800000003806,-1.5016999999998821,51.991924251309456,45.0,0.11,0.0,0.1,0.0,46.58774574490094,46.58774574490094,46.58774574490094,46.58774574490094,0.0,51.991924251309456,0.02,0.01,0,3,3,2100,90,0,0,0,12.6,21,20
12,108.2,52.418800000003806,-1.5016999999998821,52.14969511312056,45.0,0.11,0.0,0.1,0.0,46.72911748487505,46.72911748487505,46.72911748487505,46.72911748487505,0.0,52.14969511312056,0.02,0.01,0,3,3,2100,90,0,0,0,12.6,21,20
12,108.30000000000001,52.418800000003806,-1.5016999999998821,52.4650975543771,45.0,0.11,0.0,0.1,0.0,47.01173615983611,47.01173615983611,47.01173615983611,47.01173615983611,0.0,52.4650975543771,0.02,0.01,0,3,3,2100,90,0,0,0,12.6,21,20
12,108.4,52.418800000003806,-1.5016999999998821,52.222125941612276,45.0,0.11,0.0,0.1,0.0,46.794019660942894,46.794019660942894,46.794019660942894,46.794019660942894,0.0,52.222125941612276,0.02,0.01,0,3,3,2100,90,0,0,0,12.6,21,20
12,108.5,52.418800000003806,-1.5016999999998821,51.81389811864627,45.0,0.11,0.0,0.1,0.0,46.42822412065078,46.42822412065078,46.42822412065078,46.42822412065078,0.0,51.81389811864627,0.02,0.01,0,3,3,2100,90,0,0,0,12.6,21,20
12,108.60000000000001,52.418800000003806,-1.5016999999998821,52.29291323840166,45.0,0.11,0.0,0.1,0.0,46.85744913835274,46.85744913835274,46.85744913835274,46.85744913835274,0.0,52.29291323840166,0.02,0.01,0,3,3,2100,90,0,0,0,12.6,21,20
12,108.7,52.418800000003806,-1.5016999999998821,52.02662045236481,45.0,0.11,0.0,0.1,0.0,46.618835530792836,46.618835530792836,46.618835530792836,46.618835530792836,0.0,52.02662045236481,0.02,0.01,0,3,3,2100,90,0,0,0,12.6,21,20
12,108.80000000000001,52.418800000003806,-1.5016999999998821,51.6177546849454,45.0,0.11,0.0,0.1,0.0,46.25246835568584,46.25246835568584,46.25246835568584,46.25246835568584,0.0,51.6177546849454,0.02,0.01,0,3,3,2100,90,0,0,0,12.6,21,20
12,108.9,52.418800000003806,-1.5016999999998821,51.883858277992644,45.0,0.11,0.0,0.1,0.0,46.49091243547728,46.49091243547728,46.49091243547728,46.49091243547728,0.0,51.883858277992644,0.02,0.01,0,3,3,2100,90,0,0,0,12.6,21,20
12,109.0,52.418800000003806,-1.5016999999998821,52.321228788230805,45.0,0.11,0.0,0.1,0.0,46.882821494830466,46.882821494830466,46.882821494830466,46.882821494830466,0.0,52.321228788230805,0.02,0.01,0,3,3,2100,90,0,0,0,12.6,21,20
12,109.10000000000001,52.418800000003806,-1.5016999999998821,52.10982795644455,45.0,0.11,0.0,0.1,0.0,46.69339422620479,46.69339422620479,46.69339422620479,46.69339422620479,0.0,52.10982795644455,0.02,0.01,0,3,3,2100,90,0,0,0,12.6,21,20
12,109.2,52.418800000003806,-1.5016999999998821,52.126909813329256,45.0,0.11,0.0,0.1,0.0,46.70870054957818,46.70870054957818,46.70870054957818,46.70870054957818,0.0,52.126909813329256,0.02,0.01,0,3,3,2100,90,0,0,0,12.6,21,20
12,109.30000000000001,52.418800000003806,-1.5016999999998821,52.20293374792833,45.0,0.11,0.0,0.1,0.0,46.77682235477449,46.77682235477449,46.77682235477449,46.77682235477449,0.0,52.20293374792833,0.02,0.01,0,3,3,2100,90,0,0,0,12.6,21,20
12,109.4,52.418800000003806,-1.5016999999998821,52.16354527571011,45.0,0.11,0.0,0.1,0.0,46.74152802482985,46.74152802482985,46.74152802482985,46.74152802482985,0.0,52.16354527571011,0.02,0.01,0,3,3,2100,90,0,0,0,12.6,21,20
12,109.5,52.418800000003806,-1.5016999999998821,52.39470294893032,45.0,0.11,0.0,0.1,0.0,46.94865855638918,46.94865855638918,46.94865855638918,46.94865855638918,0.0,52.39470294893032,0.02,0.01,0,3,3,2100,90,0,0,0,12.6,21,20
12,109.60000000000001,52.418800000003806,-1.5016999999998821,51.97471255030896,45.0,0.11,0.0,0.1,0.0,46.572323073753545,46.572323073753545,46.572323073753545,46.572323073753545,0.0,51.97471255030896,0.02,0.01,0,3,3,2100,90,0,0,0,12.6,21,20
12,109.7,52.418800000003806,-1.5016999999998821,52.02468703237455,45.0,0.11,0.0,0.1,0.0,46.61710307560443,46.61710307560443,46.61710307560443,46.61710307560443,0.0,52.02468703237455,0.02,0.01,0,3,3,2100,90,0,0,0,12.6,21,20
12,109.80000000000001,52.418800000003806,-1.5016999999998821,52.275313464611685,45.0,0.11,0.0,0.1,0.0,46.8416787317309,46.8416787317309,46.8416787317309,46.8416787317309,0.0,52.275313464611685,0.02,0.01,0,3,3,2100,90,0,0,0,12.6,21,20
12,109.9,52.418800000003806,-1.5016999999998821,52.11798458808779,45.0,0.11,0.0,0.1,0.0,46.70070303592096,46.70070303592096,46.70070303592096,46.70070303592096,0.0,52.11798458808779,0.02,0.01,0,3,3,2100,90,0,0,0,12.6,21,20
12,110.0,52.418800000003806,-1.5016999999998821,52.17345727784084,45.0,0.11,0.0,0.1,0.0,46.750409747169215,46.750409747169215,46.750409747169215,46.750409747169215,0.0,52.17345727784084,0.02,0.01,0,3,3,2100,90,0,0,0,12.6,21,20
12,110.10000000000001,52.418800000003806,-1.5016999999998821,52.17270571239231,45.0,0.11,0.0,0.1,0.0,46.7497363014268,46.7497363014268,46.7497363014268,46.7497363014268,0.0,52.17270571239231,0.02,0.01,0,3,3,2100,90,0,0,0,12.6,21,20
12,110.2,52.418800000003806,-1.5016999999998821,51.98036934716049,45.0,0.11,0.0,0.1,0.0,46.57739188813664,46.57739188813664,46.57739188813664,46.57739188813664,0.0,51.98036934716049,0.02,0.01,0,3,3,2100,90,0,0,0,12.6,21,20
12,110.30000000000001,52.418800000003806,-1.5016999999998821,52.106759271396534,45.0,0.11,0.0,0.1,0.0,46.69064450841983,46.69064450841983,46.69064450841983,46.69064450841983,0.0,52.106759271396534,0.02,0.01,0,3,3,2100,90,0,0,0,12.6,21,20
12,110.4,52.418800000003806,-1.5016999999998821,51.98639171876737,45.0,0.11,0.0,0.1,0.0,46.58278827846539,46.58278827846539,46.58278827846539,46.58278827846539,0.0,51.98639171876737,0.02,0.01,0,3,3,2100,90,0,0,0,12.6,21,20
12,110.5,52.418800000003806,-1.5016999999998821,52.13131720163869,45.0,0.11,0.0,0.1,0.0,46.71264982225689,46.71264982225689,46.71264982225689,46.71264982225689,0.0,52.13131720163869,0.02,0.01,0,3,3,2100,90,0,0,0,12.6,21,20
12,110.60000000000001,52.418800000003806,-1.5016999999998821,52.06384824031618,45.0,0.11,0.0,0.1,0.0,46.65219376372418,46.65219376372418,46.65219376372418,46.65219376372418,0.0,52.06384824031618,0.02,0.01,0,3,3,2100,90,0,0,0,12.6,21,20
12,110.7,52.418800000003806,-1.5016999999998821,52.03654393199267,45.0,0.11,0.0,0.1,0.0,46.62772753762784,46.62772753762784,46.62772753762784,46.62772753762784,0.0,52.03654393199267,0.02,0.01,0,3,3,2100,90,0,0,0,12.6,21,20
12,110.80000000000001,52.418800000003806,-1.5016999999998821,52.23386952755348,45.0,0.11,0.0,0.1,0.0,46.804542587413515,46.804542587413515,46.804542587413515,46.804542587413515,0.0,52.23386952755348,0.02,0.01,0,3,3,2100,90,0,0,0,12.6,21,20
12,110.9,52.418800000003806,-1.5016999999998821,52.501824936094884,45.0,0.11,0.0,0.1,0.0,47.044646000085024,47.044646000085024,47.044646000085024,47.044646000085024,0.0,52.501824936094884,0.02,0.01,0,3,3,2100,90,0,0,0,12.6,21,20
12,111.0,52.418800000003806,-1.5016999999998821,52.34016250123783,45.0,0.11,0.0,0.1,0.0,46.89978718748909,46.89978718748909,46.89978718748909,46.89978718748909,0.0,52.34016250123783,0.02,0.01,0,3,3,2100,90,0,0,0,12.6,21,20
12,111.10000000000001,52.418800000003806,-1.5016999999998821,52.27438678223164,45.0,0.11,0.0,0.1,0.0,46.840848371175305,46.840848371175305,46.840848371175305,46.840848371175305,0.0,52.27438678223164,0.02,0.01,0,3,3,2100,90,0,0,0,12.6,21,20
12,111.2,52.418800000003806,-1.5016999999998821,51.94700378867002,45.0,0.11,0.0,0.1,0.0,46.547494434292126,46.547494434292126,46.547494434292126,46.547494434292126,0.0,51.94700378867002,0.02,0.01,0,3,3,2100,90,0,0,0,12.6,21,20
12,111.30000000000001,52.418800000003806,-1.5016999999998821,52.07918595466741,45.0,0.11,0.0,0.1,0.0,46.66593723536506,46.66593723536506,46.66593723536506,46.66593723536506,0.0,52.07918595466741,0.02,0.01,0,3,3,2100,90,0,0,0,12.6,21,20
12,111.4,52.418800000003806,-1.5016999999998821,52.5440489111164,45.0,0.11,0.0,0.1,0.0,47.08248110315089,47.08248110315089,47.08248110315089,47.08248110315089,0.0,52.5440489111164,0.02,0.01,0,3,3,2100,90,0,0,0,12.6,21,20
12,111.5,52.418800000003806,-1.5016999999998821,52.11814665703775,45.0,0.11,0.0,0.1,0.0,46.7008482589944,46.7008482589944,46.7008482589944,46.7008482589944,0.0,52.11814665703775,0.02,0.01,0,3,3,2100,90,0,0,0,12.6,21,20
12,111.60000000000001,52.418800000003806,-1.5016999999998821,52.310806354963425,45.0,0.11,0.0,0.1,0.0,46.873482396920636,46.873482396920636,46.873482396920636,46.873482396920636,0.0,52.310806354963425,0.02,0.01,0,3,3,2100,90,0,0,0,12.6,21,20
12,111.7,52.418800000003806,-1.5016999999998821,52.477466813836415,45.0,0.11,0.0,0.1,0.0,47.02281972565987,47.02281972565987,47.02281972565987,47.02281972565987,0.0,52.477466813836415,0.02,0.01,0,3,3,2100,90,0,0,0,12.6,21,20
12,111.80000000000001,52.418800000003806,-1.5016999999998821,52.32529502306721,45.0,0.11,0.0,0.1,0.0,46.886465074432984,46.886465074432984,46.886465074432984,46.886465074432984,0.0,52.32529502306721,0.02,0.01,0,3,3,2100,90,0,0,0,12.6,21,20
12,111.9,52.418800000003806,-1.5016999999998821,52.10229084119605,45.0,0.11,0.0,0.1,0.0,46.68664053870614,46.68664053870614,46.68664053870614,46.68664053870614,0.0,52.10229084119605,0.02,0.01,0,3,3,2100,90,0,0,0,12.6,21,20
12,112.0,52.418800000003806,-1.5016999999998821,52.157736423671686,45.0,0.11,0.0,0.1,0.0,46.73632296027929,46.73632296027929,46.73632296027929,46.73632296027929,0.0,52.157736423671686,0.02,0.01,0,3,3,2100,90,0,0,0,12.6,21,20
12,112.10000000000001,52.418800000003806,-1.5016999999998821,52.56478366106162,45.0,0.11,0.0,0.1,0.0,47.10106062819141,47.10106062819141,47.10106062819141,47.10106062819141,0.0,52.56478366106162,0.02,0.01,0,3,3,2100,90,0,0,0,12.6,21,20
12,112.2,52.418800000003806,-1.5016999999998821,52.27703362230488,45.0,0.11,0.0,0.1,0.0,46.843220091671036,46.843220091671036,46.843220091671036,46.843220091671036,0.0,52.27703362230488,0.02,0.01,0,3,3,2100,90,0,0,0,12.6,21,20
12,112.30000000000001,52.418800000003806,-1.5016999999998821,51.82382453635598,45.0,0.11,0.0,0.1,0.0,46.43711876017561,46.43711876017561,46.43711876017561,46.43711876017561,0.0,51.82382453635598,0.02,0.01,0,3,3,2100,90,0,0,0,12.6,21,20
12,112.4,52.418800000003806,-1.5016999999998821,52.01619654358707,45.0,0.11,0.0,0.1,0.0,46.60949511074111,46.60949511074111,46.60949511074111,46.60949511074111,0.0,52.01619654358707,0.02,0.01,0,3,3,2100,90,0,0,0,12.6,21,20
12,112.5,52.418800000003806,-1.5016999999998821,52.05777531656665,45.0,0.11,0.0,0.1,0.0,46.64675207577657,46.64675207577657,46.64675207577657,46.64675207577657,0.0,52.05777531656665,0.02,0.01,0,3,3,2100,90,0,0,0,12.6,21,20
12,112.60000000000001,52.418800000003806,-1.5016999999998821,51.89905248371024,45.0,0.11,0.0,0.1,0.0,46.50452731515255,46.50452731515255,46.50452731515255,46.50452731515255,0.0,51.89905248371024,0.02,0.01,0,3,3,2100,90,0,0,0,12.6,21,20
12,112.7,52.418800000003806,-1.5016999999998821,52.312955231653376,45.0,0.11,0.0,0.1,0.0,46.8754079136679,46.8754079136679,46.8754079136679,46.8754079136679,0.0,52.312955231653376,0.02,0.01,0,3,3,2100,90,0,0,0,12.6,21,20
12,112.80000000000001,52.418800000003806,-1.5016999999998821,52.09111473509292,45.0,0.11,0.0,0.1,0.0,46.67662610671409,46.67662610671409,46.67662610671409,46.67662610671409,0.0,52.09111473509292,0.02,0.01,0,3,3,2100,90,0,0,0,12.6,21,20
12,112.9,52.418800000003806,-1.5016999999998821,51.95718019883487,45.0,0.11,0.0,0.1,0.0,46.55661308139325,46.55661308139325,46.55661308139325,46.55661308139325,0.0,51.95718019883487,0.02,0.01,0,3,3,2100,90,0,0,0,12.6,21,20
12,113.0,52.418800000003806,-1.5016999999998821,52.336328728324816,45.0,0.11,0.0,0.1,0.0,46.896351907101085,46.896351907101085,46.896351907101085,46.896351907101085,0.0,52.336328728324816,0.02,0.01,0,3,3,2100,90,0,0,0,12.6,21,20
12,113.10000000000001,52.418800000003806,-1.5016999999998821,51.9127517009326,45.0,0.11,0.0,0.1,0.0,46.51680259940198,46.51680259940198,46.51680259940198,46.51680259940198,0.0,51.9127517009326,0.02,0.01,0,3,3,2100,90,0,0,0,12.6,21,20
12,113.2,52.418800000003806,-1.5016999999998821,52.49295617285712,45.0,0.11,0.0,0.1,0.0,47.03669907962107,47.03669907962107,47.03669907962107,47.03669907962107,0.0,52.49295617285712,0.02,0.01,0,3,3,2100,90,0,0,0,12.6,21,20
12,113.30000000000001,52.418800000003806,-1.5016999999998821,52.06066608795603,45.0,0.11,0.0,0.1,0.0,46.649342372720454,46.649342372720454,46.649342372720454,46.649342372720454,0.0,52.06066608795603,0.02,0.01,0,3,3,2100,90,0,0,0,12.6,21,20
12,113.4,52.418800000003806,-1.5016999999998821,52.41866827272603,45.0,0.11,0.0,0.1,0.0,46.97013286086562,46.97013286086562,46.97013286086562,46.97013286086562,0.0,52.41866827272603,0.02,0.01,0,3,3,2100,90,0,0,0,12.6,21,20
12,113.5,52.418800000003806,-1.5016999999998821,52.37067987211388,45.0,0.11,0.0,0.1,0.0,46.92713250189416,46.92713250189416,46.92713250189416,46.92713250189416,0.0,52.37067987211388,0.02,0.01,0,3,3,2100,90,0,0,0,12.6,21,20
12,113.60000000000001,52.418800000003806,-1.5016999999998821,52.05042757155808,45.0,0.11,0.0,0.1,0.0,46.64016807487283,46.64016807487283,46.64016807487283,46.64016807487283,0.0,52.05042757155808,0.02,0.01,0,3,3,2100,90,0,0,0,12.6,21,20
12,113.7,52.418800000003806,-1.5016999999998821,52.279754828812415,45.0,0.11,0.0,0.1,0.0,46.845658448756645,46.845658448756645,46.845658448756645,46.845658448756645,0.0,52.279754828812415,0.02,0.01,0,3,3,2100,90,0,0,0,12.6,21,20
12,113.80000000000001,52.418800000003806,-1.5016999999998821,52.2028953798478,45.0,0.11,0.0,0.1,0.0,46.77678797477402,46.77678797477402,46.77678797477402,46.77678797477402,0.0,52.2028953798478,0.02,0.01,0,3,3,2100,90,0,0,0,12.6,21,20
12,113.9,52.418800000003806,-1.5016999999998821,52.20174874823043,45.0,0.11,0.0,0.1,0.0,46.775760527088195,46.775760527088195,46.775760527088195,46.775760527088195,0.0,52.20174874823043,0.02,0.01,0,3,3,2100,90,0,0,0,12.6,21,20
12,114.0,52.418800000003806,-1.5016999999998821,51.871328957585476,45.0,0.11,0.0,0.1,0.0,46.47968544586512,46.47968544586512,46.47968544586512,46.47968544586512,0.0,51.871328957585476,0.02,0.01,0,3,3,2100,90,0,0,0,12.6,21,20
12,114.10000000000001,52.418800000003806,-1.5016999999998821,52.47405698786045,45.0,0.11,0.0,0.1,0.0,47.019764326039834,47.019764326039834,47.019764326039834,47.019764326039834,0.0,52.47405698786045,0.02,0.01,0,3,3,2100,90,0,0,0,12.6,21,20
12,114.2,52.418800000003806,-1.5016999999998821,52.12292650392682,45.0,0.11,0.0,0.1,0.0,46.70513127592009,46.70513127592009,46.70513127592009,46.70513127592009,0.0,52.12292650392682,0.02,0.01,0,3,3,2100,90,0,0,0,12.6,21,20
12,114.30000000000001,52.418800000003806,-1.5016999999998821,52.226641257820965,45.0,0.11,0.0,0.1,0.0,46.79806564320875,46.79806564320875,46.79806564320875,46.79806564320875,0.0,52.226641257820965,0.02,0.01,0,3,3,2100,90,0,0,0,12.6,21,20
12,114.4,52.418800000003806,-1.5016999999998821,52.167145337353396,45.0,0.11,0.0,0.1,0.0,46.74475388651738,46.74475388651738,46.74475388651738,46.74475388651738,0.0,52.167145337353396,0.02,0.01,0,3,3,2100,90,0,0,0,12.6,21,20
12,114.5,52.418800000003806,-1.5016999999998821,52.10671147990113,45.0,0.11,0.0,0.1,0.0,46.69060168449922,46.69060168449922,46.69060168449922,46.69060168449922,0.0,52.10671147990113,0.02,0.01,0,3,3,2100,90,0,0,0,12.6,21,20
12,114.60000000000001,52.418800000003806,-1.5016999999998821,52.62004985344234,45.0,0.11,0.0,0.1,0.0,47.150582305951914,47.150582305951914,47.150582305951914,47.150582305951914,0.0,52.62004985344234,0.02,0.01,0,3,3,2100,90,0,0,0,12.6,21,20
12,114.7,52.418800000003806,-1.5016999999998821,51.952808100210696,45.0,0.11,0.0,0.1,0.0,46.552695430296325,46.552695430296325,46.552695430296325,46.552695430296325,0.0,51.952808100210696,0.02,0.01,0,3,3,2100,90,0,0,0,12.6,21,20
12,114.80000000000001,52.418800000003806,-1.5016999999998821,52.43327754121139,45.0,0.11,0.0,0.1,0.0,46.98322360323601,46.98322360323601,46.98322360323601,46.98322360323601,0.0,52.43327754121139,0.02,0.01,0,3,3,2100,90,0,0,0,12.6,21,20
12,114.9,52.418800000003806,-1.5016999999998821,52.40835925480441,45.0,0.11,0.0,0.1,0.0,46.96089538960968,46.96089538960968,46.96089538960968,46.96089538960968,0.0,52.40835925480441,0.02,0.01,0,3,3,2100,90,0,0,0,12.6,21,20
12,115.0,52.418800000003806,-1.5016999999998821,51.93520541667652,45.0,0.11,0.0,0.1,0.0,46.536922416376804,46.536922416376804,46.536922416376804,46.536922416376804,0.0,51.93520541667652,0.02,0.01,0,3,3,2100,90,0,0,0,12.6,21,20
12,115.10000000000001,52.418800000003806,-1.5016999999998821,52.31099461184953,45.0,0.11,0.0,0.1,0.0,46.87365108588668,46.87365108588668,46.87365108588668,46.87365108588668,0.0,52.31099461184953,0.02,0.01,0,3,3,2100,90,0,0,0,12.6,21,20
12,115.2,52.418800000003806,-1.5016999999998821,52.37176533917097,45.0,0.11,0.0,0.1,0.0,46.928105142626315,46.928105142626315,46.928105142626315,46.928105142626315,0.0,52.37176533917097,0.02,0.01,0,3,3,2100,90,0,0,0,12.6,21,20
12,115.30000000000001,52.418800000003806,-1.5016999999998821,52.03147838260232,45.0,0.11,0.0,0.1,0.0,46.62318851487663,46.62318851487663,46.62318851487663,46.62318851487663,0.0,52.03147838260232,0.02,0.01,0,3,3,2100,90,0,0,0,12.6,21,20
12,115.4,52.418800000003806,-1.5016999999998821,51.88649067740707,45.0,0.11,0.0,0.1,0.0,46.493271216314575,46.493271216314575,46.493271216314575,46.493271216314575,0.0,51.88649067740707,0.02,0.01,0,3,3,2100,90,0,0,0,12.6,21,20
12,115.5,52.418800000003806,-1.5016999999998821,52.24011115822185,45.0,0.11,0.0,0.1,0.0,46.810135446435346,46.810135446435346,46.810135446435346,46.810135446435346,0.0,52.24011115822185,0.02,0.01,0,3,3,2100,90,0,0,0,12.6,21,20
12,115.60000000000001,52.418800000003806,-1.5016999999998821,51.99315076581295,45.0,0.11,0.0,0.1,0.0,46.58884477223383,46.58884477223383,46.58884477223383,46.58884477223383,0.0,51.99315076581295,0.02,0.01,0,3,3,2100,90,0,0,0,12.6,21,20
12,115.7,52.418800000003806,-1.5016999999998821,52.073191672887276,45.0,0.11,0.0,0.1,0.0,46.66056601513196,46.66056601513196,46.66056601513196,46.66056601513196,0.0,52.073191672887276,0.02,0.01,0,3,3,2100,90,0,0,0,12.6,21,20
12,115.80000000000001,52.418800000003806,-1.5016999999998821,52.2031164981473,45.0,0.11,0.0,0.1,0.0,46.77698610945099,46.77698610945099,46.77698610945099,46.77698610945099,0.0,52.2031164981473,0.02,0.01,0,3,3,2100,90,0,0,0,12.6,21,20
12,115.9,52.418800000003806,-1.5016999999998821,52.68701185368082,45.0,0.11,0.0,0.1,0.0,47.21058409828031,47.21058409828031,47.21058409828031,47.21058409828031,0.0,52.68701185368082,0.02,0.01,0,3,3,2100,90,0,0,0,12.6,21,20
12,116.0,52.418800000003806,-1.5016999999998821,52.481359728680864,45.0,0.11,0.0,0.1,0.0,47.02630800061009,47.02630800061009,47.02630800061009,47.02630800061009,0.0,52.481359728680864,0.02,0.01,0,3,3,2100,90,0,0,0,12.6,21,20
12,116.10000000000001,52.418800000003806,-1.5016999999998821,52.09527449095288,45.0,0.11,0.0,0.1,0.0,46.680353486516914,46.680353486516914,46.680353486516914,46.680353486516914,0.0,52.09527449095288,0.02,0.01,0,3,3,2100,90,0,0,0,12.6,21,20
12,116.2,52.418800000003806,-1.5016999999998821,52.22124861079885,45.0,0.11,0.0,0.1,0.0,46.79323352222119,46.79323352222119,46.79323352222119,46.79323352222119,0.0,52.22124861079885,0.02,0.01,0,3,3,2100,90,0,0,0,12.6,21,20
12,116.30000000000001,52.418800000003806,-1.5016999999998821,52.35933920177569,45.0,0.11,0.0,0.1,0.0,46.91697061091011,46.91697061091011,46.91697061091011,46.91697061091011,0.0,52.35933920177569,0.02,0.01,0,3,3,2100,90,0,0,0,12.6,21,20
12,116.4,52.418800000003806,-1.5016999999998821,52.32564588831348,45.0,0.11,0.0,0.1,0.0,46.88677946981495,46.88677946981495,46.88677946981495,46.88677946981495,0.0,52.32564588831348,0.02,0.01,0,3,3,2100,90,0,0,0,12.6,21,20
12,116.5,52.418800000003806,-1.5016999999998821,52.353494137655815,45.0,0.11,0.0,0.1,0.0,46.9117330982579,46.9117330982579,46.9117330982579,46.9117330982579,0.0,52.353494137655815,0.02,0.01,0,3,3,2100,90,0,0,0,12.6,21,20
12,116.60000000000001,52.418800000003806,-1.5016999999998821,52.04984739518767,45.0,0.11,0.0,0.1,0.0,46.63964820357318,46.63964820357318,46.63964820357318,46.63964820357318,0.0,52.04984739518767,0.02,0.01,0,3,3,2100,90,0,0,0,12.6,21,20
12,116.7,52.418800000003806,-1.5016999999998821,52.400492174847386,45.0,0.11,0.0,0.1,0.0,46.95384603480949,46.95384603480949,46.95384603480949,46.95384603480949,0.0,52.400492174847386,0.02,0.01,0,3,3,2100,90,0,0,0,12.6,21,20
12,116.80000000000001,52.418800000003806,-1.5016999999998821,52.011632610888896,45.0,0.11,0.0,0.1,0.0,46.60540556531263,46.60540556531263,46.60540556531263,46.60540556531263,0.0,52.011632610888896,0.02,0.01,0,3,3,2100,90,0,0,0,12.6,21,20
12,116.9,52.418800000003806,-1.5016999999998821,52.366705813006654,45.0,0.11,0.0,0.1,0.0,46.92357151703105,46.92357151703105,46.92357151703105,46.92357151703105,0.0,52.366705813006654,0.02,0.01,0,3,3,2100,90,0,0,0,12.6,21,20
12,117.0,52.418800000003806,-1.5016999999998821,52.52034776169171,45.0,0.11,0.0,0.1,0.0,47.06124351406067,47.06124351406067,47.06124351406067,47.06124351406067,0.0,52.52034776169171,0.02,0.01,0,3,3,2100,90,0,0,0,12.6,21,20
12,117.10000000000001,52.418800000003806,-1.5016999999998821,51.904577583792786,45.0,0.11,0.0,0.1,0.0,46.50947812167812,46.50947812167812,46.50947812167812,46.50947812167812,0.0,51.904577583792786,0.02,0.01,0,3,3,2100,90,0,0,0,12.6,21,20
12,117.2,52.418800000003806,-1.5016999999998821,52.54144239514624,45.0,0.11,0.0,0.1,0.0,47.08014551536401,47.08014551536401,47.08014551536401,47.08014551536401,0.0,52.54144239514624,0.02,0.01,0,3,3,2100,90,0,0,0,12.6,21,20
12,117.30000000000001,52.418800000003806,-1.5016999999998821,52.05312093892332,45.0,0.11,0.0,0.1,0.0,46.64258148649043,46.64258148649043,46.64258148649043,46.64258148649043,0.0,52.05312093892332,0.02,0.01,0,3,3,2100,90,0,0,0,12.6,21,20
12,117.4,52.418800000003806,-1.5016999999998821,52.1828190352825,45.0,0.11,0.0,0.1,0.0,46.75879841871192,46.75879841871192,46.75879841871192,46.75879841871192,0.0,52.1828190352825,0.02,0.01,0,3,3,2100,90,0,0,0,12.6,21,20
12,117.5,52.418800000003806,-1.5016999999998821,52.14815959751085,45.0,0.11,0.0,0.1,0.0,46.72774157483051,46.72774157483051,46.72774157483051,46.72774157483051,0.0,52.14815959751085,0.02,0.01,0,3,3,2100,90,0,0,0,12.6,21,20
12,117.60000000000001,52.418800000003806,-1.5016999999998821,52.124371451393124,45.0,0.11,0.0,0.1,0.0,46.706426031714265,46.706426031714265,46.706426031714265,46.706426031714265,0.0,52.124371451393124,0.02,0.01,0,3,3,2100,90,0,0,0,12.6,21,20
12,117.7,52.418800000003806,-1.5016999999998821,52.020259276676384,45.0,0.11,0.0,0.1,0.0,46.613135552577404,46.613135552577404,46.613135552577404,46.613135552577404,0.0,52.020259276676384,0.02,0.01,0,3,3,2100,90,0,0,0,12.6,21,20
12,117.80000000000001,52.418800000003806,-1.5016999999998821,52.54228363774657,45.0,0.11,0.0,0.1,0.0,47.08089931697722,47.08089931697722,47.08089931697722,47.08089931697722,0.0,52.54228363774657,0.02,0.01,0,3,3,2100,90,0,0,0,12.6,21,20
12,117.9,52.418800000003806,-1.5016999999998821,52.476147487515455,45.0,0.11,0.0,0.1,0.0,47.021637533616,47.021637533616,47.021637533616,47.021637533616,0.0,52.476147487515455,0.02,0.01,0,3,3,2100,90,0,0,0,12.6,21,20
12,118.0,52.418800000003806,-1.5016999999998821,52.215804333286606,45.0,0.11,0.0,0.1,0.0,46.78835513735359,46.78835513735359,46.78835513735359,46.78835513735359,0.0,52.215804333286606,0.02,0.01,0,3,3,2100,90,0,0,0,12.6,21,20
12,118.10000000000001,52.418800000003806,-1.5016999999998821,51.98382635782374,45.0,0.11,0.0,0.1,0.0,46.580489567942415,46.580489567942415,46.580489567942415,46.580489567942415,0.0,51.98382635782374,0.02,0.01,0,3,3,2100,90,0,0,0,12.6,21,20
12,118.2,52.418800000003806,-1.5016999999998821,52.27960339491228,45.0,0.11,0.0,0.1,0.0,46.84552275529774,46.84552275529774,46.84552275529774,46.84552275529774,0.0,52.27960339491228,0.02,0.01,0,3,3,2100,90,0,0,0,12.6,21,20
12,118.30000000000001,52.418800000003806,-1.5016999999998821,52.353854242051995,45.0,0.11,0.0,0.1,0.0,46.91205577244803,46.91205577244803,46.91205577244803,46.91205577244803,0.0,52.353854242051995,0.02,0.01,0,3,3,2100,90,0,0,0,12.6,21,20
12,118.4,52.418800000003806,-1.5016999999998821,51.98650620947887,45.0,0.11,0.0,0.1,0.0,46.58289086870866,46.58289086870866,46.58289086870866,46.58289086870866,0.0,51.98650620947887,0.02,0.01,0,3,3,2100,90,0,0,0,12.6,21,20
12,118.5,52.418800000003806,-1.5016999999998821,51.92102349260728,45.0,0.11,0.0,0.1,0.0,46.524214599110465,46.524214599110465,46.524214599110465,46.524214599110465,0.0,51.92102349260728,0.02,0.01,0,3,3,2100,90,0,0,0,12.6,21,20
12,118.60000000000001,52.418800000003806,-1.5016999999998821,52.458089179223435,45.0,0.11,0.0,0.1,0.0,47.00545625378444,47.00545625378444,47.00545625378444,47.00545625378444,0.0,52.458089179223435,0.02,0.01,0,3,3,2100,90,0,0,0,12.6,21,20
12,118.7,52.418800000003806,-1.5016999999998821,52.1323628589873,45.0,0.11,0.0,0.1,0.0,46.71358679120726,46.71358679120726,46.71358679120726,46.71358679120726,0.0,52.1323628589873,0.02,0.01,0,3,3,2100,90,0,0,0,12.6,21,20
12,118.80000000000001,52.418800000003806,-1.5016999999998821,52.2512844856329,45.0,0.11,0.0,0.1,0.0,46.820147388559946,46.820147388559946,46.820147388559946,46.820147388559946,0.0,52.2512844856329,0.02,0.01,0,3,3,2100,90,0,0,0,12.6,21,20
12,118.9,52.418800000003806,-1.5016999999998821,52.21760800996505,45.0,0.11,0.0,0.1,0.0,46.78997133509412,46.78997133509412,46.78997133509412,46.78997133509412,0.0,52.21760800996505,0.02,0.01,0,3,3,2100,90,0,0,0,12.6,21,20
12,119.0,52.418800000003806,-1.5016999999998821,52.26773427843245,45.0,0.11,0.0,0.1,0.0,46.83488734626563,46.83488734626563,46.83488734626563,46.83488734626563,0.0,52.26773427843245,0.02,0.01,0,3,3,2100,90,0,0,0,12.6,21,20
12,119.10000000000001,52.418800000003806,-1.5016999999998821,51.72673785130638,45.0,0.11,0.0,0.1,0.0,46.350123522675965,46.350123522675965,46.350123522675965,46.350123522675965,0.0,51.72673785130638,0.02,0.01,0,3,3,2100,90,0,0,0,12.6,21,20
12,119.2,52.418800000003806,-1.5016999999998821,52.361070617547284,45.0,0.11,0.0,0.1,0.0,46.918522058734126,46.918522058734126,46.918522058734126,46.918522058734126,0.0,52.361070617547284,0.02,0.01,0,3,3,2100,90,0,0,0,12.6,21,20
12,119.30000000000001,52.418800000003806,-1.5016999999998821,52.68892663604606,45.0,0.11,0.0,0.1,0.0,47.21229985308787,47.21229985308787,47.21229985308787,47.21229985308787,0.0,52.68892663604606,0.02,0.01,0,3,3,2100,90,0,0,0,12.6,21,20
12,119.4,52.418800000003806,-1.5016999999998821,52.29211244704541,45.0,0.11,0.0,0.1,0.0,46.85673158337402,46.85673158337402,46.85673158337402,46.85673158337402,0.0,52.29211244704541,0.02,0.01,0,3,3,2100,90,0,0,0,12.6,21,20
12,119.5,52.418800000003806,-1.5016999999998821,52.04856741837143,45.0,0.11,0.0,0.1,0.0,46.638501270942136,46.638501270942136,46.638501270942136,46.638501270942136,0.0,52.04856741837143,0.02,0.01,0,3,3,2100,90,0,0,0,12.6,21,20
12,119.60000000000001,52.418800000003806,-1.5016999999998821,52.05617265719831,45.0,0.11,0.0,0.1,0.0,46.64531600107375,46.64531600107375,46.64531600107375,46.64531600107375,0.0,52.05617265719831,0.02,0.01,0,3,3,2100,90,0,0,0,12.6,21,20
12,119.7,52.418800000003806,-1.5016999999998821,52.34755320281612,45.0,0.11,0.0,0.1,0.0,46.90640967994276,46.90640967994276,46.90640967994276,46.90640967994276,0.0,52.34755320281612,0.02,0.01,0,3,3,2100,90,0,0,0,12.6,21,20
12,119.80000000000001,52.418800000003806,-1.5016999999998821,52.21971201363076,45.0,0.11,0.0,0.1,0.0,46.791856643038315,46.791856643038315,46.791856643038315,46.791856643038315,0.0,52.21971201363076,0.02,0.01,0,3,3,2100,90,0,0,0,12.6,21,20
12,119.9,52.418800000003806,-1.5016999999998821,51.866426858755254,45.0,0.11,0.0,0.1,0.0,46.475292884189294,46.475292884189294,46.475292884189294,46.475292884189294,0.0,51.866426858755254,0.02,0.01,0,3,3,2100,90,0,0,0,12.6,21,20
